# MagicaVoxel @ Ephtracy

# group
o 

# material
mtllib Character_Drone_New_New.mtl
usemtl palette

# normals
vn -1 0 0
vn 1 0 0
vn 0 0 1
vn 0 0 -1
vn 0 -1 0
vn 0 1 0

# texcoords
vt 0.849609 0.5
vt 0.853516 0.5
vt 0.880859 0.5
vt 0.884766 0.5
vt 0.912109 0.5
vt 0.916016 0.5
vt 0.943359 0.5
vt 0.947266 0.5
vt 0.974609 0.5
vt 0.978516 0.5
vt 0.982422 0.5
vt 0.986328 0.5

# verts
v -1.7 -0.1 1.7
v -1.7 -0.1 1.6
v -1.7 -0.1 1.5
v -1.7 0.1 1.6
v -1.7 0.1 1.5
v -1.7 0.1 1.3
v -1.7 0.2 1.7
v -1.7 0.2 1.6
v -1.7 0.2 1.5
v -1.7 0.2 1.4
v -1.7 0.3 1.6
v -1.7 0.3 1.5
v -1.7 0.3 1.4
v -1.7 0.3 1.3
v -1.7 0.3 1.1
v -1.7 0.4 1.5
v -1.7 0.4 1.4
v -1.7 0.4 1.3
v -1.7 0.4 1.1
v -1.7 0.6 1.5
v -1.7 0.6 1.4
v -1.7 0.6 1.3
v -1.7 0.6 1.1
v -1.7 0.7 1.6
v -1.7 0.7 1.5
v -1.7 0.7 1.4
v -1.7 0.7 1.3
v -1.7 0.7 1.1
v -1.7 0.8 1.7
v -1.7 0.8 1.6
v -1.7 0.8 1.5
v -1.7 0.8 1.4
v -1.7 0.9 1.6
v -1.7 0.9 1.5
v -1.7 0.9 1.3
v -1.7 1.1 1.7
v -1.7 1.1 1.6
v -1.7 1.1 1.5
v -1.5 -0.1 1.5
v -1.5 -0.1 1.3
v -1.5 0.1 1.5
v -1.5 0.1 1.3
v -1.5 0.1 0.0999999
v -1.5 0.2 0.0999999
v -1.5 0.2 -1.19209e-07
v -1.5 0.3 1.3
v -1.5 0.3 1.1
v -1.5 0.3 -1.19209e-07
v -1.5 0.3 -0.1
v -1.5 0.6 -1.19209e-07
v -1.5 0.6 -0.1
v -1.5 0.7 1.3
v -1.5 0.7 1.1
v -1.5 0.7 -1.19209e-07
v -1.5 0.7 -0.1
v -1.5 0.8 1.3
v -1.5 0.8 1.2
v -1.5 0.8 1
v -1.5 0.8 0.9
v -1.5 0.8 0.8
v -1.5 0.8 0.7
v -1.5 0.8 0.6
v -1.5 0.8 0.5
v -1.5 0.8 0.4
v -1.5 0.8 0.3
v -1.5 0.8 0.2
v -1.5 0.8 0.0999999
v -1.5 0.8 -1.19209e-07
v -1.5 0.9 1.5
v -1.5 0.9 1.3
v -1.5 0.9 1.2
v -1.5 0.9 1
v -1.5 0.9 0.9
v -1.5 0.9 0.8
v -1.5 0.9 0.7
v -1.5 0.9 0.6
v -1.5 0.9 0.5
v -1.5 0.9 0.4
v -1.5 0.9 0.3
v -1.5 0.9 0.2
v -1.5 0.9 0.0999999
v -1.5 1.1 1.5
v -1.5 1.1 1.3
v -1.4 0.1 0.0999999
v -1.4 0.1 -1.19209e-07
v -1.4 0.2 0.0999999
v -1.4 0.2 -1.19209e-07
v -1.4 0.2 -0.1
v -1.4 0.3 -1.19209e-07
v -1.4 0.3 -0.1
v -1.4 0.3 -0.2
v -1.4 0.6 -0.1
v -1.4 0.7 -1.19209e-07
v -1.4 0.7 -0.1
v -1.4 0.7 -0.2
v -1.4 0.8 0.0999999
v -1.4 0.8 -1.19209e-07
v -1.4 0.8 -0.1
v -1.4 0.9 0.0999999
v -1.4 0.9 -1.19209e-07
v -1.3 0.1 -1.19209e-07
v -1.3 0.1 -0.1
v -1.3 0.2 -1.19209e-07
v -1.3 0.2 -0.1
v -1.3 0.2 -0.2
v -1.3 0.3 -0.1
v -1.3 0.3 -0.2
v -1.3 0.7 -0.1
v -1.3 0.7 -0.2
v -1.3 0.8 -1.19209e-07
v -1.3 0.8 -0.1
v -1.3 0.8 -0.2
v -1.3 0.9 1.3
v -1.3 0.9 1.2
v -1.3 0.9 1.1
v -1.3 0.9 0.3
v -1.3 0.9 0.0999999
v -1.3 0.9 -1.19209e-07
v -1.3 0.9 -0.1
v -1.3 1 1.3
v -1.3 1 1.2
v -1.3 1.1 1.3
v -1.3 1.1 1.1
v -1.3 1.1 0.0999999
v -1.3 1.1 -1.19209e-07
v -1.3 1.2 -1.19209e-07
v -1.3 1.2 -0.1
v -1.3 1.3 0.3
v -1.3 1.3 0.0999999
v -1.3 1.3 -0.1
v -1.3 1.3 -0.2
v -1.3 1.4 0.0999999
v -1.3 1.4 -1.19209e-07
v -1.3 1.4 -0.2
v -1.3 1.5 -1.19209e-07
v -1.3 1.5 -0.2
v -1.1 0.3 1.6
v -1.1 0.3 1.5
v -1.1 0.7 1.6
v -1.1 0.7 1.5
v -1 2 -0.6
v -1 2 -0.8
v -1 2.2 -0.6
v -1 2.2 -0.8
v -0.9 0.1 1.7
v -0.9 0.1 1.6
v -0.9 0.9 1.7
v -0.9 0.9 1.6
v -0.9 1.9 -0.6
v -0.9 1.9 -0.8
v -0.9 2 -0.5
v -0.9 2 -0.6
v -0.9 2 -0.8
v -0.9 2 -0.9
v -0.9 2.2 -0.5
v -0.9 2.2 -0.6
v -0.9 2.2 -0.8
v -0.9 2.2 -0.9
v -0.9 2.3 -0.6
v -0.9 2.3 -0.8
v -0.8 1.8 -0.5
v -0.8 1.8 -0.9
v -0.8 1.9 -0.4
v -0.8 1.9 -0.5
v -0.8 1.9 -0.6
v -0.8 1.9 -0.8
v -0.8 1.9 -0.9
v -0.8 1.9 -1
v -0.8 2 -0.5
v -0.8 2 -0.6
v -0.8 2 -0.8
v -0.8 2 -0.9
v -0.8 2.2 -0.5
v -0.8 2.2 -0.6
v -0.8 2.2 -0.8
v -0.8 2.2 -0.9
v -0.8 2.3 -0.4
v -0.8 2.3 -0.5
v -0.8 2.3 -0.6
v -0.8 2.3 -0.8
v -0.8 2.3 -0.9
v -0.8 2.3 -1
v -0.8 2.4 -0.5
v -0.8 2.4 -0.9
v -0.7 1.8 -0.4
v -0.7 1.8 -0.5
v -0.7 1.8 -0.9
v -0.7 1.8 -1
v -0.7 1.9 -0.4
v -0.7 1.9 -0.5
v -0.7 1.9 -0.9
v -0.7 1.9 -1
v -0.7 2.3 -0.4
v -0.7 2.3 -0.5
v -0.7 2.3 -0.9
v -0.7 2.3 -1
v -0.7 2.4 -0.4
v -0.7 2.4 -0.5
v -0.7 2.4 -0.9
v -0.7 2.4 -1
v -0.6 1.4 0.2
v -0.6 1.4 -1
v -0.6 1.5 0.3
v -0.6 1.5 0.2
v -0.6 1.5 -1
v -0.6 1.5 -1.1
v -0.6 1.6 0.4
v -0.6 1.6 0.3
v -0.6 1.6 -1.1
v -0.6 1.6 -1.2
v -0.6 1.7 -1.2
v -0.6 1.7 -1.3
v -0.6 1.8 -0.4
v -0.6 1.8 -1
v -0.6 1.8 -1.2
v -0.6 1.8 -1.3
v -0.6 2.1 -1.2
v -0.6 2.1 -1.3
v -0.6 2.2 -1.2
v -0.6 2.2 -1.3
v -0.6 2.4 -0.4
v -0.6 2.4 -1
v -0.6 2.4 -1.2
v -0.6 2.4 -1.3
v -0.6 2.5 -1.1
v -0.6 2.5 -1.2
v -0.6 2.5 -1.3
v -0.6 2.6 0.4
v -0.6 2.6 0.3
v -0.6 2.6 -1
v -0.6 2.6 -1.1
v -0.6 2.6 -1.2
v -0.6 2.7 0.3
v -0.6 2.7 0.2
v -0.6 2.7 -0.2
v -0.6 2.7 -0.3
v -0.6 2.7 -0.8
v -0.6 2.7 -0.9
v -0.6 2.7 -1
v -0.6 2.7 -1.1
v -0.6 2.8 0.2
v -0.6 2.8 -0.2
v -0.6 2.8 -0.3
v -0.6 2.8 -0.8
v -0.6 2.8 -0.9
v -0.6 2.8 -1
v -0.5 1.4 0.3
v -0.5 1.4 0.2
v -0.5 1.4 -1
v -0.5 1.4 -1.1
v -0.5 1.5 0.4
v -0.5 1.5 0.3
v -0.5 1.5 0.2
v -0.5 1.5 -1
v -0.5 1.5 -1.1
v -0.5 1.5 -1.2
v -0.5 1.6 0.4
v -0.5 1.6 0.3
v -0.5 1.6 -1.1
v -0.5 1.6 -1.2
v -0.5 1.6 -1.3
v -0.5 1.7 -1.2
v -0.5 1.7 -1.3
v -0.5 1.8 -1.3
v -0.5 1.8 -1.4
v -0.5 2.1 -1.3
v -0.5 2.2 -1.3
v -0.5 2.4 -1.3
v -0.5 2.4 -1.4
v -0.5 2.5 -1.2
v -0.5 2.5 -1.3
v -0.5 2.6 0.4
v -0.5 2.6 0.3
v -0.5 2.6 -1.1
v -0.5 2.6 -1.2
v -0.5 2.6 -1.3
v -0.5 2.7 0.4
v -0.5 2.7 0.3
v -0.5 2.7 0.2
v -0.5 2.7 -1
v -0.5 2.7 -1.1
v -0.5 2.7 -1.2
v -0.5 2.8 0.3
v -0.5 2.8 0.2
v -0.5 2.8 -1
v -0.5 2.8 -1.1
v -0.4 1.4 0.4
v -0.4 1.4 0.3
v -0.4 1.4 -1.1
v -0.4 1.4 -1.2
v -0.4 1.5 0.4
v -0.4 1.5 0.3
v -0.4 1.5 -1.1
v -0.4 1.5 -1.2
v -0.4 1.5 -1.3
v -0.4 1.6 0.6
v -0.4 1.6 0.4
v -0.4 1.6 -1.2
v -0.4 1.6 -1.3
v -0.4 1.7 -1.3
v -0.4 1.7 -1.4
v -0.4 1.8 -1.3
v -0.4 1.8 -1.4
v -0.4 2.4 -1.3
v -0.4 2.4 -1.4
v -0.4 2.5 -1.3
v -0.4 2.5 -1.4
v -0.4 2.6 0.6
v -0.4 2.6 0.4
v -0.4 2.6 -1.2
v -0.4 2.6 -1.3
v -0.4 2.7 0.4
v -0.4 2.7 0.3
v -0.4 2.7 -1.1
v -0.4 2.7 -1.2
v -0.4 2.7 -1.3
v -0.4 2.8 0.4
v -0.4 2.8 0.3
v -0.4 2.8 -1.1
v -0.4 2.8 -1.2
v -0.3 1.4 -1.2
v -0.3 1.4 -1.3
v -0.3 1.5 -1.2
v -0.3 1.5 -1.3
v -0.3 1.6 -1.3
v -0.3 1.6 -1.4
v -0.3 1.7 -1.3
v -0.3 1.7 -1.4
v -0.3 2.5 -1.3
v -0.3 2.5 -1.4
v -0.3 2.6 -1.3
v -0.3 2.6 -1.4
v -0.3 2.7 -1.2
v -0.3 2.7 -1.3
v -0.3 2.8 -1.2
v -0.3 2.8 -1.3
v -0.2 1.5 -1.3
v -0.2 1.5 -1.4
v -0.2 1.6 -1.3
v -0.2 1.6 -1.4
v -0.2 2.6 -1.3
v -0.2 2.6 -1.4
v -0.2 2.7 -1.3
v -0.2 2.7 -1.4
v 0.2 1.8 0.6
v 0.2 1.8 0.4
v 0.2 2.4 0.6
v 0.2 2.4 0.4
v 0.7 -0.1 1.7
v 0.7 -0.1 1.6
v 0.7 -0.1 1.5
v 0.7 0.1 1.6
v 0.7 0.1 1.5
v 0.7 0.1 1.3
v 0.7 0.2 1.7
v 0.7 0.2 1.6
v 0.7 0.2 1.5
v 0.7 0.2 1.4
v 0.7 0.3 1.6
v 0.7 0.3 1.5
v 0.7 0.3 1.4
v 0.7 0.3 1.3
v 0.7 0.3 1.1
v 0.7 0.4 1.5
v 0.7 0.4 1.4
v 0.7 0.4 1.3
v 0.7 0.4 1.1
v 0.7 0.6 1.5
v 0.7 0.6 1.4
v 0.7 0.6 1.3
v 0.7 0.6 1.1
v 0.7 0.7 1.6
v 0.7 0.7 1.5
v 0.7 0.7 1.4
v 0.7 0.7 1.3
v 0.7 0.7 1.1
v 0.7 0.8 1.7
v 0.7 0.8 1.6
v 0.7 0.8 1.5
v 0.7 0.8 1.4
v 0.7 0.9 1.6
v 0.7 0.9 1.5
v 0.7 0.9 1.3
v 0.7 1.1 1.7
v 0.7 1.1 1.6
v 0.7 1.1 1.5
v 0.9 -0.1 1.5
v 0.9 -0.1 1.3
v 0.9 0.1 1.5
v 0.9 0.1 1.3
v 0.9 0.1 0.0999999
v 0.9 0.2 0.0999999
v 0.9 0.2 -1.19209e-07
v 0.9 0.3 1.3
v 0.9 0.3 1.1
v 0.9 0.3 -1.19209e-07
v 0.9 0.3 -0.1
v 0.9 0.7 1.3
v 0.9 0.7 1.1
v 0.9 0.7 0.0999999
v 0.9 0.7 -1.19209e-07
v 0.9 0.7 -0.1
v 0.9 0.8 1.1
v 0.9 0.8 1
v 0.9 0.8 0.7
v 0.9 0.8 0.6
v 0.9 0.8 0.4
v 0.9 0.8 0.3
v 0.9 0.8 0.0999999
v 0.9 0.8 -1.19209e-07
v 0.9 0.9 1.5
v 0.9 0.9 1.3
v 0.9 0.9 1.1
v 0.9 0.9 1
v 0.9 0.9 0.7
v 0.9 0.9 0.6
v 0.9 0.9 0.4
v 0.9 0.9 0.3
v 0.9 0.9 0.0999999
v 0.9 1.1 1.5
v 0.9 1.1 1.3
v 0.9 1.1 0.3
v 0.9 1.1 0.0999999
v 0.9 1.3 0.3
v 0.9 1.3 0.0999999
v 1 0.1 0.0999999
v 1 0.1 -1.19209e-07
v 1 0.2 0.0999999
v 1 0.2 -1.19209e-07
v 1 0.2 -0.1
v 1 0.3 -1.19209e-07
v 1 0.3 -0.1
v 1 0.3 -0.2
v 1 0.7 -1.19209e-07
v 1 0.7 -0.1
v 1 0.7 -0.2
v 1 0.8 0.0999999
v 1 0.8 -1.19209e-07
v 1 0.8 -0.1
v 1 0.9 0.0999999
v 1 0.9 -1.19209e-07
v 1.1 0.1 -1.19209e-07
v 1.1 0.1 -0.1
v 1.1 0.2 -1.19209e-07
v 1.1 0.2 -0.1
v 1.1 0.2 -0.2
v 1.1 0.3 -0.1
v 1.1 0.3 -0.2
v 1.1 0.7 -0.1
v 1.1 0.7 -0.2
v 1.1 0.8 -1.19209e-07
v 1.1 0.8 -0.1
v 1.1 0.8 -0.2
v 1.1 0.9 1.3
v 1.1 0.9 1.2
v 1.1 0.9 1.1
v 1.1 0.9 0.3
v 1.1 0.9 0.0999999
v 1.1 0.9 -1.19209e-07
v 1.1 0.9 -0.1
v 1.1 1 1.3
v 1.1 1 1.2
v 1.1 1.1 1.3
v 1.1 1.1 1.1
v 1.1 1.1 0.3
v 1.1 1.1 0.0999999
v 1.1 1.1 -1.19209e-07
v 1.1 1.2 -1.19209e-07
v 1.1 1.2 -0.1
v 1.1 1.3 0.0999999
v 1.1 1.3 -0.1
v 1.1 1.3 -0.2
v 1.1 1.4 0.0999999
v 1.1 1.4 -1.19209e-07
v 1.1 1.4 -0.2
v 1.1 1.5 -1.19209e-07
v 1.1 1.5 -0.2
v 1.3 0.3 1.6
v 1.3 0.3 1.5
v 1.3 0.7 1.6
v 1.3 0.7 1.5
v 1.5 0.1 1.7
v 1.5 0.1 1.6
v 1.5 0.9 1.7
v 1.5 0.9 1.6
v -1.5 0.1 1.7
v -1.5 0.1 1.6
v -1.5 0.9 1.7
v -1.5 0.9 1.6
v -1.3 0.3 1.6
v -1.3 0.3 1.5
v -1.3 0.7 1.6
v -1.3 0.7 1.5
v -1.1 0.1 -1.19209e-07
v -1.1 0.1 -0.1
v -1.1 0.2 -1.19209e-07
v -1.1 0.2 -0.1
v -1.1 0.2 -0.2
v -1.1 0.3 -0.1
v -1.1 0.3 -0.2
v -1.1 0.7 -0.1
v -1.1 0.7 -0.2
v -1.1 0.8 -1.19209e-07
v -1.1 0.8 -0.1
v -1.1 0.8 -0.2
v -1.1 0.9 1.3
v -1.1 0.9 1.2
v -1.1 0.9 1.1
v -1.1 0.9 0.3
v -1.1 0.9 0.0999999
v -1.1 0.9 -1.19209e-07
v -1.1 0.9 -0.1
v -1.1 1 1.3
v -1.1 1 1.2
v -1.1 1.1 1.3
v -1.1 1.1 1.1
v -1.1 1.1 0.3
v -1.1 1.1 0.0999999
v -1.1 1.1 -1.19209e-07
v -1.1 1.2 -1.19209e-07
v -1.1 1.2 -0.1
v -1.1 1.3 0.0999999
v -1.1 1.3 -0.1
v -1.1 1.3 -0.2
v -1.1 1.4 0.0999999
v -1.1 1.4 -1.19209e-07
v -1.1 1.4 -0.2
v -1.1 1.5 -1.19209e-07
v -1.1 1.5 -0.2
v -1 0.1 0.0999999
v -1 0.1 -1.19209e-07
v -1 0.2 0.0999999
v -1 0.2 -1.19209e-07
v -1 0.2 -0.1
v -1 0.3 -1.19209e-07
v -1 0.3 -0.1
v -1 0.3 -0.2
v -1 0.6 -0.1
v -1 0.7 -1.19209e-07
v -1 0.7 -0.1
v -1 0.7 -0.2
v -1 0.8 0.0999999
v -1 0.8 -1.19209e-07
v -1 0.8 -0.1
v -1 0.9 0.0999999
v -1 0.9 -1.19209e-07
v -0.9 -0.1 1.5
v -0.9 -0.1 1.3
v -0.9 0.1 1.5
v -0.9 0.1 1.3
v -0.9 0.1 0.0999999
v -0.9 0.2 0.0999999
v -0.9 0.2 -1.19209e-07
v -0.9 0.3 1.3
v -0.9 0.3 1.1
v -0.9 0.3 -1.19209e-07
v -0.9 0.3 -0.1
v -0.9 0.6 -1.19209e-07
v -0.9 0.6 -0.1
v -0.9 0.7 1.3
v -0.9 0.7 1.1
v -0.9 0.7 -1.19209e-07
v -0.9 0.7 -0.1
v -0.9 0.8 1.2
v -0.9 0.8 1.1
v -0.9 0.8 1
v -0.9 0.8 0.7
v -0.9 0.8 0.6
v -0.9 0.8 0.5
v -0.9 0.8 0.4
v -0.9 0.8 0.0999999
v -0.9 0.8 -1.19209e-07
v -0.9 0.9 1.5
v -0.9 0.9 1.3
v -0.9 0.9 1.2
v -0.9 0.9 1.1
v -0.9 0.9 1
v -0.9 0.9 0.7
v -0.9 0.9 0.6
v -0.9 0.9 0.5
v -0.9 0.9 0.4
v -0.9 0.9 0.0999999
v -0.9 1.1 1.5
v -0.9 1.1 1.3
v -0.9 1.1 0.3
v -0.9 1.1 0.0999999
v -0.9 1.3 0.3
v -0.9 1.3 0.0999999
v -0.7 -0.1 1.7
v -0.7 -0.1 1.6
v -0.7 -0.1 1.5
v -0.7 0.1 1.6
v -0.7 0.1 1.5
v -0.7 0.1 1.3
v -0.7 0.2 1.7
v -0.7 0.2 1.6
v -0.7 0.2 1.5
v -0.7 0.2 1.4
v -0.7 0.3 1.6
v -0.7 0.3 1.5
v -0.7 0.3 1.4
v -0.7 0.3 1.3
v -0.7 0.3 1.1
v -0.7 0.4 1.5
v -0.7 0.4 1.4
v -0.7 0.4 1.3
v -0.7 0.4 1.1
v -0.7 0.6 1.5
v -0.7 0.6 1.4
v -0.7 0.6 1.3
v -0.7 0.6 1.1
v -0.7 0.7 1.6
v -0.7 0.7 1.5
v -0.7 0.7 1.4
v -0.7 0.7 1.3
v -0.7 0.7 1.1
v -0.7 0.8 1.7
v -0.7 0.8 1.6
v -0.7 0.8 1.5
v -0.7 0.8 1.4
v -0.7 0.9 1.6
v -0.7 0.9 1.5
v -0.7 0.9 1.3
v -0.7 1.1 1.7
v -0.7 1.1 1.6
v -0.7 1.1 1.5
v -0.2 1.8 0.6
v -0.2 1.8 0.4
v -0.2 2.4 0.6
v -0.2 2.4 0.4
v 0.2 1.5 -1.3
v 0.2 1.5 -1.4
v 0.2 1.6 -1.3
v 0.2 1.6 -1.4
v 0.2 2.6 -1.3
v 0.2 2.6 -1.4
v 0.2 2.7 -1.3
v 0.2 2.7 -1.4
v 0.3 1.4 -1.2
v 0.3 1.4 -1.3
v 0.3 1.5 -1.2
v 0.3 1.5 -1.3
v 0.3 1.6 -1.3
v 0.3 1.6 -1.4
v 0.3 1.7 -1.3
v 0.3 1.7 -1.4
v 0.3 2.5 -1.3
v 0.3 2.5 -1.4
v 0.3 2.6 -1.3
v 0.3 2.6 -1.4
v 0.3 2.7 -1.2
v 0.3 2.7 -1.3
v 0.3 2.8 -1.2
v 0.3 2.8 -1.3
v 0.4 1.4 0.4
v 0.4 1.4 0.3
v 0.4 1.4 -1.1
v 0.4 1.4 -1.2
v 0.4 1.5 0.4
v 0.4 1.5 0.3
v 0.4 1.5 -1.1
v 0.4 1.5 -1.2
v 0.4 1.5 -1.3
v 0.4 1.6 0.6
v 0.4 1.6 0.4
v 0.4 1.6 -1.2
v 0.4 1.6 -1.3
v 0.4 1.7 -1.3
v 0.4 1.7 -1.4
v 0.4 1.8 -1.3
v 0.4 1.8 -1.4
v 0.4 2.4 -1.3
v 0.4 2.4 -1.4
v 0.4 2.5 -1.3
v 0.4 2.5 -1.4
v 0.4 2.6 0.6
v 0.4 2.6 0.4
v 0.4 2.6 -1.2
v 0.4 2.6 -1.3
v 0.4 2.7 0.4
v 0.4 2.7 0.3
v 0.4 2.7 -1.1
v 0.4 2.7 -1.2
v 0.4 2.7 -1.3
v 0.4 2.8 0.4
v 0.4 2.8 0.3
v 0.4 2.8 -1.1
v 0.4 2.8 -1.2
v 0.5 1.4 0.3
v 0.5 1.4 0.2
v 0.5 1.4 -1
v 0.5 1.4 -1.1
v 0.5 1.5 0.4
v 0.5 1.5 0.3
v 0.5 1.5 0.2
v 0.5 1.5 -1
v 0.5 1.5 -1.1
v 0.5 1.5 -1.2
v 0.5 1.6 0.4
v 0.5 1.6 0.3
v 0.5 1.6 -1.1
v 0.5 1.6 -1.2
v 0.5 1.6 -1.3
v 0.5 1.7 -1.2
v 0.5 1.7 -1.3
v 0.5 1.8 -1.3
v 0.5 1.8 -1.4
v 0.5 1.9 -1.3
v 0.5 2 -1.3
v 0.5 2.1 -1.3
v 0.5 2.2 -1.3
v 0.5 2.4 -1.3
v 0.5 2.4 -1.4
v 0.5 2.5 -1.2
v 0.5 2.5 -1.3
v 0.5 2.6 0.4
v 0.5 2.6 0.3
v 0.5 2.6 -1.1
v 0.5 2.6 -1.2
v 0.5 2.6 -1.3
v 0.5 2.7 0.4
v 0.5 2.7 0.3
v 0.5 2.7 0.2
v 0.5 2.7 -1
v 0.5 2.7 -1.1
v 0.5 2.7 -1.2
v 0.5 2.8 0.3
v 0.5 2.8 0.2
v 0.5 2.8 -1
v 0.5 2.8 -1.1
v 0.6 1.4 0.2
v 0.6 1.4 -0.9
v 0.6 1.4 -1
v 0.6 1.5 0.3
v 0.6 1.5 0.2
v 0.6 1.5 -0.9
v 0.6 1.5 -1
v 0.6 1.5 -1.1
v 0.6 1.6 0.4
v 0.6 1.6 0.3
v 0.6 1.6 -1.1
v 0.6 1.6 -1.2
v 0.6 1.7 -1.2
v 0.6 1.7 -1.3
v 0.6 1.8 -0.4
v 0.6 1.8 -1
v 0.6 1.9 -1.2
v 0.6 1.9 -1.3
v 0.6 2 -1.2
v 0.6 2 -1.3
v 0.6 2.1 -1.2
v 0.6 2.1 -1.3
v 0.6 2.2 -1.2
v 0.6 2.2 -1.3
v 0.6 2.4 -0.4
v 0.6 2.4 -1
v 0.6 2.4 -1.2
v 0.6 2.4 -1.3
v 0.6 2.5 -1.2
v 0.6 2.5 -1.3
v 0.6 2.6 0.4
v 0.6 2.6 0.3
v 0.6 2.6 -1.1
v 0.6 2.6 -1.2
v 0.6 2.7 0.3
v 0.6 2.7 0.2
v 0.6 2.7 -0.1
v 0.6 2.7 -0.2
v 0.6 2.7 -0.3
v 0.6 2.7 -0.8
v 0.6 2.7 -0.9
v 0.6 2.7 -1
v 0.6 2.7 -1.1
v 0.6 2.8 0.2
v 0.6 2.8 -0.1
v 0.6 2.8 -0.2
v 0.6 2.8 -0.3
v 0.6 2.8 -0.8
v 0.6 2.8 -0.9
v 0.6 2.8 -1
v 0.7 1.8 -0.4
v 0.7 1.8 -0.5
v 0.7 1.8 -0.9
v 0.7 1.8 -1
v 0.7 1.9 -0.4
v 0.7 1.9 -0.5
v 0.7 1.9 -0.9
v 0.7 1.9 -1
v 0.7 2.3 -0.4
v 0.7 2.3 -0.5
v 0.7 2.3 -0.9
v 0.7 2.3 -1
v 0.7 2.4 -0.4
v 0.7 2.4 -0.5
v 0.7 2.4 -0.9
v 0.7 2.4 -1
v 0.8 1.8 -0.5
v 0.8 1.8 -0.9
v 0.8 1.9 -0.4
v 0.8 1.9 -0.5
v 0.8 1.9 -0.6
v 0.8 1.9 -0.8
v 0.8 1.9 -0.9
v 0.8 1.9 -1
v 0.8 2 -0.5
v 0.8 2 -0.6
v 0.8 2 -0.8
v 0.8 2 -0.9
v 0.8 2.2 -0.5
v 0.8 2.2 -0.6
v 0.8 2.2 -0.8
v 0.8 2.2 -0.9
v 0.8 2.3 -0.4
v 0.8 2.3 -0.5
v 0.8 2.3 -0.6
v 0.8 2.3 -0.8
v 0.8 2.3 -0.9
v 0.8 2.3 -1
v 0.8 2.4 -0.5
v 0.8 2.4 -0.9
v 0.9 0.1 1.7
v 0.9 0.1 1.6
v 0.9 0.9 1.7
v 0.9 0.9 1.6
v 0.9 1.9 -0.6
v 0.9 1.9 -0.8
v 0.9 2 -0.5
v 0.9 2 -0.6
v 0.9 2 -0.8
v 0.9 2 -0.9
v 0.9 2.2 -0.5
v 0.9 2.2 -0.6
v 0.9 2.2 -0.8
v 0.9 2.2 -0.9
v 0.9 2.3 -0.6
v 0.9 2.3 -0.8
v 1 2 -0.6
v 1 2 -0.8
v 1 2.2 -0.6
v 1 2.2 -0.8
v 1.1 0.3 1.6
v 1.1 0.3 1.5
v 1.1 0.7 1.6
v 1.1 0.7 1.5
v 1.3 0.1 -1.19209e-07
v 1.3 0.1 -0.1
v 1.3 0.2 -1.19209e-07
v 1.3 0.2 -0.1
v 1.3 0.2 -0.2
v 1.3 0.3 -0.1
v 1.3 0.3 -0.2
v 1.3 0.7 -0.1
v 1.3 0.7 -0.2
v 1.3 0.8 -1.19209e-07
v 1.3 0.8 -0.1
v 1.3 0.8 -0.2
v 1.3 0.9 1.3
v 1.3 0.9 1.2
v 1.3 0.9 1.1
v 1.3 0.9 0.3
v 1.3 0.9 0.0999999
v 1.3 0.9 -1.19209e-07
v 1.3 0.9 -0.1
v 1.3 1 1.3
v 1.3 1 1.2
v 1.3 1.1 1.3
v 1.3 1.1 1.1
v 1.3 1.1 0.0999999
v 1.3 1.1 -1.19209e-07
v 1.3 1.2 -1.19209e-07
v 1.3 1.2 -0.1
v 1.3 1.3 0.3
v 1.3 1.3 0.0999999
v 1.3 1.3 -0.1
v 1.3 1.3 -0.2
v 1.3 1.4 0.0999999
v 1.3 1.4 -1.19209e-07
v 1.3 1.4 -0.2
v 1.3 1.5 -1.19209e-07
v 1.3 1.5 -0.2
v 1.4 0.1 0.0999999
v 1.4 0.1 -1.19209e-07
v 1.4 0.2 0.0999999
v 1.4 0.2 -1.19209e-07
v 1.4 0.2 -0.1
v 1.4 0.3 -1.19209e-07
v 1.4 0.3 -0.1
v 1.4 0.3 -0.2
v 1.4 0.7 -1.19209e-07
v 1.4 0.7 -0.1
v 1.4 0.7 -0.2
v 1.4 0.8 0.0999999
v 1.4 0.8 -1.19209e-07
v 1.4 0.8 -0.1
v 1.4 0.9 0.0999999
v 1.4 0.9 -1.19209e-07
v 1.5 -0.1 1.5
v 1.5 -0.1 1.3
v 1.5 0.1 1.5
v 1.5 0.1 1.3
v 1.5 0.1 0.0999999
v 1.5 0.2 0.0999999
v 1.5 0.2 -1.19209e-07
v 1.5 0.3 1.3
v 1.5 0.3 1.1
v 1.5 0.3 -1.19209e-07
v 1.5 0.3 -0.1
v 1.5 0.7 1.3
v 1.5 0.7 1.1
v 1.5 0.7 0.0999999
v 1.5 0.7 -1.19209e-07
v 1.5 0.7 -0.1
v 1.5 0.8 1.3
v 1.5 0.8 1.2
v 1.5 0.8 0.3
v 1.5 0.8 0.2
v 1.5 0.8 0.0999999
v 1.5 0.8 -1.19209e-07
v 1.5 0.9 1.5
v 1.5 0.9 1.3
v 1.5 0.9 1.2
v 1.5 0.9 0.3
v 1.5 0.9 0.2
v 1.5 0.9 0.0999999
v 1.5 1.1 1.5
v 1.5 1.1 1.3
v 1.7 -0.1 1.7
v 1.7 -0.1 1.6
v 1.7 -0.1 1.5
v 1.7 0.1 1.6
v 1.7 0.1 1.5
v 1.7 0.1 1.3
v 1.7 0.2 1.7
v 1.7 0.2 1.6
v 1.7 0.2 1.5
v 1.7 0.2 1.4
v 1.7 0.3 1.6
v 1.7 0.3 1.5
v 1.7 0.3 1.4
v 1.7 0.3 1.3
v 1.7 0.3 1.1
v 1.7 0.4 1.5
v 1.7 0.4 1.4
v 1.7 0.4 1.3
v 1.7 0.4 1.1
v 1.7 0.6 1.5
v 1.7 0.6 1.4
v 1.7 0.6 1.3
v 1.7 0.6 1.1
v 1.7 0.7 1.6
v 1.7 0.7 1.5
v 1.7 0.7 1.4
v 1.7 0.7 1.3
v 1.7 0.7 1.1
v 1.7 0.8 1.7
v 1.7 0.8 1.6
v 1.7 0.8 1.5
v 1.7 0.8 1.4
v 1.7 0.9 1.6
v 1.7 0.9 1.5
v 1.7 0.9 1.3
v 1.7 1.1 1.7
v 1.7 1.1 1.6
v 1.7 1.1 1.5
v -1.7 -0.1 1.7
v -1.7 0.2 1.7
v -1.7 0.8 1.7
v -1.7 1.1 1.7
v -1.6 0 1.7
v -1.6 0.2 1.7
v -1.6 0.8 1.7
v -1.6 1 1.7
v -1.5 0.1 1.7
v -1.5 0.9 1.7
v -1.4 -0.1 1.7
v -1.4 0 1.7
v -1.4 1 1.7
v -1.4 1.1 1.7
v -1 -0.1 1.7
v -1 0 1.7
v -1 1 1.7
v -1 1.1 1.7
v -0.9 0.1 1.7
v -0.9 0.9 1.7
v -0.8 0 1.7
v -0.8 0.2 1.7
v -0.8 0.8 1.7
v -0.8 1 1.7
v -0.7 -0.1 1.7
v -0.7 0.2 1.7
v -0.7 0.8 1.7
v -0.7 1.1 1.7
v 0.7 -0.1 1.7
v 0.7 0.2 1.7
v 0.7 0.8 1.7
v 0.7 1.1 1.7
v 0.8 0 1.7
v 0.8 0.2 1.7
v 0.8 0.8 1.7
v 0.8 1 1.7
v 0.9 0.1 1.7
v 0.9 0.9 1.7
v 1 -0.1 1.7
v 1 0 1.7
v 1 1 1.7
v 1 1.1 1.7
v 1.4 -0.1 1.7
v 1.4 0 1.7
v 1.4 1 1.7
v 1.4 1.1 1.7
v 1.5 0.1 1.7
v 1.5 0.9 1.7
v 1.6 0 1.7
v 1.6 0.2 1.7
v 1.6 0.8 1.7
v 1.6 1 1.7
v 1.7 -0.1 1.7
v 1.7 0.2 1.7
v 1.7 0.8 1.7
v 1.7 1.1 1.7
v -1.5 0.1 1.6
v -1.5 0.9 1.6
v -1.3 0.3 1.6
v -1.3 0.7 1.6
v -1.1 0.3 1.6
v -1.1 0.7 1.6
v -0.9 0.1 1.6
v -0.9 0.9 1.6
v 0.9 0.1 1.6
v 0.9 0.9 1.6
v 1.1 0.3 1.6
v 1.1 0.7 1.6
v 1.3 0.3 1.6
v 1.3 0.7 1.6
v 1.5 0.1 1.6
v 1.5 0.9 1.6
v -1.3 0.3 1.5
v -1.3 0.7 1.5
v -1.1 0.3 1.5
v -1.1 0.7 1.5
v 1.1 0.3 1.5
v 1.1 0.7 1.5
v 1.3 0.3 1.5
v 1.3 0.7 1.5
v -0.4 1.6 0.6
v -0.4 2.6 0.6
v -0.2 1.8 0.6
v -0.2 2.4 0.6
v 0.2 1.8 0.6
v 0.2 2.4 0.6
v 0.4 1.6 0.6
v 0.4 2.6 0.6
v -0.6 1.6 0.4
v -0.6 2.6 0.4
v -0.5 1.5 0.4
v -0.5 1.6 0.4
v -0.5 2.6 0.4
v -0.5 2.7 0.4
v -0.4 1.4 0.4
v -0.4 1.5 0.4
v -0.4 1.6 0.4
v -0.4 2.6 0.4
v -0.4 2.7 0.4
v -0.4 2.8 0.4
v -0.2 1.8 0.4
v -0.2 2.4 0.4
v 0.2 1.8 0.4
v 0.2 2.4 0.4
v 0.2 2.7 0.4
v 0.2 2.8 0.4
v 0.3 2.7 0.4
v 0.3 2.8 0.4
v 0.4 1.4 0.4
v 0.4 1.5 0.4
v 0.4 1.6 0.4
v 0.4 2.6 0.4
v 0.4 2.7 0.4
v 0.4 2.8 0.4
v 0.5 1.5 0.4
v 0.5 1.6 0.4
v 0.5 2.6 0.4
v 0.5 2.7 0.4
v 0.6 1.6 0.4
v 0.6 2.6 0.4
v -1.3 0.9 0.3
v -1.3 1.3 0.3
v -1.1 0.9 0.3
v -1.1 1.1 0.3
v -1 1.1 0.3
v -1 1.3 0.3
v -0.9 1.1 0.3
v -0.9 1.3 0.3
v -0.6 1.5 0.3
v -0.6 1.6 0.3
v -0.6 2.6 0.3
v -0.6 2.7 0.3
v -0.5 1.4 0.3
v -0.5 1.5 0.3
v -0.5 1.6 0.3
v -0.5 2.6 0.3
v -0.5 2.7 0.3
v -0.5 2.8 0.3
v -0.4 1.4 0.3
v -0.4 1.5 0.3
v -0.4 2.7 0.3
v -0.4 2.8 0.3
v 0.4 1.4 0.3
v 0.4 1.5 0.3
v 0.4 2.7 0.3
v 0.4 2.8 0.3
v 0.5 1.4 0.3
v 0.5 1.5 0.3
v 0.5 1.6 0.3
v 0.5 2.6 0.3
v 0.5 2.7 0.3
v 0.5 2.8 0.3
v 0.6 1.5 0.3
v 0.6 1.6 0.3
v 0.6 2.6 0.3
v 0.6 2.7 0.3
v 0.9 1.1 0.3
v 0.9 1.3 0.3
v 1 1.1 0.3
v 1 1.3 0.3
v 1.1 0.9 0.3
v 1.1 1.1 0.3
v 1.2 0.9 0.3
v 1.3 0.9 0.3
v 1.3 1.3 0.3
v -0.6 1.4 0.2
v -0.6 1.5 0.2
v -0.6 2.7 0.2
v -0.6 2.8 0.2
v -0.5 1.4 0.2
v -0.5 1.5 0.2
v -0.5 2.7 0.2
v -0.5 2.8 0.2
v 0.5 1.4 0.2
v 0.5 1.5 0.2
v 0.5 2.7 0.2
v 0.5 2.8 0.2
v 0.6 1.4 0.2
v 0.6 1.5 0.2
v 0.6 2.7 0.2
v 0.6 2.8 0.2
v -1.3 1.3 0.0999999
v -1.3 1.4 0.0999999
v -1.1 1.3 0.0999999
v -1.1 1.4 0.0999999
v 1.1 1.3 0.0999999
v 1.1 1.4 0.0999999
v 1.3 1.3 0.0999999
v 1.3 1.4 0.0999999
v -1.3 1.4 -1.19209e-07
v -1.3 1.5 -1.19209e-07
v -1.1 1.4 -1.19209e-07
v -1.1 1.5 -1.19209e-07
v 1.1 1.4 -1.19209e-07
v 1.1 1.5 -1.19209e-07
v 1.3 1.4 -1.19209e-07
v 1.3 1.5 -1.19209e-07
v -0.8 1.9 -0.4
v -0.8 2.3 -0.4
v -0.7 1.8 -0.4
v -0.7 1.9 -0.4
v -0.7 2.3 -0.4
v -0.7 2.4 -0.4
v -0.6 1.8 -0.4
v -0.6 2.4 -0.4
v 0.6 1.8 -0.4
v 0.6 2.4 -0.4
v 0.7 1.8 -0.4
v 0.7 1.9 -0.4
v 0.7 2.3 -0.4
v 0.7 2.4 -0.4
v 0.8 1.9 -0.4
v 0.8 2.3 -0.4
v -0.9 2 -0.5
v -0.9 2.2 -0.5
v -0.8 1.8 -0.5
v -0.8 1.9 -0.5
v -0.8 2 -0.5
v -0.8 2.2 -0.5
v -0.8 2.3 -0.5
v -0.8 2.4 -0.5
v -0.7 1.8 -0.5
v -0.7 1.9 -0.5
v -0.7 2.3 -0.5
v -0.7 2.4 -0.5
v 0.7 1.8 -0.5
v 0.7 1.9 -0.5
v 0.7 2.3 -0.5
v 0.7 2.4 -0.5
v 0.8 1.8 -0.5
v 0.8 1.9 -0.5
v 0.8 2 -0.5
v 0.8 2.2 -0.5
v 0.8 2.3 -0.5
v 0.8 2.4 -0.5
v 0.9 2 -0.5
v 0.9 2.2 -0.5
v -1 2 -0.6
v -1 2.2 -0.6
v -0.9 1.9 -0.6
v -0.9 2 -0.6
v -0.9 2.2 -0.6
v -0.9 2.3 -0.6
v -0.8 1.9 -0.6
v -0.8 2 -0.6
v -0.8 2.2 -0.6
v -0.8 2.3 -0.6
v 0.8 1.9 -0.6
v 0.8 2 -0.6
v 0.8 2.2 -0.6
v 0.8 2.3 -0.6
v 0.9 1.9 -0.6
v 0.9 2 -0.6
v 0.9 2.2 -0.6
v 0.9 2.3 -0.6
v 1 2 -0.6
v 1 2.2 -0.6
v -1.7 -0.1 1.5
v -1.7 0.1 1.5
v -1.7 0.9 1.5
v -1.7 1.1 1.5
v -1.5 -0.1 1.5
v -1.5 0.1 1.5
v -1.5 0.9 1.5
v -1.5 1.1 1.5
v -0.9 -0.1 1.5
v -0.9 0.1 1.5
v -0.9 0.9 1.5
v -0.9 1.1 1.5
v -0.7 -0.1 1.5
v -0.7 0.1 1.5
v -0.7 0.9 1.5
v -0.7 1.1 1.5
v 0.7 -0.1 1.5
v 0.7 0.1 1.5
v 0.7 0.9 1.5
v 0.7 1.1 1.5
v 0.9 -0.1 1.5
v 0.9 0.1 1.5
v 0.9 0.9 1.5
v 0.9 1.1 1.5
v 1.5 -0.1 1.5
v 1.5 0.1 1.5
v 1.5 0.9 1.5
v 1.5 1.1 1.5
v 1.7 -0.1 1.5
v 1.7 0.1 1.5
v 1.7 0.9 1.5
v 1.7 1.1 1.5
v -1.7 0.1 1.3
v -1.7 0.3 1.3
v -1.7 0.7 1.3
v -1.7 0.9 1.3
v -1.5 -0.1 1.3
v -1.5 0.1 1.3
v -1.5 0.3 1.3
v -1.5 0.7 1.3
v -1.5 0.8 1.3
v -1.5 0.9 1.3
v -1.5 1.1 1.3
v -1.4 0.9 1.3
v -1.3 0.9 1.3
v -1.3 1 1.3
v -1.3 1.1 1.3
v -1.1 0.9 1.3
v -1.1 1 1.3
v -1.1 1.1 1.3
v -0.9 -0.1 1.3
v -0.9 0.1 1.3
v -0.9 0.3 1.3
v -0.9 0.7 1.3
v -0.9 0.9 1.3
v -0.9 1.1 1.3
v -0.7 0.1 1.3
v -0.7 0.3 1.3
v -0.7 0.7 1.3
v -0.7 0.9 1.3
v 0.7 0.1 1.3
v 0.7 0.3 1.3
v 0.7 0.7 1.3
v 0.7 0.9 1.3
v 0.9 -0.1 1.3
v 0.9 0.1 1.3
v 0.9 0.3 1.3
v 0.9 0.7 1.3
v 0.9 0.9 1.3
v 0.9 1.1 1.3
v 1.1 0.9 1.3
v 1.1 1 1.3
v 1.1 1.1 1.3
v 1.3 0.9 1.3
v 1.3 1 1.3
v 1.3 1.1 1.3
v 1.4 0.9 1.3
v 1.5 -0.1 1.3
v 1.5 0.1 1.3
v 1.5 0.3 1.3
v 1.5 0.7 1.3
v 1.5 0.8 1.3
v 1.5 0.9 1.3
v 1.5 1.1 1.3
v 1.7 0.1 1.3
v 1.7 0.3 1.3
v 1.7 0.7 1.3
v 1.7 0.9 1.3
v -1.7 0.3 1.1
v -1.7 0.4 1.1
v -1.7 0.6 1.1
v -1.7 0.7 1.1
v -1.6 0.4 1.1
v -1.6 0.6 1.1
v -1.5 0.3 1.1
v -1.5 0.7 1.1
v -1.3 0.9 1.1
v -1.3 1.1 1.1
v -1.2 0.9 1.1
v -1.1 0.9 1.1
v -1.1 1.1 1.1
v -0.9 0.3 1.1
v -0.9 0.7 1.1
v -0.8 0.4 1.1
v -0.8 0.6 1.1
v -0.7 0.3 1.1
v -0.7 0.4 1.1
v -0.7 0.6 1.1
v -0.7 0.7 1.1
v 0.7 0.3 1.1
v 0.7 0.4 1.1
v 0.7 0.6 1.1
v 0.7 0.7 1.1
v 0.8 0.4 1.1
v 0.8 0.6 1.1
v 0.9 0.3 1.1
v 0.9 0.7 1.1
v 1.1 0.9 1.1
v 1.1 1.1 1.1
v 1.3 0.9 1.1
v 1.3 1.1 1.1
v 1.5 0.3 1.1
v 1.5 0.7 1.1
v 1.6 0.4 1.1
v 1.6 0.6 1.1
v 1.7 0.3 1.1
v 1.7 0.4 1.1
v 1.7 0.6 1.1
v 1.7 0.7 1.1
v -1.5 0.1 0.0999999
v -1.5 0.2 0.0999999
v -1.5 0.8 0.0999999
v -1.5 0.9 0.0999999
v -1.4 0.1 0.0999999
v -1.4 0.2 0.0999999
v -1.4 0.8 0.0999999
v -1.4 0.9 0.0999999
v -1.3 0.9 0.0999999
v -1.3 1.1 0.0999999
v -1.2 0.9 0.0999999
v -1.1 0.9 0.0999999
v -1.1 1.1 0.0999999
v -1.1 1.3 0.0999999
v -1 0.1 0.0999999
v -1 0.2 0.0999999
v -1 0.8 0.0999999
v -1 0.9 0.0999999
v -1 1.1 0.0999999
v -1 1.3 0.0999999
v -0.9 0.1 0.0999999
v -0.9 0.2 0.0999999
v -0.9 0.8 0.0999999
v -0.9 0.9 0.0999999
v -0.9 1.1 0.0999999
v -0.9 1.3 0.0999999
v 0.9 0.1 0.0999999
v 0.9 0.2 0.0999999
v 0.9 0.8 0.0999999
v 0.9 0.9 0.0999999
v 0.9 1.1 0.0999999
v 0.9 1.3 0.0999999
v 1 0.1 0.0999999
v 1 0.2 0.0999999
v 1 0.8 0.0999999
v 1 0.9 0.0999999
v 1 1.1 0.0999999
v 1 1.3 0.0999999
v 1.1 0.9 0.0999999
v 1.1 1.1 0.0999999
v 1.1 1.3 0.0999999
v 1.3 0.9 0.0999999
v 1.3 1.1 0.0999999
v 1.4 0.1 0.0999999
v 1.4 0.2 0.0999999
v 1.4 0.8 0.0999999
v 1.4 0.9 0.0999999
v 1.5 0.1 0.0999999
v 1.5 0.2 0.0999999
v 1.5 0.8 0.0999999
v 1.5 0.9 0.0999999
v -1.5 0.2 -1.19209e-07
v -1.5 0.3 -1.19209e-07
v -1.5 0.7 -1.19209e-07
v -1.5 0.8 -1.19209e-07
v -1.4 0.1 -1.19209e-07
v -1.4 0.2 -1.19209e-07
v -1.4 0.3 -1.19209e-07
v -1.4 0.7 -1.19209e-07
v -1.4 0.8 -1.19209e-07
v -1.4 0.9 -1.19209e-07
v -1.3 0.1 -1.19209e-07
v -1.3 0.2 -1.19209e-07
v -1.3 0.8 -1.19209e-07
v -1.3 0.9 -1.19209e-07
v -1.3 1.1 -1.19209e-07
v -1.3 1.2 -1.19209e-07
v -1.1 0.1 -1.19209e-07
v -1.1 0.2 -1.19209e-07
v -1.1 0.8 -1.19209e-07
v -1.1 0.9 -1.19209e-07
v -1.1 1.1 -1.19209e-07
v -1.1 1.2 -1.19209e-07
v -1 0.1 -1.19209e-07
v -1 0.2 -1.19209e-07
v -1 0.3 -1.19209e-07
v -1 0.7 -1.19209e-07
v -1 0.8 -1.19209e-07
v -1 0.9 -1.19209e-07
v -0.9 0.2 -1.19209e-07
v -0.9 0.3 -1.19209e-07
v -0.9 0.7 -1.19209e-07
v -0.9 0.8 -1.19209e-07
v 0.9 0.2 -1.19209e-07
v 0.9 0.3 -1.19209e-07
v 0.9 0.7 -1.19209e-07
v 0.9 0.8 -1.19209e-07
v 1 0.1 -1.19209e-07
v 1 0.2 -1.19209e-07
v 1 0.3 -1.19209e-07
v 1 0.7 -1.19209e-07
v 1 0.8 -1.19209e-07
v 1 0.9 -1.19209e-07
v 1.1 0.1 -1.19209e-07
v 1.1 0.2 -1.19209e-07
v 1.1 0.8 -1.19209e-07
v 1.1 0.9 -1.19209e-07
v 1.1 1.1 -1.19209e-07
v 1.1 1.2 -1.19209e-07
v 1.3 0.1 -1.19209e-07
v 1.3 0.2 -1.19209e-07
v 1.3 0.8 -1.19209e-07
v 1.3 0.9 -1.19209e-07
v 1.3 1.1 -1.19209e-07
v 1.3 1.2 -1.19209e-07
v 1.4 0.1 -1.19209e-07
v 1.4 0.2 -1.19209e-07
v 1.4 0.3 -1.19209e-07
v 1.4 0.7 -1.19209e-07
v 1.4 0.8 -1.19209e-07
v 1.4 0.9 -1.19209e-07
v 1.5 0.2 -1.19209e-07
v 1.5 0.3 -1.19209e-07
v 1.5 0.7 -1.19209e-07
v 1.5 0.8 -1.19209e-07
v -1.5 0.3 -0.1
v -1.5 0.6 -0.1
v -1.5 0.7 -0.1
v -1.4 0.2 -0.1
v -1.4 0.3 -0.1
v -1.4 0.6 -0.1
v -1.4 0.7 -0.1
v -1.4 0.8 -0.1
v -1.3 0.1 -0.1
v -1.3 0.2 -0.1
v -1.3 0.3 -0.1
v -1.3 0.7 -0.1
v -1.3 0.8 -0.1
v -1.3 0.9 -0.1
v -1.3 1.2 -0.1
v -1.3 1.3 -0.1
v -1.2 0.8 -0.1
v -1.2 0.9 -0.1
v -1.1 0.1 -0.1
v -1.1 0.2 -0.1
v -1.1 0.3 -0.1
v -1.1 0.7 -0.1
v -1.1 0.8 -0.1
v -1.1 0.9 -0.1
v -1.1 1.2 -0.1
v -1.1 1.3 -0.1
v -1 0.2 -0.1
v -1 0.3 -0.1
v -1 0.6 -0.1
v -1 0.7 -0.1
v -1 0.8 -0.1
v -0.9 0.3 -0.1
v -0.9 0.6 -0.1
v -0.9 0.7 -0.1
v 0.9 0.3 -0.1
v 0.9 0.7 -0.1
v 1 0.2 -0.1
v 1 0.3 -0.1
v 1 0.7 -0.1
v 1 0.8 -0.1
v 1.1 0.1 -0.1
v 1.1 0.2 -0.1
v 1.1 0.3 -0.1
v 1.1 0.7 -0.1
v 1.1 0.8 -0.1
v 1.1 0.9 -0.1
v 1.1 1.2 -0.1
v 1.1 1.3 -0.1
v 1.2 0.8 -0.1
v 1.2 0.9 -0.1
v 1.3 0.1 -0.1
v 1.3 0.2 -0.1
v 1.3 0.3 -0.1
v 1.3 0.7 -0.1
v 1.3 0.8 -0.1
v 1.3 0.9 -0.1
v 1.3 1.2 -0.1
v 1.3 1.3 -0.1
v 1.4 0.2 -0.1
v 1.4 0.3 -0.1
v 1.4 0.7 -0.1
v 1.4 0.8 -0.1
v 1.5 0.3 -0.1
v 1.5 0.7 -0.1
v -1.4 0.3 -0.2
v -1.4 0.7 -0.2
v -1.3 0.2 -0.2
v -1.3 0.3 -0.2
v -1.3 0.4 -0.2
v -1.3 0.6 -0.2
v -1.3 0.7 -0.2
v -1.3 0.8 -0.2
v -1.3 1.3 -0.2
v -1.3 1.4 -0.2
v -1.3 1.5 -0.2
v -1.2 0.3 -0.2
v -1.2 0.4 -0.2
v -1.2 0.5 -0.2
v -1.2 0.6 -0.2
v -1.2 0.7 -0.2
v -1.1 0.2 -0.2
v -1.1 0.3 -0.2
v -1.1 0.4 -0.2
v -1.1 0.5 -0.2
v -1.1 0.6 -0.2
v -1.1 0.7 -0.2
v -1.1 0.8 -0.2
v -1.1 1.3 -0.2
v -1.1 1.4 -0.2
v -1.1 1.5 -0.2
v -1 0.3 -0.2
v -1 0.7 -0.2
v 1 0.3 -0.2
v 1 0.7 -0.2
v 1.1 0.2 -0.2
v 1.1 0.3 -0.2
v 1.1 0.4 -0.2
v 1.1 0.5 -0.2
v 1.1 0.6 -0.2
v 1.1 0.7 -0.2
v 1.1 0.8 -0.2
v 1.1 1.3 -0.2
v 1.1 1.4 -0.2
v 1.1 1.5 -0.2
v 1.2 0.3 -0.2
v 1.2 0.4 -0.2
v 1.2 0.5 -0.2
v 1.2 0.6 -0.2
v 1.2 0.7 -0.2
v 1.3 0.2 -0.2
v 1.3 0.3 -0.2
v 1.3 0.4 -0.2
v 1.3 0.5 -0.2
v 1.3 0.6 -0.2
v 1.3 0.7 -0.2
v 1.3 0.8 -0.2
v 1.3 1.3 -0.2
v 1.3 1.4 -0.2
v 1.3 1.5 -0.2
v 1.4 0.3 -0.2
v 1.4 0.7 -0.2
v -1 2 -0.8
v -1 2.2 -0.8
v -0.9 1.9 -0.8
v -0.9 2 -0.8
v -0.9 2.2 -0.8
v -0.9 2.3 -0.8
v -0.8 1.9 -0.8
v -0.8 2 -0.8
v -0.8 2.2 -0.8
v -0.8 2.3 -0.8
v 0.8 1.9 -0.8
v 0.8 2 -0.8
v 0.8 2.2 -0.8
v 0.8 2.3 -0.8
v 0.9 1.9 -0.8
v 0.9 2 -0.8
v 0.9 2.2 -0.8
v 0.9 2.3 -0.8
v 1 2 -0.8
v 1 2.2 -0.8
v -0.9 2 -0.9
v -0.9 2.2 -0.9
v -0.8 1.8 -0.9
v -0.8 1.9 -0.9
v -0.8 2 -0.9
v -0.8 2.2 -0.9
v -0.8 2.3 -0.9
v -0.8 2.4 -0.9
v -0.7 1.8 -0.9
v -0.7 1.9 -0.9
v -0.7 2.3 -0.9
v -0.7 2.4 -0.9
v 0.7 1.8 -0.9
v 0.7 1.9 -0.9
v 0.7 2.3 -0.9
v 0.7 2.4 -0.9
v 0.8 1.8 -0.9
v 0.8 1.9 -0.9
v 0.8 2 -0.9
v 0.8 2.2 -0.9
v 0.8 2.3 -0.9
v 0.8 2.4 -0.9
v 0.9 2 -0.9
v 0.9 2.2 -0.9
v -0.8 1.9 -1
v -0.8 2.3 -1
v -0.7 1.8 -1
v -0.7 1.9 -1
v -0.7 2.3 -1
v -0.7 2.4 -1
v -0.6 1.4 -1
v -0.6 1.5 -1
v -0.6 1.8 -1
v -0.6 2.4 -1
v -0.6 2.7 -1
v -0.6 2.8 -1
v -0.5 1.4 -1
v -0.5 1.5 -1
v -0.5 2.7 -1
v -0.5 2.8 -1
v 0.5 1.4 -1
v 0.5 1.5 -1
v 0.5 2.7 -1
v 0.5 2.8 -1
v 0.6 1.4 -1
v 0.6 1.5 -1
v 0.6 1.8 -1
v 0.6 2.4 -1
v 0.6 2.7 -1
v 0.6 2.8 -1
v 0.7 1.8 -1
v 0.7 1.9 -1
v 0.7 2.3 -1
v 0.7 2.4 -1
v 0.8 1.9 -1
v 0.8 2.3 -1
v -0.6 1.5 -1.1
v -0.6 1.6 -1.1
v -0.6 2.6 -1.1
v -0.6 2.7 -1.1
v -0.5 1.4 -1.1
v -0.5 1.5 -1.1
v -0.5 1.6 -1.1
v -0.5 2.6 -1.1
v -0.5 2.7 -1.1
v -0.5 2.8 -1.1
v -0.4 1.4 -1.1
v -0.4 1.5 -1.1
v -0.4 2.7 -1.1
v -0.4 2.8 -1.1
v 0.4 1.4 -1.1
v 0.4 1.5 -1.1
v 0.4 2.7 -1.1
v 0.4 2.8 -1.1
v 0.5 1.4 -1.1
v 0.5 1.5 -1.1
v 0.5 1.6 -1.1
v 0.5 2.6 -1.1
v 0.5 2.7 -1.1
v 0.5 2.8 -1.1
v 0.6 1.5 -1.1
v 0.6 1.6 -1.1
v 0.6 2.6 -1.1
v 0.6 2.7 -1.1
v -0.6 1.6 -1.2
v -0.6 1.7 -1.2
v -0.6 2.5 -1.2
v -0.6 2.6 -1.2
v -0.5 1.5 -1.2
v -0.5 1.6 -1.2
v -0.5 1.7 -1.2
v -0.5 2.5 -1.2
v -0.5 2.6 -1.2
v -0.5 2.7 -1.2
v -0.4 1.4 -1.2
v -0.4 1.5 -1.2
v -0.4 1.6 -1.2
v -0.4 2.6 -1.2
v -0.4 2.7 -1.2
v -0.4 2.8 -1.2
v -0.3 1.4 -1.2
v -0.3 1.5 -1.2
v -0.3 2.7 -1.2
v -0.3 2.8 -1.2
v 0.3 1.4 -1.2
v 0.3 1.5 -1.2
v 0.3 2.7 -1.2
v 0.3 2.8 -1.2
v 0.4 1.4 -1.2
v 0.4 1.5 -1.2
v 0.4 1.6 -1.2
v 0.4 2.6 -1.2
v 0.4 2.7 -1.2
v 0.4 2.8 -1.2
v 0.5 1.5 -1.2
v 0.5 1.6 -1.2
v 0.5 1.7 -1.2
v 0.5 2.5 -1.2
v 0.5 2.6 -1.2
v 0.5 2.7 -1.2
v 0.6 1.6 -1.2
v 0.6 1.7 -1.2
v 0.6 2.5 -1.2
v 0.6 2.6 -1.2
v -0.6 1.7 -1.3
v -0.6 1.8 -1.3
v -0.6 2.1 -1.3
v -0.6 2.2 -1.3
v -0.6 2.4 -1.3
v -0.6 2.5 -1.3
v -0.5 1.6 -1.3
v -0.5 1.7 -1.3
v -0.5 1.8 -1.3
v -0.5 2.1 -1.3
v -0.5 2.2 -1.3
v -0.5 2.4 -1.3
v -0.5 2.5 -1.3
v -0.5 2.6 -1.3
v -0.4 1.5 -1.3
v -0.4 1.6 -1.3
v -0.4 1.7 -1.3
v -0.4 1.8 -1.3
v -0.4 2.4 -1.3
v -0.4 2.5 -1.3
v -0.4 2.6 -1.3
v -0.4 2.7 -1.3
v -0.3 1.4 -1.3
v -0.3 1.5 -1.3
v -0.3 1.6 -1.3
v -0.3 1.7 -1.3
v -0.3 2.5 -1.3
v -0.3 2.6 -1.3
v -0.3 2.7 -1.3
v -0.3 2.8 -1.3
v -0.2 1.5 -1.3
v -0.2 1.6 -1.3
v -0.2 2.6 -1.3
v -0.2 2.7 -1.3
v -0.0999999 1.4 -1.3
v -0.0999999 1.5 -1.3
v -0.0999999 2.7 -1.3
v -0.0999999 2.8 -1.3
v 1.19209e-07 1.4 -1.3
v 1.19209e-07 1.5 -1.3
v 1.19209e-07 2.7 -1.3
v 1.19209e-07 2.8 -1.3
v 0.1 2.7 -1.3
v 0.1 2.8 -1.3
v 0.2 1.5 -1.3
v 0.2 1.6 -1.3
v 0.2 2.6 -1.3
v 0.2 2.7 -1.3
v 0.2 2.8 -1.3
v 0.3 1.4 -1.3
v 0.3 1.5 -1.3
v 0.3 1.6 -1.3
v 0.3 1.7 -1.3
v 0.3 2.5 -1.3
v 0.3 2.6 -1.3
v 0.3 2.7 -1.3
v 0.3 2.8 -1.3
v 0.4 1.5 -1.3
v 0.4 1.6 -1.3
v 0.4 1.7 -1.3
v 0.4 1.8 -1.3
v 0.4 2.4 -1.3
v 0.4 2.5 -1.3
v 0.4 2.6 -1.3
v 0.4 2.7 -1.3
v 0.5 1.6 -1.3
v 0.5 1.7 -1.3
v 0.5 1.8 -1.3
v 0.5 1.9 -1.3
v 0.5 2 -1.3
v 0.5 2.1 -1.3
v 0.5 2.2 -1.3
v 0.5 2.4 -1.3
v 0.5 2.5 -1.3
v 0.5 2.6 -1.3
v 0.6 1.7 -1.3
v 0.6 1.9 -1.3
v 0.6 2 -1.3
v 0.6 2.1 -1.3
v 0.6 2.2 -1.3
v 0.6 2.4 -1.3
v 0.6 2.5 -1.3
v -0.5 1.8 -1.4
v -0.5 2.4 -1.4
v -0.4 1.7 -1.4
v -0.4 1.8 -1.4
v -0.4 1.9 -1.4
v -0.4 2 -1.4
v -0.4 2.1 -1.4
v -0.4 2.2 -1.4
v -0.4 2.3 -1.4
v -0.4 2.4 -1.4
v -0.4 2.5 -1.4
v -0.3 1.6 -1.4
v -0.3 1.7 -1.4
v -0.3 1.8 -1.4
v -0.3 1.9 -1.4
v -0.3 2 -1.4
v -0.3 2.1 -1.4
v -0.3 2.2 -1.4
v -0.3 2.3 -1.4
v -0.3 2.4 -1.4
v -0.3 2.5 -1.4
v -0.3 2.6 -1.4
v -0.2 1.5 -1.4
v -0.2 1.6 -1.4
v -0.2 1.7 -1.4
v -0.2 1.8 -1.4
v -0.2 1.9 -1.4
v -0.2 2 -1.4
v -0.2 2.1 -1.4
v -0.2 2.2 -1.4
v -0.2 2.3 -1.4
v -0.2 2.4 -1.4
v -0.2 2.5 -1.4
v -0.2 2.6 -1.4
v -0.2 2.7 -1.4
v -0.0999999 1.6 -1.4
v -0.0999999 1.7 -1.4
v -0.0999999 1.8 -1.4
v -0.0999999 1.9 -1.4
v -0.0999999 2 -1.4
v -0.0999999 2.1 -1.4
v -0.0999999 2.2 -1.4
v -0.0999999 2.3 -1.4
v -0.0999999 2.4 -1.4
v -0.0999999 2.5 -1.4
v -0.0999999 2.6 -1.4
v 1.19209e-07 1.6 -1.4
v 1.19209e-07 1.7 -1.4
v 1.19209e-07 1.8 -1.4
v 1.19209e-07 1.9 -1.4
v 1.19209e-07 2 -1.4
v 1.19209e-07 2.1 -1.4
v 1.19209e-07 2.2 -1.4
v 1.19209e-07 2.3 -1.4
v 1.19209e-07 2.4 -1.4
v 1.19209e-07 2.5 -1.4
v 1.19209e-07 2.6 -1.4
v 0.1 1.6 -1.4
v 0.1 1.7 -1.4
v 0.1 1.8 -1.4
v 0.1 1.9 -1.4
v 0.1 2 -1.4
v 0.1 2.1 -1.4
v 0.1 2.2 -1.4
v 0.1 2.3 -1.4
v 0.1 2.4 -1.4
v 0.1 2.5 -1.4
v 0.1 2.6 -1.4
v 0.2 1.5 -1.4
v 0.2 1.6 -1.4
v 0.2 1.7 -1.4
v 0.2 1.8 -1.4
v 0.2 1.9 -1.4
v 0.2 2 -1.4
v 0.2 2.1 -1.4
v 0.2 2.2 -1.4
v 0.2 2.3 -1.4
v 0.2 2.4 -1.4
v 0.2 2.5 -1.4
v 0.2 2.6 -1.4
v 0.2 2.7 -1.4
v 0.3 1.6 -1.4
v 0.3 1.7 -1.4
v 0.3 1.8 -1.4
v 0.3 1.9 -1.4
v 0.3 2 -1.4
v 0.3 2.1 -1.4
v 0.3 2.2 -1.4
v 0.3 2.3 -1.4
v 0.3 2.4 -1.4
v 0.3 2.5 -1.4
v 0.3 2.6 -1.4
v 0.4 1.7 -1.4
v 0.4 1.8 -1.4
v 0.4 1.9 -1.4
v 0.4 2 -1.4
v 0.4 2.2 -1.4
v 0.4 2.3 -1.4
v 0.4 2.4 -1.4
v 0.4 2.5 -1.4
v 0.5 1.8 -1.4
v 0.5 2.4 -1.4
v -1.7 -0.1 1.7
v -1.4 -0.1 1.7
v -1 -0.1 1.7
v -0.7 -0.1 1.7
v 0.7 -0.1 1.7
v 1 -0.1 1.7
v 1.4 -0.1 1.7
v 1.7 -0.1 1.7
v -1.7 -0.1 1.6
v -1.5 -0.1 1.6
v -0.9 -0.1 1.6
v -0.7 -0.1 1.6
v 0.7 -0.1 1.6
v 0.9 -0.1 1.6
v 1.5 -0.1 1.6
v 1.7 -0.1 1.6
v -1.7 -0.1 1.5
v -1.5 -0.1 1.5
v -1.4 -0.1 1.5
v -1 -0.1 1.5
v -0.9 -0.1 1.5
v -0.7 -0.1 1.5
v 0.7 -0.1 1.5
v 0.9 -0.1 1.5
v 1 -0.1 1.5
v 1.4 -0.1 1.5
v 1.5 -0.1 1.5
v 1.7 -0.1 1.5
v -1.5 -0.1 1.3
v -0.9 -0.1 1.3
v 0.9 -0.1 1.3
v 1.5 -0.1 1.3
v -1.7 0.1 1.5
v -1.5 0.1 1.5
v -0.9 0.1 1.5
v -0.7 0.1 1.5
v 0.7 0.1 1.5
v 0.9 0.1 1.5
v 1.5 0.1 1.5
v 1.7 0.1 1.5
v -1.7 0.1 1.3
v -1.5 0.1 1.3
v -0.9 0.1 1.3
v -0.7 0.1 1.3
v 0.7 0.1 1.3
v 0.9 0.1 1.3
v 1.5 0.1 1.3
v 1.7 0.1 1.3
v -1.5 0.1 0.0999999
v -1.4 0.1 0.0999999
v -1 0.1 0.0999999
v -0.9 0.1 0.0999999
v 0.9 0.1 0.0999999
v 1 0.1 0.0999999
v 1.4 0.1 0.0999999
v 1.5 0.1 0.0999999
v -1.4 0.1 -1.19209e-07
v -1.3 0.1 -1.19209e-07
v -1.1 0.1 -1.19209e-07
v -1 0.1 -1.19209e-07
v 1 0.1 -1.19209e-07
v 1.1 0.1 -1.19209e-07
v 1.3 0.1 -1.19209e-07
v 1.4 0.1 -1.19209e-07
v -1.3 0.1 -0.1
v -1.1 0.1 -0.1
v 1.1 0.1 -0.1
v 1.3 0.1 -0.1
v -1.5 0.2 0.0999999
v -1.4 0.2 0.0999999
v -1 0.2 0.0999999
v -0.9 0.2 0.0999999
v 0.9 0.2 0.0999999
v 1 0.2 0.0999999
v 1.4 0.2 0.0999999
v 1.5 0.2 0.0999999
v -1.5 0.2 -1.19209e-07
v -1.4 0.2 -1.19209e-07
v -1.3 0.2 -1.19209e-07
v -1.1 0.2 -1.19209e-07
v -1 0.2 -1.19209e-07
v -0.9 0.2 -1.19209e-07
v 0.9 0.2 -1.19209e-07
v 1 0.2 -1.19209e-07
v 1.1 0.2 -1.19209e-07
v 1.3 0.2 -1.19209e-07
v 1.4 0.2 -1.19209e-07
v 1.5 0.2 -1.19209e-07
v -1.4 0.2 -0.1
v -1.3 0.2 -0.1
v -1.1 0.2 -0.1
v -1 0.2 -0.1
v 1 0.2 -0.1
v 1.1 0.2 -0.1
v 1.3 0.2 -0.1
v 1.4 0.2 -0.1
v -1.3 0.2 -0.2
v -1.1 0.2 -0.2
v 1.1 0.2 -0.2
v 1.3 0.2 -0.2
v -1.7 0.3 1.3
v -1.5 0.3 1.3
v -0.9 0.3 1.3
v -0.7 0.3 1.3
v 0.7 0.3 1.3
v 0.9 0.3 1.3
v 1.5 0.3 1.3
v 1.7 0.3 1.3
v -1.7 0.3 1.1
v -1.5 0.3 1.1
v -0.9 0.3 1.1
v -0.7 0.3 1.1
v 0.7 0.3 1.1
v 0.9 0.3 1.1
v 1.5 0.3 1.1
v 1.7 0.3 1.1
v -1.5 0.3 -1.19209e-07
v -1.4 0.3 -1.19209e-07
v -1 0.3 -1.19209e-07
v -0.9 0.3 -1.19209e-07
v 0.9 0.3 -1.19209e-07
v 1 0.3 -1.19209e-07
v 1.4 0.3 -1.19209e-07
v 1.5 0.3 -1.19209e-07
v -1.5 0.3 -0.1
v -1.4 0.3 -0.1
v -1.3 0.3 -0.1
v -1.1 0.3 -0.1
v -1 0.3 -0.1
v -0.9 0.3 -0.1
v 0.9 0.3 -0.1
v 1 0.3 -0.1
v 1.1 0.3 -0.1
v 1.3 0.3 -0.1
v 1.4 0.3 -0.1
v 1.5 0.3 -0.1
v -1.4 0.3 -0.2
v -1.3 0.3 -0.2
v -1.1 0.3 -0.2
v -1 0.3 -0.2
v 1 0.3 -0.2
v 1.1 0.3 -0.2
v 1.3 0.3 -0.2
v 1.4 0.3 -0.2
v -1.3 0.7 1.6
v -1.1 0.7 1.6
v 1.1 0.7 1.6
v 1.3 0.7 1.6
v -1.3 0.7 1.5
v -1.1 0.7 1.5
v 1.1 0.7 1.5
v 1.3 0.7 1.5
v -1.5 0.9 1.7
v -0.9 0.9 1.7
v 0.9 0.9 1.7
v 1.5 0.9 1.7
v -1.5 0.9 1.6
v -0.9 0.9 1.6
v 0.9 0.9 1.6
v 1.5 0.9 1.6
v -1.1 1.1 0.3
v -1 1.1 0.3
v -0.9 1.1 0.3
v 0.9 1.1 0.3
v 1 1.1 0.3
v 1.1 1.1 0.3
v -1.3 1.1 0.0999999
v -1.1 1.1 0.0999999
v -1 1.1 0.0999999
v -0.9 1.1 0.0999999
v 0.9 1.1 0.0999999
v 1 1.1 0.0999999
v 1.1 1.1 0.0999999
v 1.3 1.1 0.0999999
v -1.3 1.1 -1.19209e-07
v -1.1 1.1 -1.19209e-07
v 1.1 1.1 -1.19209e-07
v 1.3 1.1 -1.19209e-07
v -1.3 1.2 -1.19209e-07
v -1.1 1.2 -1.19209e-07
v 1.1 1.2 -1.19209e-07
v 1.3 1.2 -1.19209e-07
v -1.3 1.2 -0.1
v -1.1 1.2 -0.1
v 1.1 1.2 -0.1
v 1.3 1.2 -0.1
v -1.3 1.3 -0.1
v -1.1 1.3 -0.1
v 1.1 1.3 -0.1
v 1.3 1.3 -0.1
v -1.3 1.3 -0.2
v -1.1 1.3 -0.2
v 1.1 1.3 -0.2
v 1.3 1.3 -0.2
v -0.4 1.4 0.4
v 0.4 1.4 0.4
v -0.5 1.4 0.3
v -0.4 1.4 0.3
v 0.4 1.4 0.3
v 0.5 1.4 0.3
v -0.6 1.4 0.2
v -0.5 1.4 0.2
v 0.5 1.4 0.2
v 0.6 1.4 0.2
v 0.5 1.4 -0.9
v 0.6 1.4 -0.9
v -0.6 1.4 -1
v -0.5 1.4 -1
v 0.4 1.4 -1
v 0.5 1.4 -1
v 0.6 1.4 -1
v -0.5 1.4 -1.1
v -0.4 1.4 -1.1
v 0.4 1.4 -1.1
v 0.5 1.4 -1.1
v -0.4 1.4 -1.2
v -0.3 1.4 -1.2
v -0.0999999 1.4 -1.2
v 1.19209e-07 1.4 -1.2
v 0.3 1.4 -1.2
v 0.4 1.4 -1.2
v -0.3 1.4 -1.3
v -0.0999999 1.4 -1.3
v 1.19209e-07 1.4 -1.3
v 0.3 1.4 -1.3
v -0.5 1.5 0.4
v -0.4 1.5 0.4
v 0.4 1.5 0.4
v 0.5 1.5 0.4
v -0.6 1.5 0.3
v -0.5 1.5 0.3
v -0.4 1.5 0.3
v 0.4 1.5 0.3
v 0.5 1.5 0.3
v 0.6 1.5 0.3
v -0.6 1.5 0.2
v -0.5 1.5 0.2
v 0.5 1.5 0.2
v 0.6 1.5 0.2
v -0.6 1.5 -1
v -0.5 1.5 -1
v 0.5 1.5 -1
v 0.6 1.5 -1
v -0.6 1.5 -1.1
v -0.5 1.5 -1.1
v -0.4 1.5 -1.1
v 0.4 1.5 -1.1
v 0.5 1.5 -1.1
v 0.6 1.5 -1.1
v -0.5 1.5 -1.2
v -0.4 1.5 -1.2
v -0.3 1.5 -1.2
v 0.3 1.5 -1.2
v 0.4 1.5 -1.2
v 0.5 1.5 -1.2
v -0.4 1.5 -1.3
v -0.3 1.5 -1.3
v -0.2 1.5 -1.3
v -0.0999999 1.5 -1.3
v 1.19209e-07 1.5 -1.3
v 0.2 1.5 -1.3
v 0.3 1.5 -1.3
v 0.4 1.5 -1.3
v -0.2 1.5 -1.4
v 0.2 1.5 -1.4
v -0.4 1.6 0.6
v 0.4 1.6 0.6
v -0.6 1.6 0.4
v -0.5 1.6 0.4
v -0.4 1.6 0.4
v 0.4 1.6 0.4
v 0.5 1.6 0.4
v 0.6 1.6 0.4
v -0.6 1.6 0.3
v -0.5 1.6 0.3
v 0.5 1.6 0.3
v 0.6 1.6 0.3
v -0.6 1.6 -1.1
v -0.5 1.6 -1.1
v 0.5 1.6 -1.1
v 0.6 1.6 -1.1
v -0.6 1.6 -1.2
v -0.5 1.6 -1.2
v -0.4 1.6 -1.2
v 0.4 1.6 -1.2
v 0.5 1.6 -1.2
v 0.6 1.6 -1.2
v -0.5 1.6 -1.3
v -0.4 1.6 -1.3
v -0.3 1.6 -1.3
v -0.2 1.6 -1.3
v 0.2 1.6 -1.3
v 0.3 1.6 -1.3
v 0.4 1.6 -1.3
v 0.5 1.6 -1.3
v -0.3 1.6 -1.4
v -0.2 1.6 -1.4
v 0.2 1.6 -1.4
v 0.3 1.6 -1.4
v -0.6 1.7 -1.2
v -0.5 1.7 -1.2
v 0.5 1.7 -1.2
v 0.6 1.7 -1.2
v -0.6 1.7 -1.3
v -0.5 1.7 -1.3
v -0.4 1.7 -1.3
v -0.3 1.7 -1.3
v 0.3 1.7 -1.3
v 0.4 1.7 -1.3
v 0.5 1.7 -1.3
v 0.6 1.7 -1.3
v -0.4 1.7 -1.4
v -0.3 1.7 -1.4
v 0.3 1.7 -1.4
v 0.4 1.7 -1.4
v -0.7 1.8 -0.4
v -0.6 1.8 -0.4
v 0.6 1.8 -0.4
v 0.7 1.8 -0.4
v -0.8 1.8 -0.5
v -0.7 1.8 -0.5
v 0.7 1.8 -0.5
v 0.8 1.8 -0.5
v -0.8 1.8 -0.9
v -0.7 1.8 -0.9
v 0.7 1.8 -0.9
v 0.8 1.8 -0.9
v -0.7 1.8 -1
v -0.6 1.8 -1
v 0.6 1.8 -1
v 0.7 1.8 -1
v -0.5 1.8 -1.3
v -0.4 1.8 -1.3
v 0.4 1.8 -1.3
v 0.5 1.8 -1.3
v -0.5 1.8 -1.4
v -0.4 1.8 -1.4
v 0.4 1.8 -1.4
v 0.5 1.8 -1.4
v -0.8 1.9 -0.4
v -0.7 1.9 -0.4
v 0.7 1.9 -0.4
v 0.8 1.9 -0.4
v -0.8 1.9 -0.5
v -0.7 1.9 -0.5
v 0.7 1.9 -0.5
v 0.8 1.9 -0.5
v -0.9 1.9 -0.6
v -0.8 1.9 -0.6
v 0.8 1.9 -0.6
v 0.9 1.9 -0.6
v -0.9 1.9 -0.8
v -0.8 1.9 -0.8
v 0.8 1.9 -0.8
v 0.9 1.9 -0.8
v -0.8 1.9 -0.9
v -0.7 1.9 -0.9
v 0.7 1.9 -0.9
v 0.8 1.9 -0.9
v -0.8 1.9 -1
v -0.7 1.9 -1
v 0.7 1.9 -1
v 0.8 1.9 -1
v -0.9 2 -0.5
v -0.8 2 -0.5
v 0.8 2 -0.5
v 0.9 2 -0.5
v -1 2 -0.6
v -0.9 2 -0.6
v -0.8 2 -0.6
v 0.8 2 -0.6
v 0.9 2 -0.6
v 1 2 -0.6
v -1 2 -0.8
v -0.9 2 -0.8
v -0.8 2 -0.8
v 0.8 2 -0.8
v 0.9 2 -0.8
v 1 2 -0.8
v -0.9 2 -0.9
v -0.8 2 -0.9
v 0.8 2 -0.9
v 0.9 2 -0.9
v -0.2 2.4 0.6
v 0.2 2.4 0.6
v -0.2 2.4 0.4
v 0.2 2.4 0.4
v -1.5 0.1 1.7
v -0.9 0.1 1.7
v 0.9 0.1 1.7
v 1.5 0.1 1.7
v -1.5 0.1 1.6
v -0.9 0.1 1.6
v 0.9 0.1 1.6
v 1.5 0.1 1.6
v -1.3 0.3 1.6
v -1.1 0.3 1.6
v 1.1 0.3 1.6
v 1.3 0.3 1.6
v -1.3 0.3 1.5
v -1.1 0.3 1.5
v 1.1 0.3 1.5
v 1.3 0.3 1.5
v -1.7 0.7 1.3
v -1.5 0.7 1.3
v -0.9 0.7 1.3
v -0.7 0.7 1.3
v 0.7 0.7 1.3
v 0.9 0.7 1.3
v 1.5 0.7 1.3
v 1.7 0.7 1.3
v -1.7 0.7 1.1
v -1.5 0.7 1.1
v -0.9 0.7 1.1
v -0.7 0.7 1.1
v 0.7 0.7 1.1
v 0.9 0.7 1.1
v 1.5 0.7 1.1
v 1.7 0.7 1.1
v -1.5 0.7 -1.19209e-07
v -1.4 0.7 -1.19209e-07
v -1 0.7 -1.19209e-07
v -0.9 0.7 -1.19209e-07
v 0.9 0.7 -1.19209e-07
v 1 0.7 -1.19209e-07
v 1.4 0.7 -1.19209e-07
v 1.5 0.7 -1.19209e-07
v -1.5 0.7 -0.1
v -1.4 0.7 -0.1
v -1.3 0.7 -0.1
v -1.1 0.7 -0.1
v -1 0.7 -0.1
v -0.9 0.7 -0.1
v 0.9 0.7 -0.1
v 1 0.7 -0.1
v 1.1 0.7 -0.1
v 1.3 0.7 -0.1
v 1.4 0.7 -0.1
v 1.5 0.7 -0.1
v -1.4 0.7 -0.2
v -1.3 0.7 -0.2
v -1.1 0.7 -0.2
v -1 0.7 -0.2
v 1 0.7 -0.2
v 1.1 0.7 -0.2
v 1.3 0.7 -0.2
v 1.4 0.7 -0.2
v -1.5 0.8 0.0999999
v -1.4 0.8 0.0999999
v -1 0.8 0.0999999
v -0.9 0.8 0.0999999
v 0.9 0.8 0.0999999
v 1 0.8 0.0999999
v 1.4 0.8 0.0999999
v 1.5 0.8 0.0999999
v -1.5 0.8 -1.19209e-07
v -1.4 0.8 -1.19209e-07
v -1.3 0.8 -1.19209e-07
v -1.1 0.8 -1.19209e-07
v -1 0.8 -1.19209e-07
v -0.9 0.8 -1.19209e-07
v 0.9 0.8 -1.19209e-07
v 1 0.8 -1.19209e-07
v 1.1 0.8 -1.19209e-07
v 1.3 0.8 -1.19209e-07
v 1.4 0.8 -1.19209e-07
v 1.5 0.8 -1.19209e-07
v -1.4 0.8 -0.1
v -1.3 0.8 -0.1
v -1.2 0.8 -0.1
v -1.1 0.8 -0.1
v -1 0.8 -0.1
v 1 0.8 -0.1
v 1.1 0.8 -0.1
v 1.2 0.8 -0.1
v 1.3 0.8 -0.1
v 1.4 0.8 -0.1
v -1.3 0.8 -0.2
v -1.1 0.8 -0.2
v 1.1 0.8 -0.2
v 1.3 0.8 -0.2
v -1.7 0.9 1.5
v -1.5 0.9 1.5
v -0.9 0.9 1.5
v -0.7 0.9 1.5
v 0.7 0.9 1.5
v 0.9 0.9 1.5
v 1.5 0.9 1.5
v 1.7 0.9 1.5
v -1.7 0.9 1.3
v -1.5 0.9 1.3
v -1.4 0.9 1.3
v -1.3 0.9 1.3
v -1.1 0.9 1.3
v -0.9 0.9 1.3
v -0.7 0.9 1.3
v 0.7 0.9 1.3
v 0.9 0.9 1.3
v 1.1 0.9 1.3
v 1.3 0.9 1.3
v 1.4 0.9 1.3
v 1.5 0.9 1.3
v 1.7 0.9 1.3
v -1.5 0.9 1.2
v -1.4 0.9 1.2
v -1.3 0.9 1.2
v -1.1 0.9 1.2
v -1 0.9 1.2
v -0.9 0.9 1.2
v 1.1 0.9 1.2
v 1.3 0.9 1.2
v 1.4 0.9 1.2
v 1.5 0.9 1.2
v -1.4 0.9 1.1
v -1.3 0.9 1.1
v -1.2 0.9 1.1
v -1.1 0.9 1.1
v -1 0.9 1.1
v -0.9 0.9 1.1
v 0.9 0.9 1.1
v 1 0.9 1.1
v 1.1 0.9 1.1
v 1.3 0.9 1.1
v 1.4 0.9 1.1
v -1.5 0.9 1
v -1.4 0.9 1
v -1 0.9 1
v -0.9 0.9 1
v 0.9 0.9 1
v 1 0.9 1
v 1.1 0.9 1
v 1.3 0.9 1
v 1.4 0.9 1
v -1.5 0.9 0.9
v -1.4 0.9 0.9
v -1.3 0.9 0.9
v -1.2 0.9 0.9
v -1.1 0.9 0.9
v -1 0.9 0.9
v 1 0.9 0.9
v 1.1 0.9 0.9
v 1.3 0.9 0.9
v 1.4 0.9 0.9
v -1.5 0.9 0.8
v -1.4 0.9 0.8
v -1.3 0.9 0.8
v -1.2 0.9 0.8
v -1.1 0.9 0.8
v -1 0.9 0.8
v 1 0.9 0.8
v 1.1 0.9 0.8
v 1.2 0.9 0.8
v 1.3 0.9 0.8
v 1.4 0.9 0.8
v -1.5 0.9 0.7
v -1.4 0.9 0.7
v -1.3 0.9 0.7
v -1.2 0.9 0.7
v -1.1 0.9 0.7
v -1 0.9 0.7
v -0.9 0.9 0.7
v 0.9 0.9 0.7
v 1 0.9 0.7
v 1.1 0.9 0.7
v 1.2 0.9 0.7
v 1.3 0.9 0.7
v 1.4 0.9 0.7
v -1.5 0.9 0.6
v -1.3 0.9 0.6
v -1.2 0.9 0.6
v -1.1 0.9 0.6
v -1 0.9 0.6
v -0.9 0.9 0.6
v 0.9 0.9 0.6
v 1 0.9 0.6
v 1.1 0.9 0.6
v 1.2 0.9 0.6
v 1.3 0.9 0.6
v 1.4 0.9 0.6
v -1.5 0.9 0.5
v -1.3 0.9 0.5
v -1.1 0.9 0.5
v -1 0.9 0.5
v -0.9 0.9 0.5
v 1 0.9 0.5
v 1.1 0.9 0.5
v 1.3 0.9 0.5
v 1.4 0.9 0.5
v -1.5 0.9 0.4
v -1.4 0.9 0.4
v -1.3 0.9 0.4
v -1.2 0.9 0.4
v -1.1 0.9 0.4
v -1 0.9 0.4
v -0.9 0.9 0.4
v 0.9 0.9 0.4
v 1 0.9 0.4
v 1.1 0.9 0.4
v 1.2 0.9 0.4
v 1.3 0.9 0.4
v 1.4 0.9 0.4
v -1.5 0.9 0.3
v -1.4 0.9 0.3
v -1.3 0.9 0.3
v -1.1 0.9 0.3
v -1 0.9 0.3
v 0.9 0.9 0.3
v 1 0.9 0.3
v 1.1 0.9 0.3
v 1.2 0.9 0.3
v 1.3 0.9 0.3
v 1.4 0.9 0.3
v 1.5 0.9 0.3
v -1.5 0.9 0.2
v -1.4 0.9 0.2
v 1.4 0.9 0.2
v 1.5 0.9 0.2
v -1.5 0.9 0.0999999
v -1.4 0.9 0.0999999
v -1.3 0.9 0.0999999
v -1.2 0.9 0.0999999
v -1.1 0.9 0.0999999
v -1 0.9 0.0999999
v -0.9 0.9 0.0999999
v 0.9 0.9 0.0999999
v 1 0.9 0.0999999
v 1.1 0.9 0.0999999
v 1.3 0.9 0.0999999
v 1.4 0.9 0.0999999
v 1.5 0.9 0.0999999
v -1.4 0.9 -1.19209e-07
v -1.3 0.9 -1.19209e-07
v -1.2 0.9 -1.19209e-07
v -1.1 0.9 -1.19209e-07
v -1 0.9 -1.19209e-07
v 1 0.9 -1.19209e-07
v 1.1 0.9 -1.19209e-07
v 1.2 0.9 -1.19209e-07
v 1.3 0.9 -1.19209e-07
v 1.4 0.9 -1.19209e-07
v -1.3 0.9 -0.1
v -1.2 0.9 -0.1
v -1.1 0.9 -0.1
v 1.1 0.9 -0.1
v 1.2 0.9 -0.1
v 1.3 0.9 -0.1
v -1.7 1.1 1.7
v -1.4 1.1 1.7
v -1 1.1 1.7
v -0.7 1.1 1.7
v 0.7 1.1 1.7
v 1 1.1 1.7
v 1.4 1.1 1.7
v 1.7 1.1 1.7
v -1.7 1.1 1.6
v -1.5 1.1 1.6
v -1.4 1.1 1.6
v -1.3 1.1 1.6
v -1.1 1.1 1.6
v -1 1.1 1.6
v -0.9 1.1 1.6
v -0.7 1.1 1.6
v 0.7 1.1 1.6
v 0.9 1.1 1.6
v 1 1.1 1.6
v 1.1 1.1 1.6
v 1.3 1.1 1.6
v 1.4 1.1 1.6
v 1.5 1.1 1.6
v 1.7 1.1 1.6
v -1.7 1.1 1.5
v -1.5 1.1 1.5
v -1.4 1.1 1.5
v -1.3 1.1 1.5
v -1.1 1.1 1.5
v -1 1.1 1.5
v -0.9 1.1 1.5
v -0.7 1.1 1.5
v 0.7 1.1 1.5
v 0.9 1.1 1.5
v 1 1.1 1.5
v 1.1 1.1 1.5
v 1.3 1.1 1.5
v 1.4 1.1 1.5
v 1.5 1.1 1.5
v 1.7 1.1 1.5
v -1.4 1.1 1.4
v -1.3 1.1 1.4
v -1.1 1.1 1.4
v -1 1.1 1.4
v 1 1.1 1.4
v 1.1 1.1 1.4
v 1.3 1.1 1.4
v 1.4 1.1 1.4
v -1.5 1.1 1.3
v -1.3 1.1 1.3
v -1.1 1.1 1.3
v -0.9 1.1 1.3
v 0.9 1.1 1.3
v 1.1 1.1 1.3
v 1.3 1.1 1.3
v 1.5 1.1 1.3
v -1.3 1.1 1.1
v -1.1 1.1 1.1
v 1.1 1.1 1.1
v 1.3 1.1 1.1
v -1.3 1.3 0.3
v -1 1.3 0.3
v -0.9 1.3 0.3
v 0.9 1.3 0.3
v 1 1.3 0.3
v 1.3 1.3 0.3
v -1.3 1.3 0.0999999
v -1.1 1.3 0.0999999
v -1 1.3 0.0999999
v -0.9 1.3 0.0999999
v 0.9 1.3 0.0999999
v 1 1.3 0.0999999
v 1.1 1.3 0.0999999
v 1.3 1.3 0.0999999
v -1.3 1.4 0.0999999
v -1.1 1.4 0.0999999
v 1.1 1.4 0.0999999
v 1.3 1.4 0.0999999
v -1.3 1.4 -1.19209e-07
v -1.1 1.4 -1.19209e-07
v 1.1 1.4 -1.19209e-07
v 1.3 1.4 -1.19209e-07
v -1.3 1.5 -1.19209e-07
v -1.1 1.5 -1.19209e-07
v 1.1 1.5 -1.19209e-07
v 1.3 1.5 -1.19209e-07
v -1.3 1.5 -0.2
v -1.1 1.5 -0.2
v 1.1 1.5 -0.2
v 1.3 1.5 -0.2
v -0.2 1.8 0.6
v 0.2 1.8 0.6
v -0.2 1.8 0.4
v 0.2 1.8 0.4
v -0.9 2.2 -0.5
v -0.8 2.2 -0.5
v 0.8 2.2 -0.5
v 0.9 2.2 -0.5
v -1 2.2 -0.6
v -0.9 2.2 -0.6
v -0.8 2.2 -0.6
v 0.8 2.2 -0.6
v 0.9 2.2 -0.6
v 1 2.2 -0.6
v -1 2.2 -0.8
v -0.9 2.2 -0.8
v -0.8 2.2 -0.8
v 0.8 2.2 -0.8
v 0.9 2.2 -0.8
v 1 2.2 -0.8
v -0.9 2.2 -0.9
v -0.8 2.2 -0.9
v 0.8 2.2 -0.9
v 0.9 2.2 -0.9
v -0.8 2.3 -0.4
v -0.7 2.3 -0.4
v 0.7 2.3 -0.4
v 0.8 2.3 -0.4
v -0.8 2.3 -0.5
v -0.7 2.3 -0.5
v 0.7 2.3 -0.5
v 0.8 2.3 -0.5
v -0.9 2.3 -0.6
v -0.8 2.3 -0.6
v 0.8 2.3 -0.6
v 0.9 2.3 -0.6
v -0.9 2.3 -0.8
v -0.8 2.3 -0.8
v 0.8 2.3 -0.8
v 0.9 2.3 -0.8
v -0.8 2.3 -0.9
v -0.7 2.3 -0.9
v 0.7 2.3 -0.9
v 0.8 2.3 -0.9
v -0.8 2.3 -1
v -0.7 2.3 -1
v 0.7 2.3 -1
v 0.8 2.3 -1
v -0.7 2.4 -0.4
v -0.6 2.4 -0.4
v 0.6 2.4 -0.4
v 0.7 2.4 -0.4
v -0.8 2.4 -0.5
v -0.7 2.4 -0.5
v 0.7 2.4 -0.5
v 0.8 2.4 -0.5
v -0.8 2.4 -0.9
v -0.7 2.4 -0.9
v 0.7 2.4 -0.9
v 0.8 2.4 -0.9
v -0.7 2.4 -1
v -0.6 2.4 -1
v 0.6 2.4 -1
v 0.7 2.4 -1
v -0.5 2.4 -1.3
v -0.4 2.4 -1.3
v 0.4 2.4 -1.3
v 0.5 2.4 -1.3
v -0.5 2.4 -1.4
v -0.4 2.4 -1.4
v 0.4 2.4 -1.4
v 0.5 2.4 -1.4
v -0.6 2.5 -1.2
v -0.5 2.5 -1.2
v 0.5 2.5 -1.2
v 0.6 2.5 -1.2
v -0.6 2.5 -1.3
v -0.5 2.5 -1.3
v -0.4 2.5 -1.3
v -0.3 2.5 -1.3
v 0.3 2.5 -1.3
v 0.4 2.5 -1.3
v 0.5 2.5 -1.3
v 0.6 2.5 -1.3
v -0.4 2.5 -1.4
v -0.3 2.5 -1.4
v 0.3 2.5 -1.4
v 0.4 2.5 -1.4
v -0.4 2.6 0.6
v 0.4 2.6 0.6
v -0.6 2.6 0.4
v -0.5 2.6 0.4
v -0.4 2.6 0.4
v 0.4 2.6 0.4
v 0.5 2.6 0.4
v 0.6 2.6 0.4
v -0.6 2.6 0.3
v -0.5 2.6 0.3
v 0.5 2.6 0.3
v 0.6 2.6 0.3
v -0.6 2.6 -1.1
v -0.5 2.6 -1.1
v 0.5 2.6 -1.1
v 0.6 2.6 -1.1
v -0.6 2.6 -1.2
v -0.5 2.6 -1.2
v -0.4 2.6 -1.2
v 0.4 2.6 -1.2
v 0.5 2.6 -1.2
v 0.6 2.6 -1.2
v -0.5 2.6 -1.3
v -0.4 2.6 -1.3
v -0.3 2.6 -1.3
v -0.2 2.6 -1.3
v 0.2 2.6 -1.3
v 0.3 2.6 -1.3
v 0.4 2.6 -1.3
v 0.5 2.6 -1.3
v -0.3 2.6 -1.4
v -0.2 2.6 -1.4
v 0.2 2.6 -1.4
v 0.3 2.6 -1.4
v -0.5 2.7 0.4
v -0.4 2.7 0.4
v 0.4 2.7 0.4
v 0.5 2.7 0.4
v -0.6 2.7 0.3
v -0.5 2.7 0.3
v -0.4 2.7 0.3
v 0.4 2.7 0.3
v 0.5 2.7 0.3
v 0.6 2.7 0.3
v -0.6 2.7 0.2
v -0.5 2.7 0.2
v 0.5 2.7 0.2
v 0.6 2.7 0.2
v -0.6 2.7 -1
v -0.5 2.7 -1
v 0.5 2.7 -1
v 0.6 2.7 -1
v -0.6 2.7 -1.1
v -0.5 2.7 -1.1
v -0.4 2.7 -1.1
v 0.4 2.7 -1.1
v 0.5 2.7 -1.1
v 0.6 2.7 -1.1
v -0.5 2.7 -1.2
v -0.4 2.7 -1.2
v -0.3 2.7 -1.2
v 0.3 2.7 -1.2
v 0.4 2.7 -1.2
v 0.5 2.7 -1.2
v -0.4 2.7 -1.3
v -0.3 2.7 -1.3
v -0.2 2.7 -1.3
v -0.0999999 2.7 -1.3
v 1.19209e-07 2.7 -1.3
v 0.1 2.7 -1.3
v 0.2 2.7 -1.3
v 0.3 2.7 -1.3
v 0.4 2.7 -1.3
v -0.2 2.7 -1.4
v 0.2 2.7 -1.4
v -0.4 2.8 0.4
v 0.2 2.8 0.4
v 0.3 2.8 0.4
v 0.4 2.8 0.4
v -0.5 2.8 0.3
v -0.4 2.8 0.3
v -0.3 2.8 0.3
v -0.2 2.8 0.3
v -0.0999999 2.8 0.3
v 1.19209e-07 2.8 0.3
v 0.1 2.8 0.3
v 0.2 2.8 0.3
v 0.3 2.8 0.3
v 0.4 2.8 0.3
v 0.5 2.8 0.3
v -0.6 2.8 0.2
v -0.5 2.8 0.2
v -0.4 2.8 0.2
v -0.3 2.8 0.2
v -0.2 2.8 0.2
v -0.0999999 2.8 0.2
v 1.19209e-07 2.8 0.2
v 0.1 2.8 0.2
v 0.2 2.8 0.2
v 0.3 2.8 0.2
v 0.4 2.8 0.2
v 0.5 2.8 0.2
v 0.6 2.8 0.2
v -0.5 2.8 0.0999999
v -0.4 2.8 0.0999999
v -0.2 2.8 0.0999999
v -0.0999999 2.8 0.0999999
v 1.19209e-07 2.8 0.0999999
v 0.1 2.8 0.0999999
v 0.2 2.8 0.0999999
v 0.3 2.8 0.0999999
v 0.4 2.8 0.0999999
v 0.5 2.8 0.0999999
v -0.2 2.8 -1.19209e-07
v -0.0999999 2.8 -1.19209e-07
v 1.19209e-07 2.8 -1.19209e-07
v 0.1 2.8 -1.19209e-07
v 0.2 2.8 -1.19209e-07
v 0.3 2.8 -1.19209e-07
v 0.4 2.8 -1.19209e-07
v 0.5 2.8 -1.19209e-07
v -0.5 2.8 -0.1
v -0.4 2.8 -0.1
v -0.3 2.8 -0.1
v 1.19209e-07 2.8 -0.1
v 0.1 2.8 -0.1
v 0.2 2.8 -0.1
v 0.3 2.8 -0.1
v 0.4 2.8 -0.1
v 0.5 2.8 -0.1
v 0.6 2.8 -0.1
v -0.6 2.8 -0.2
v -0.5 2.8 -0.2
v -0.4 2.8 -0.2
v -0.2 2.8 -0.2
v -0.0999999 2.8 -0.2
v 1.19209e-07 2.8 -0.2
v 0.1 2.8 -0.2
v 0.2 2.8 -0.2
v 0.3 2.8 -0.2
v 0.4 2.8 -0.2
v 0.5 2.8 -0.2
v 0.6 2.8 -0.2
v -0.6 2.8 -0.3
v -0.5 2.8 -0.3
v -0.4 2.8 -0.3
v -0.3 2.8 -0.3
v -0.2 2.8 -0.3
v -0.0999999 2.8 -0.3
v 1.19209e-07 2.8 -0.3
v 0.1 2.8 -0.3
v 0.2 2.8 -0.3
v 0.3 2.8 -0.3
v 0.4 2.8 -0.3
v 0.5 2.8 -0.3
v 0.6 2.8 -0.3
v -0.5 2.8 -0.4
v -0.4 2.8 -0.4
v -0.3 2.8 -0.4
v -0.2 2.8 -0.4
v -0.0999999 2.8 -0.4
v 1.19209e-07 2.8 -0.4
v 0.1 2.8 -0.4
v 0.2 2.8 -0.4
v 0.3 2.8 -0.4
v 0.4 2.8 -0.4
v 0.5 2.8 -0.4
v -0.4 2.8 -0.5
v -0.3 2.8 -0.5
v -0.2 2.8 -0.5
v -0.0999999 2.8 -0.5
v 1.19209e-07 2.8 -0.5
v 0.1 2.8 -0.5
v 0.2 2.8 -0.5
v 0.3 2.8 -0.5
v 0.4 2.8 -0.5
v 0.5 2.8 -0.5
v -0.5 2.8 -0.6
v -0.4 2.8 -0.6
v -0.3 2.8 -0.6
v -0.2 2.8 -0.6
v -0.0999999 2.8 -0.6
v 1.19209e-07 2.8 -0.6
v 0.1 2.8 -0.6
v 0.2 2.8 -0.6
v 0.3 2.8 -0.6
v 0.4 2.8 -0.6
v 0.5 2.8 -0.6
v -0.2 2.8 -0.7
v -0.0999999 2.8 -0.7
v 1.19209e-07 2.8 -0.7
v 0.2 2.8 -0.7
v 0.3 2.8 -0.7
v 0.4 2.8 -0.7
v 0.5 2.8 -0.7
v -0.6 2.8 -0.8
v -0.5 2.8 -0.8
v -0.4 2.8 -0.8
v -0.3 2.8 -0.8
v -0.2 2.8 -0.8
v -0.0999999 2.8 -0.8
v 1.19209e-07 2.8 -0.8
v 0.1 2.8 -0.8
v 0.2 2.8 -0.8
v 0.3 2.8 -0.8
v 0.4 2.8 -0.8
v 0.5 2.8 -0.8
v 0.6 2.8 -0.8
v -0.6 2.8 -0.9
v -0.5 2.8 -0.9
v -0.4 2.8 -0.9
v -0.3 2.8 -0.9
v -0.2 2.8 -0.9
v -0.0999999 2.8 -0.9
v 1.19209e-07 2.8 -0.9
v 0.1 2.8 -0.9
v 0.2 2.8 -0.9
v 0.3 2.8 -0.9
v 0.4 2.8 -0.9
v 0.5 2.8 -0.9
v 0.6 2.8 -0.9
v -0.6 2.8 -1
v -0.5 2.8 -1
v -0.4 2.8 -1
v -0.3 2.8 -1
v -0.2 2.8 -1
v -0.0999999 2.8 -1
v 1.19209e-07 2.8 -1
v 0.1 2.8 -1
v 0.2 2.8 -1
v 0.3 2.8 -1
v 0.4 2.8 -1
v 0.5 2.8 -1
v 0.6 2.8 -1
v -0.5 2.8 -1.1
v -0.4 2.8 -1.1
v -0.3 2.8 -1.1
v -0.2 2.8 -1.1
v 0.1 2.8 -1.1
v 0.2 2.8 -1.1
v 0.3 2.8 -1.1
v 0.4 2.8 -1.1
v 0.5 2.8 -1.1
v -0.4 2.8 -1.2
v -0.3 2.8 -1.2
v -0.2 2.8 -1.2
v -0.0999999 2.8 -1.2
v 1.19209e-07 2.8 -1.2
v 0.1 2.8 -1.2
v 0.2 2.8 -1.2
v 0.3 2.8 -1.2
v 0.4 2.8 -1.2
v -0.3 2.8 -1.3
v -0.0999999 2.8 -1.3
v 1.19209e-07 2.8 -1.3
v 0.1 2.8 -1.3
v 0.2 2.8 -1.3
v 0.3 2.8 -1.3

# faces
f 4/7/1 2/7/1 1/7/1
f 4/11/1 3/11/1 2/11/1
f 5/11/1 3/11/1 4/11/1
f 7/7/1 4/7/1 1/7/1
f 7/7/1 5/7/1 4/7/1
f 8/7/1 5/7/1 7/7/1
f 9/11/1 6/11/1 5/11/1
f 9/7/1 5/7/1 8/7/1
f 10/11/1 6/11/1 9/11/1
f 11/11/1 8/11/1 7/11/1
f 11/7/1 9/7/1 8/7/1
f 11/7/1 10/7/1 9/7/1
f 12/7/1 10/7/1 11/7/1
f 13/11/1 6/11/1 10/11/1
f 13/7/1 10/7/1 12/7/1
f 14/11/1 6/11/1 13/11/1
f 16/11/1 12/11/1 11/11/1
f 16/7/1 13/7/1 12/7/1
f 16/7/1 14/7/1 13/7/1
f 17/7/1 14/7/1 16/7/1
f 18/11/1 15/11/1 14/11/1
f 18/7/1 14/7/1 17/7/1
f 19/11/1 15/11/1 18/11/1
f 20/11/1 17/11/1 16/11/1
f 20/11/1 16/11/1 11/11/1
f 21/7/1 19/7/1 18/7/1
f 21/11/1 17/11/1 20/11/1
f 21/7/1 18/7/1 17/7/1
f 22/7/1 19/7/1 21/7/1
f 23/7/1 19/7/1 22/7/1
f 24/11/1 11/11/1 7/11/1
f 24/11/1 20/11/1 11/11/1
f 25/7/1 21/7/1 20/7/1
f 25/11/1 20/11/1 24/11/1
f 25/7/1 22/7/1 21/7/1
f 26/7/1 22/7/1 25/7/1
f 27/11/1 23/11/1 22/11/1
f 27/7/1 22/7/1 26/7/1
f 28/11/1 23/11/1 27/11/1
f 29/11/1 24/11/1 7/11/1
f 30/7/1 26/7/1 25/7/1
f 30/11/1 24/11/1 29/11/1
f 30/7/1 25/7/1 24/7/1
f 31/7/1 26/7/1 30/7/1
f 32/11/1 27/11/1 26/11/1
f 32/7/1 26/7/1 31/7/1
f 33/7/1 31/7/1 30/7/1
f 33/7/1 30/7/1 29/7/1
f 34/11/1 32/11/1 31/11/1
f 34/7/1 31/7/1 33/7/1
f 35/11/1 27/11/1 32/11/1
f 35/11/1 32/11/1 34/11/1
f 36/7/1 33/7/1 29/7/1
f 37/11/1 34/11/1 33/11/1
f 37/7/1 33/7/1 36/7/1
f 38/11/1 34/11/1 37/11/1
f 41/10/1 40/10/1 39/10/1
f 42/10/1 40/10/1 41/10/1
f 44/10/1 43/10/1 42/10/1
f 46/10/1 44/10/1 42/10/1
f 46/10/1 45/10/1 44/10/1
f 47/10/1 45/10/1 46/10/1
f 48/10/1 45/10/1 47/10/1
f 50/10/1 49/10/1 48/10/1
f 50/10/1 48/10/1 47/10/1
f 51/10/1 49/10/1 50/10/1
f 53/10/1 50/10/1 47/10/1
f 54/8/1 51/8/1 50/8/1
f 54/10/1 50/10/1 53/10/1
f 55/8/1 51/8/1 54/8/1
f 56/10/1 53/10/1 52/10/1
f 56/10/1 54/10/1 53/10/1
f 57/10/1 54/10/1 56/10/1
f 58/10/1 54/10/1 57/10/1
f 59/10/1 54/10/1 58/10/1
f 60/10/1 54/10/1 59/10/1
f 61/10/1 54/10/1 60/10/1
f 62/10/1 54/10/1 61/10/1
f 63/10/1 54/10/1 62/10/1
f 64/10/1 54/10/1 63/10/1
f 65/10/1 54/10/1 64/10/1
f 66/10/1 54/10/1 65/10/1
f 67/10/1 54/10/1 66/10/1
f 68/10/1 54/10/1 67/10/1
f 70/8/1 57/8/1 56/8/1
f 71/10/1 58/10/1 57/10/1
f 71/8/1 57/8/1 70/8/1
f 72/2/1 59/2/1 58/2/1
f 72/10/1 58/10/1 71/10/1
f 73/10/1 60/10/1 59/10/1
f 73/2/1 59/2/1 72/2/1
f 74/4/1 61/4/1 60/4/1
f 74/10/1 60/10/1 73/10/1
f 75/10/1 62/10/1 61/10/1
f 75/4/1 61/4/1 74/4/1
f 76/2/1 63/2/1 62/2/1
f 76/10/1 62/10/1 75/10/1
f 77/10/1 64/10/1 63/10/1
f 77/2/1 63/2/1 76/2/1
f 78/4/1 65/4/1 64/4/1
f 78/10/1 64/10/1 77/10/1
f 79/6/1 66/6/1 65/6/1
f 79/4/1 65/4/1 78/4/1
f 80/10/1 67/10/1 66/10/1
f 80/6/1 66/6/1 79/6/1
f 81/10/1 67/10/1 80/10/1
f 82/11/1 70/11/1 69/11/1
f 83/11/1 70/11/1 82/11/1
f 86/10/1 85/10/1 84/10/1
f 87/10/1 85/10/1 86/10/1
f 89/10/1 88/10/1 87/10/1
f 90/10/1 88/10/1 89/10/1
f 92/12/1 91/12/1 90/12/1
f 94/12/1 91/12/1 92/12/1
f 95/12/1 91/12/1 94/12/1
f 97/10/1 94/10/1 93/10/1
f 98/10/1 94/10/1 97/10/1
f 99/10/1 97/10/1 96/10/1
f 100/10/1 97/10/1 99/10/1
f 103/10/1 102/10/1 101/10/1
f 104/10/1 102/10/1 103/10/1
f 106/12/1 105/12/1 104/12/1
f 107/12/1 105/12/1 106/12/1
f 111/12/1 109/12/1 108/12/1
f 112/12/1 109/12/1 111/12/1
f 118/10/1 111/10/1 110/10/1
f 119/10/1 111/10/1 118/10/1
f 120/11/1 114/11/1 113/11/1
f 121/7/1 115/7/1 114/7/1
f 121/11/1 114/11/1 120/11/1
f 122/7/1 121/7/1 120/7/1
f 123/7/1 115/7/1 121/7/1
f 123/7/1 121/7/1 122/7/1
f 124/12/1 117/12/1 116/12/1
f 126/12/1 125/12/1 124/12/1
f 128/12/1 124/12/1 116/12/1
f 128/12/1 127/12/1 126/12/1
f 128/12/1 126/12/1 124/12/1
f 129/12/1 127/12/1 128/12/1
f 130/12/1 127/12/1 129/12/1
f 132/12/1 130/12/1 129/12/1
f 132/12/1 131/12/1 130/12/1
f 133/12/1 131/12/1 132/12/1
f 134/12/1 131/12/1 133/12/1
f 135/9/1 134/9/1 133/9/1
f 136/9/1 134/9/1 135/9/1
f 139/8/1 138/8/1 137/8/1
f 140/8/1 138/8/1 139/8/1
f 143/9/1 142/9/1 141/9/1
f 144/9/1 142/9/1 143/9/1
f 147/11/1 146/11/1 145/11/1
f 148/11/1 146/11/1 147/11/1
f 152/12/1 150/12/1 149/12/1
f 153/12/1 150/12/1 152/12/1
f 155/12/1 152/12/1 151/12/1
f 156/12/1 152/12/1 155/12/1
f 157/12/1 154/12/1 153/12/1
f 158/12/1 154/12/1 157/12/1
f 159/12/1 157/12/1 156/12/1
f 160/12/1 157/12/1 159/12/1
f 164/12/1 162/12/1 161/12/1
f 165/12/1 162/12/1 164/12/1
f 166/12/1 162/12/1 165/12/1
f 167/12/1 162/12/1 166/12/1
f 169/12/1 164/12/1 163/12/1
f 169/12/1 165/12/1 164/12/1
f 170/12/1 165/12/1 169/12/1
f 171/12/1 168/12/1 167/12/1
f 171/12/1 167/12/1 166/12/1
f 172/12/1 168/12/1 171/12/1
f 173/12/1 169/12/1 163/12/1
f 176/12/1 168/12/1 172/12/1
f 177/12/1 174/12/1 173/12/1
f 177/12/1 173/12/1 163/12/1
f 178/12/1 174/12/1 177/12/1
f 179/12/1 174/12/1 178/12/1
f 180/12/1 176/12/1 175/12/1
f 181/12/1 168/12/1 176/12/1
f 181/12/1 176/12/1 180/12/1
f 182/12/1 168/12/1 181/12/1
f 183/12/1 179/12/1 178/12/1
f 183/12/1 180/12/1 179/12/1
f 183/12/1 181/12/1 180/12/1
f 184/12/1 181/12/1 183/12/1
f 189/12/1 186/12/1 185/12/1
f 190/12/1 186/12/1 189/12/1
f 191/12/1 188/12/1 187/12/1
f 192/12/1 188/12/1 191/12/1
f 197/12/1 194/12/1 193/12/1
f 198/12/1 194/12/1 197/12/1
f 199/12/1 196/12/1 195/12/1
f 200/12/1 196/12/1 199/12/1
f 204/10/1 202/10/1 201/10/1
f 205/10/1 202/10/1 204/10/1
f 208/10/1 204/10/1 203/10/1
f 208/10/1 206/10/1 205/10/1
f 208/10/1 205/10/1 204/10/1
f 209/10/1 206/10/1 208/10/1
f 211/10/1 208/10/1 207/10/1
f 211/10/1 210/10/1 209/10/1
f 211/10/1 209/10/1 208/10/1
f 213/10/1 211/10/1 207/10/1
f 214/10/1 211/10/1 213/10/1
f 215/4/1 212/4/1 211/4/1
f 215/10/1 211/10/1 214/10/1
f 216/4/1 212/4/1 215/4/1
f 217/10/1 215/10/1 214/10/1
f 217/10/1 216/10/1 215/10/1
f 218/10/1 216/10/1 217/10/1
f 219/10/1 217/10/1 214/10/1
f 219/6/1 218/6/1 217/6/1
f 220/6/1 218/6/1 219/6/1
f 221/10/1 213/10/1 207/10/1
f 222/10/1 219/10/1 214/10/1
f 222/10/1 220/10/1 219/10/1
f 223/10/1 220/10/1 222/10/1
f 224/10/1 220/10/1 223/10/1
f 225/10/1 222/10/1 221/10/1
f 225/10/1 223/10/1 222/10/1
f 226/6/1 224/6/1 223/6/1
f 226/10/1 223/10/1 225/10/1
f 227/6/1 224/6/1 226/6/1
f 228/10/1 221/10/1 207/10/1
f 228/10/1 225/10/1 221/10/1
f 229/10/1 225/10/1 228/10/1
f 230/10/1 225/10/1 229/10/1
f 231/6/1 226/6/1 225/6/1
f 231/10/1 225/10/1 230/10/1
f 232/6/1 226/6/1 231/6/1
f 233/10/1 230/10/1 229/10/1
f 234/10/1 230/10/1 233/10/1
f 235/10/1 230/10/1 234/10/1
f 236/10/1 230/10/1 235/10/1
f 237/10/1 230/10/1 236/10/1
f 238/10/1 230/10/1 237/10/1
f 239/6/1 231/6/1 230/6/1
f 239/10/1 230/10/1 238/10/1
f 240/6/1 231/6/1 239/6/1
f 241/10/1 235/10/1 234/10/1
f 242/8/1 236/8/1 235/8/1
f 242/10/1 235/10/1 241/10/1
f 243/10/1 237/10/1 236/10/1
f 243/8/1 236/8/1 242/8/1
f 244/6/1 238/6/1 237/6/1
f 244/10/1 237/10/1 243/10/1
f 245/10/1 239/10/1 238/10/1
f 245/6/1 238/6/1 244/6/1
f 246/10/1 239/10/1 245/10/1
f 252/10/1 248/10/1 247/10/1
f 253/10/1 248/10/1 252/10/1
f 254/10/1 250/10/1 249/10/1
f 255/10/1 250/10/1 254/10/1
f 257/10/1 252/10/1 251/10/1
f 258/10/1 252/10/1 257/10/1
f 259/10/1 256/10/1 255/10/1
f 260/10/1 256/10/1 259/10/1
f 262/4/1 261/4/1 260/4/1
f 263/4/1 261/4/1 262/4/1
f 266/12/1 265/12/1 264/12/1
f 267/12/1 265/12/1 266/12/1
f 268/12/1 265/12/1 267/12/1
f 269/12/1 265/12/1 268/12/1
f 275/10/1 271/10/1 270/10/1
f 276/10/1 271/10/1 275/10/1
f 277/10/1 273/10/1 272/10/1
f 278/10/1 273/10/1 277/10/1
f 281/10/1 275/10/1 274/10/1
f 282/10/1 275/10/1 281/10/1
f 283/10/1 279/10/1 278/10/1
f 284/10/1 279/10/1 283/10/1
f 285/10/1 281/10/1 280/10/1
f 286/10/1 281/10/1 285/10/1
f 291/10/1 288/10/1 287/10/1
f 292/10/1 288/10/1 291/10/1
f 293/10/1 290/10/1 289/10/1
f 294/10/1 290/10/1 293/10/1
f 298/8/1 295/8/1 294/8/1
f 299/8/1 295/8/1 298/8/1
f 302/12/1 301/12/1 300/12/1
f 303/12/1 301/12/1 302/12/1
f 306/12/1 305/12/1 304/12/1
f 307/12/1 305/12/1 306/12/1
f 308/11/1 297/11/1 296/11/1
f 309/11/1 297/11/1 308/11/1
f 315/4/1 311/4/1 310/4/1
f 316/4/1 311/4/1 315/4/1
f 317/10/1 313/10/1 312/10/1
f 318/10/1 313/10/1 317/10/1
f 319/2/1 315/2/1 314/2/1
f 320/2/1 315/2/1 319/2/1
f 323/10/1 322/10/1 321/10/1
f 324/10/1 322/10/1 323/10/1
f 327/12/1 326/12/1 325/12/1
f 328/12/1 326/12/1 327/12/1
f 331/12/1 330/12/1 329/12/1
f 332/12/1 330/12/1 331/12/1
f 335/10/1 334/10/1 333/10/1
f 336/10/1 334/10/1 335/10/1
f 339/12/1 338/12/1 337/12/1
f 340/12/1 338/12/1 339/12/1
f 343/12/1 342/12/1 341/12/1
f 344/12/1 342/12/1 343/12/1
f 347/11/1 346/11/1 345/11/1
f 348/11/1 346/11/1 347/11/1
f 352/7/1 350/7/1 349/7/1
f 352/11/1 351/11/1 350/11/1
f 353/11/1 351/11/1 352/11/1
f 355/7/1 352/7/1 349/7/1
f 355/7/1 353/7/1 352/7/1
f 356/7/1 353/7/1 355/7/1
f 357/11/1 354/11/1 353/11/1
f 357/7/1 353/7/1 356/7/1
f 358/11/1 354/11/1 357/11/1
f 359/11/1 356/11/1 355/11/1
f 359/7/1 357/7/1 356/7/1
f 359/7/1 358/7/1 357/7/1
f 360/7/1 358/7/1 359/7/1
f 361/11/1 354/11/1 358/11/1
f 361/7/1 358/7/1 360/7/1
f 362/11/1 354/11/1 361/11/1
f 364/11/1 360/11/1 359/11/1
f 364/7/1 361/7/1 360/7/1
f 364/7/1 362/7/1 361/7/1
f 365/7/1 362/7/1 364/7/1
f 366/11/1 363/11/1 362/11/1
f 366/7/1 362/7/1 365/7/1
f 367/11/1 363/11/1 366/11/1
f 368/11/1 365/11/1 364/11/1
f 368/11/1 364/11/1 359/11/1
f 369/7/1 367/7/1 366/7/1
f 369/11/1 365/11/1 368/11/1
f 369/7/1 366/7/1 365/7/1
f 370/7/1 367/7/1 369/7/1
f 371/7/1 367/7/1 370/7/1
f 372/11/1 359/11/1 355/11/1
f 372/11/1 368/11/1 359/11/1
f 373/7/1 369/7/1 368/7/1
f 373/11/1 368/11/1 372/11/1
f 373/7/1 370/7/1 369/7/1
f 374/7/1 370/7/1 373/7/1
f 375/11/1 371/11/1 370/11/1
f 375/7/1 370/7/1 374/7/1
f 376/11/1 371/11/1 375/11/1
f 377/11/1 372/11/1 355/11/1
f 378/7/1 374/7/1 373/7/1
f 378/11/1 372/11/1 377/11/1
f 378/7/1 373/7/1 372/7/1
f 379/7/1 374/7/1 378/7/1
f 380/11/1 375/11/1 374/11/1
f 380/7/1 374/7/1 379/7/1
f 381/7/1 379/7/1 378/7/1
f 381/7/1 378/7/1 377/7/1
f 382/11/1 380/11/1 379/11/1
f 382/7/1 379/7/1 381/7/1
f 383/11/1 375/11/1 380/11/1
f 383/11/1 380/11/1 382/11/1
f 384/7/1 381/7/1 377/7/1
f 385/11/1 382/11/1 381/11/1
f 385/7/1 381/7/1 384/7/1
f 386/11/1 382/11/1 385/11/1
f 389/10/1 388/10/1 387/10/1
f 390/10/1 388/10/1 389/10/1
f 392/10/1 391/10/1 390/10/1
f 394/10/1 392/10/1 390/10/1
f 394/10/1 393/10/1 392/10/1
f 395/10/1 393/10/1 394/10/1
f 396/10/1 393/10/1 395/10/1
f 399/10/1 397/10/1 396/10/1
f 399/10/1 396/10/1 395/10/1
f 400/10/1 397/10/1 399/10/1
f 401/10/1 397/10/1 400/10/1
f 402/10/1 397/10/1 401/10/1
f 403/10/1 399/10/1 398/10/1
f 403/10/1 400/10/1 399/10/1
f 404/10/1 400/10/1 403/10/1
f 405/10/1 400/10/1 404/10/1
f 406/10/1 400/10/1 405/10/1
f 407/10/1 400/10/1 406/10/1
f 408/10/1 400/10/1 407/10/1
f 409/6/1 401/6/1 400/6/1
f 409/10/1 400/10/1 408/10/1
f 410/6/1 401/6/1 409/6/1
f 412/10/1 403/10/1 398/10/1
f 413/6/1 404/6/1 403/6/1
f 413/10/1 403/10/1 412/10/1
f 414/10/1 405/10/1 404/10/1
f 414/6/1 404/6/1 413/6/1
f 415/6/1 406/6/1 405/6/1
f 415/10/1 405/10/1 414/10/1
f 416/10/1 407/10/1 406/10/1
f 416/6/1 406/6/1 415/6/1
f 417/8/1 408/8/1 407/8/1
f 417/10/1 407/10/1 416/10/1
f 418/10/1 409/10/1 408/10/1
f 418/8/1 408/8/1 417/8/1
f 419/10/1 409/10/1 418/10/1
f 420/11/1 412/11/1 411/11/1
f 421/11/1 412/11/1 420/11/1
f 424/9/1 423/9/1 422/9/1
f 425/9/1 423/9/1 424/9/1
f 428/10/1 427/10/1 426/10/1
f 429/10/1 427/10/1 428/10/1
f 431/10/1 430/10/1 429/10/1
f 432/10/1 430/10/1 431/10/1
f 435/12/1 433/12/1 432/12/1
f 436/12/1 433/12/1 435/12/1
f 438/10/1 435/10/1 434/10/1
f 439/10/1 435/10/1 438/10/1
f 440/10/1 438/10/1 437/10/1
f 441/10/1 438/10/1 440/10/1
f 444/10/1 443/10/1 442/10/1
f 445/10/1 443/10/1 444/10/1
f 447/12/1 446/12/1 445/12/1
f 448/12/1 446/12/1 447/12/1
f 452/12/1 450/12/1 449/12/1
f 453/12/1 450/12/1 452/12/1
f 459/6/1 452/6/1 451/6/1
f 460/6/1 452/6/1 459/6/1
f 461/11/1 455/11/1 454/11/1
f 462/7/1 456/7/1 455/7/1
f 462/11/1 455/11/1 461/11/1
f 463/7/1 462/7/1 461/7/1
f 464/7/1 456/7/1 462/7/1
f 464/7/1 462/7/1 463/7/1
f 465/12/1 458/12/1 457/12/1
f 466/12/1 458/12/1 465/12/1
f 468/12/1 467/12/1 466/12/1
f 470/12/1 468/12/1 466/12/1
f 470/12/1 469/12/1 468/12/1
f 471/12/1 469/12/1 470/12/1
f 473/12/1 471/12/1 470/12/1
f 473/12/1 472/12/1 471/12/1
f 474/12/1 472/12/1 473/12/1
f 475/12/1 472/12/1 474/12/1
f 476/9/1 475/9/1 474/9/1
f 477/9/1 475/9/1 476/9/1
f 480/8/1 479/8/1 478/8/1
f 481/8/1 479/8/1 480/8/1
f 484/11/1 483/11/1 482/11/1
f 485/11/1 483/11/1 484/11/1
f 486/11/2 487/11/2 488/11/2
f 488/11/2 487/11/2 489/11/2
f 490/8/2 491/8/2 492/8/2
f 492/8/2 491/8/2 493/8/2
f 494/10/2 495/10/2 496/10/2
f 496/10/2 495/10/2 497/10/2
f 497/12/2 498/12/2 499/12/2
f 499/12/2 498/12/2 500/12/2
f 501/12/2 502/12/2 504/12/2
f 504/12/2 502/12/2 505/12/2
f 503/6/2 504/6/2 511/6/2
f 511/6/2 504/6/2 512/6/2
f 506/11/2 507/11/2 513/11/2
f 507/7/2 508/7/2 514/7/2
f 513/11/2 507/11/2 514/11/2
f 513/7/2 514/7/2 515/7/2
f 514/7/2 508/7/2 516/7/2
f 515/7/2 514/7/2 516/7/2
f 509/12/2 510/12/2 517/12/2
f 517/12/2 510/12/2 518/12/2
f 518/12/2 519/12/2 520/12/2
f 518/12/2 520/12/2 522/12/2
f 520/12/2 521/12/2 522/12/2
f 522/12/2 521/12/2 523/12/2
f 522/12/2 523/12/2 525/12/2
f 523/12/2 524/12/2 525/12/2
f 525/12/2 524/12/2 526/12/2
f 526/12/2 524/12/2 527/12/2
f 526/9/2 527/9/2 528/9/2
f 528/9/2 527/9/2 529/9/2
f 530/10/2 531/10/2 532/10/2
f 532/10/2 531/10/2 533/10/2
f 533/10/2 534/10/2 535/10/2
f 535/10/2 534/10/2 536/10/2
f 536/12/2 537/12/2 538/12/2
f 538/12/2 537/12/2 540/12/2
f 540/12/2 537/12/2 541/12/2
f 539/10/2 540/10/2 543/10/2
f 543/10/2 540/10/2 544/10/2
f 542/10/2 543/10/2 545/10/2
f 545/10/2 543/10/2 546/10/2
f 547/10/2 548/10/2 549/10/2
f 549/10/2 548/10/2 550/10/2
f 550/10/2 551/10/2 552/10/2
f 550/10/2 552/10/2 554/10/2
f 552/10/2 553/10/2 554/10/2
f 554/10/2 553/10/2 555/10/2
f 555/10/2 553/10/2 556/10/2
f 556/10/2 557/10/2 558/10/2
f 555/10/2 556/10/2 558/10/2
f 558/10/2 557/10/2 559/10/2
f 555/10/2 558/10/2 561/10/2
f 558/6/2 559/6/2 562/6/2
f 561/10/2 558/10/2 562/10/2
f 562/6/2 559/6/2 563/6/2
f 560/10/2 561/10/2 564/10/2
f 561/10/2 562/10/2 564/10/2
f 564/10/2 562/10/2 565/10/2
f 565/10/2 562/10/2 566/10/2
f 566/10/2 562/10/2 567/10/2
f 567/10/2 562/10/2 568/10/2
f 568/10/2 562/10/2 569/10/2
f 569/10/2 562/10/2 570/10/2
f 570/10/2 562/10/2 571/10/2
f 571/10/2 562/10/2 572/10/2
f 560/10/2 564/10/2 574/10/2
f 564/6/2 565/6/2 575/6/2
f 574/10/2 564/10/2 575/10/2
f 565/8/2 566/8/2 576/8/2
f 575/6/2 565/6/2 576/6/2
f 566/10/2 567/10/2 577/10/2
f 576/8/2 566/8/2 577/8/2
f 567/4/2 568/4/2 578/4/2
f 577/10/2 567/10/2 578/10/2
f 568/10/2 569/10/2 579/10/2
f 578/4/2 568/4/2 579/4/2
f 569/2/2 570/2/2 580/2/2
f 579/10/2 569/10/2 580/10/2
f 570/10/2 571/10/2 581/10/2
f 580/2/2 570/2/2 581/2/2
f 581/10/2 571/10/2 582/10/2
f 573/11/2 574/11/2 583/11/2
f 583/11/2 574/11/2 584/11/2
f 585/9/2 586/9/2 587/9/2
f 587/9/2 586/9/2 588/9/2
f 589/7/2 590/7/2 592/7/2
f 590/11/2 591/11/2 592/11/2
f 592/11/2 591/11/2 593/11/2
f 589/7/2 592/7/2 595/7/2
f 592/7/2 593/7/2 595/7/2
f 595/7/2 593/7/2 596/7/2
f 593/11/2 594/11/2 597/11/2
f 596/7/2 593/7/2 597/7/2
f 597/11/2 594/11/2 598/11/2
f 595/11/2 596/11/2 599/11/2
f 596/7/2 597/7/2 599/7/2
f 597/7/2 598/7/2 599/7/2
f 599/7/2 598/7/2 600/7/2
f 598/11/2 594/11/2 601/11/2
f 600/7/2 598/7/2 601/7/2
f 601/11/2 594/11/2 602/11/2
f 599/11/2 600/11/2 604/11/2
f 600/7/2 601/7/2 604/7/2
f 601/7/2 602/7/2 604/7/2
f 604/7/2 602/7/2 605/7/2
f 602/11/2 603/11/2 606/11/2
f 605/7/2 602/7/2 606/7/2
f 606/11/2 603/11/2 607/11/2
f 604/11/2 605/11/2 608/11/2
f 599/11/2 604/11/2 608/11/2
f 606/7/2 607/7/2 609/7/2
f 608/11/2 605/11/2 609/11/2
f 605/7/2 606/7/2 609/7/2
f 609/7/2 607/7/2 610/7/2
f 610/7/2 607/7/2 611/7/2
f 595/11/2 599/11/2 612/11/2
f 599/11/2 608/11/2 612/11/2
f 608/7/2 609/7/2 613/7/2
f 612/11/2 608/11/2 613/11/2
f 609/7/2 610/7/2 613/7/2
f 613/7/2 610/7/2 614/7/2
f 610/11/2 611/11/2 615/11/2
f 614/7/2 610/7/2 615/7/2
f 615/11/2 611/11/2 616/11/2
f 595/11/2 612/11/2 617/11/2
f 613/7/2 614/7/2 618/7/2
f 617/11/2 612/11/2 618/11/2
f 612/7/2 613/7/2 618/7/2
f 618/7/2 614/7/2 619/7/2
f 614/11/2 615/11/2 620/11/2
f 619/7/2 614/7/2 620/7/2
f 618/7/2 619/7/2 621/7/2
f 617/7/2 618/7/2 621/7/2
f 619/11/2 620/11/2 622/11/2
f 621/7/2 619/7/2 622/7/2
f 620/11/2 615/11/2 623/11/2
f 622/11/2 620/11/2 623/11/2
f 617/7/2 621/7/2 624/7/2
f 621/11/2 622/11/2 625/11/2
f 624/7/2 621/7/2 625/7/2
f 625/11/2 622/11/2 626/11/2
f 627/11/2 628/11/2 629/11/2
f 629/11/2 628/11/2 630/11/2
f 631/12/2 632/12/2 633/12/2
f 633/12/2 632/12/2 634/12/2
f 635/12/2 636/12/2 637/12/2
f 637/12/2 636/12/2 638/12/2
f 639/10/2 640/10/2 641/10/2
f 641/10/2 640/10/2 642/10/2
f 643/12/2 644/12/2 645/12/2
f 645/12/2 644/12/2 646/12/2
f 647/12/2 648/12/2 649/12/2
f 649/12/2 648/12/2 650/12/2
f 651/10/2 652/10/2 653/10/2
f 653/10/2 652/10/2 654/10/2
f 655/10/2 656/10/2 659/10/2
f 659/10/2 656/10/2 660/10/2
f 657/10/2 658/10/2 661/10/2
f 661/10/2 658/10/2 662/10/2
f 662/6/2 663/6/2 666/6/2
f 666/6/2 663/6/2 667/6/2
f 668/12/2 669/12/2 670/12/2
f 670/12/2 669/12/2 671/12/2
f 672/12/2 673/12/2 674/12/2
f 674/12/2 673/12/2 675/12/2
f 664/11/2 665/11/2 676/11/2
f 676/11/2 665/11/2 677/11/2
f 678/10/2 679/10/2 683/10/2
f 683/10/2 679/10/2 684/10/2
f 680/10/2 681/10/2 685/10/2
f 685/10/2 681/10/2 686/10/2
f 682/10/2 683/10/2 687/10/2
f 687/10/2 683/10/2 688/10/2
f 689/10/2 690/10/2 694/10/2
f 694/10/2 690/10/2 695/10/2
f 691/4/2 692/4/2 696/4/2
f 696/4/2 692/4/2 697/4/2
f 693/10/2 694/10/2 699/10/2
f 699/10/2 694/10/2 700/10/2
f 697/10/2 698/10/2 701/10/2
f 701/10/2 698/10/2 702/10/2
f 702/10/2 703/10/2 704/10/2
f 704/10/2 703/10/2 705/10/2
f 706/12/2 707/12/2 708/12/2
f 708/12/2 707/12/2 709/12/2
f 709/12/2 707/12/2 710/12/2
f 710/12/2 707/12/2 711/12/2
f 711/12/2 707/12/2 712/12/2
f 712/12/2 707/12/2 713/12/2
f 714/10/2 715/10/2 719/10/2
f 719/10/2 715/10/2 720/10/2
f 716/10/2 717/10/2 721/10/2
f 721/10/2 717/10/2 722/10/2
f 718/10/2 719/10/2 725/10/2
f 725/10/2 719/10/2 726/10/2
f 722/10/2 723/10/2 727/10/2
f 727/10/2 723/10/2 728/10/2
f 724/4/2 725/4/2 729/4/2
f 729/4/2 725/4/2 730/4/2
f 731/10/2 732/10/2 735/10/2
f 732/4/2 733/4/2 736/4/2
f 735/10/2 732/10/2 736/10/2
f 736/4/2 733/4/2 737/4/2
f 734/10/2 735/10/2 740/10/2
f 737/10/2 738/10/2 740/10/2
f 736/10/2 737/10/2 740/10/2
f 735/10/2 736/10/2 740/10/2
f 740/10/2 738/10/2 741/10/2
f 739/10/2 740/10/2 743/10/2
f 741/10/2 742/10/2 743/10/2
f 740/10/2 741/10/2 743/10/2
f 739/10/2 743/10/2 745/10/2
f 743/10/2 744/10/2 745/10/2
f 745/10/2 744/10/2 746/10/2
f 746/10/2 744/10/2 747/10/2
f 747/10/2 744/10/2 748/10/2
f 746/10/2 747/10/2 749/10/2
f 747/6/2 748/6/2 749/6/2
f 749/6/2 748/6/2 750/6/2
f 746/10/2 749/10/2 751/10/2
f 749/10/2 750/10/2 751/10/2
f 751/10/2 750/10/2 752/10/2
f 746/10/2 751/10/2 753/10/2
f 751/4/2 752/4/2 753/4/2
f 753/4/2 752/4/2 754/4/2
f 739/10/2 745/10/2 755/10/2
f 746/10/2 753/10/2 756/10/2
f 753/10/2 754/10/2 756/10/2
f 756/10/2 754/10/2 757/10/2
f 757/10/2 754/10/2 758/10/2
f 755/10/2 756/10/2 759/10/2
f 756/10/2 757/10/2 759/10/2
f 757/8/2 758/8/2 759/8/2
f 759/8/2 758/8/2 760/8/2
f 739/10/2 755/10/2 761/10/2
f 755/10/2 759/10/2 761/10/2
f 761/10/2 759/10/2 762/10/2
f 762/10/2 759/10/2 763/10/2
f 763/10/2 759/10/2 764/10/2
f 762/10/2 763/10/2 765/10/2
f 765/10/2 763/10/2 766/10/2
f 766/10/2 763/10/2 767/10/2
f 767/10/2 763/10/2 768/10/2
f 768/10/2 763/10/2 769/10/2
f 769/10/2 763/10/2 770/10/2
f 770/10/2 763/10/2 771/10/2
f 771/10/2 763/10/2 772/10/2
f 772/10/2 763/10/2 773/10/2
f 766/10/2 767/10/2 774/10/2
f 767/8/2 768/8/2 775/8/2
f 774/10/2 767/10/2 775/10/2
f 768/2/2 769/2/2 776/2/2
f 775/8/2 768/8/2 776/8/2
f 769/10/2 770/10/2 777/10/2
f 776/2/2 769/2/2 777/2/2
f 770/2/2 771/2/2 778/2/2
f 777/10/2 770/10/2 778/10/2
f 771/10/2 772/10/2 779/10/2
f 778/2/2 771/2/2 779/2/2
f 779/10/2 772/10/2 780/10/2
f 781/12/2 782/12/2 785/12/2
f 785/12/2 782/12/2 786/12/2
f 783/12/2 784/12/2 787/12/2
f 787/12/2 784/12/2 788/12/2
f 789/12/2 790/12/2 793/12/2
f 793/12/2 790/12/2 794/12/2
f 791/12/2 792/12/2 795/12/2
f 795/12/2 792/12/2 796/12/2
f 797/12/2 798/12/2 800/12/2
f 800/12/2 798/12/2 801/12/2
f 801/12/2 798/12/2 802/12/2
f 802/12/2 798/12/2 803/12/2
f 799/12/2 800/12/2 805/12/2
f 800/12/2 801/12/2 805/12/2
f 805/12/2 801/12/2 806/12/2
f 803/12/2 804/12/2 807/12/2
f 802/12/2 803/12/2 807/12/2
f 807/12/2 804/12/2 808/12/2
f 799/12/2 805/12/2 809/12/2
f 808/12/2 804/12/2 812/12/2
f 809/12/2 810/12/2 813/12/2
f 799/12/2 809/12/2 813/12/2
f 813/12/2 810/12/2 814/12/2
f 814/12/2 810/12/2 815/12/2
f 811/12/2 812/12/2 816/12/2
f 812/12/2 804/12/2 817/12/2
f 816/12/2 812/12/2 817/12/2
f 817/12/2 804/12/2 818/12/2
f 814/12/2 815/12/2 819/12/2
f 815/12/2 816/12/2 819/12/2
f 816/12/2 817/12/2 819/12/2
f 819/12/2 817/12/2 820/12/2
f 821/11/2 822/11/2 823/11/2
f 823/11/2 822/11/2 824/11/2
f 825/12/2 826/12/2 828/12/2
f 828/12/2 826/12/2 829/12/2
f 827/12/2 828/12/2 831/12/2
f 831/12/2 828/12/2 832/12/2
f 829/12/2 830/12/2 833/12/2
f 833/12/2 830/12/2 834/12/2
f 832/12/2 833/12/2 835/12/2
f 835/12/2 833/12/2 836/12/2
f 837/9/2 838/9/2 839/9/2
f 839/9/2 838/9/2 840/9/2
f 841/8/2 842/8/2 843/8/2
f 843/8/2 842/8/2 844/8/2
f 845/10/2 846/10/2 847/10/2
f 847/10/2 846/10/2 848/10/2
f 848/12/2 849/12/2 850/12/2
f 850/12/2 849/12/2 851/12/2
f 852/12/2 853/12/2 855/12/2
f 855/12/2 853/12/2 856/12/2
f 854/10/2 855/10/2 862/10/2
f 862/10/2 855/10/2 863/10/2
f 857/11/2 858/11/2 864/11/2
f 858/7/2 859/7/2 865/7/2
f 864/11/2 858/11/2 865/11/2
f 864/7/2 865/7/2 866/7/2
f 865/7/2 859/7/2 867/7/2
f 866/7/2 865/7/2 867/7/2
f 860/12/2 861/12/2 868/12/2
f 868/12/2 869/12/2 870/12/2
f 860/12/2 868/12/2 872/12/2
f 870/12/2 871/12/2 872/12/2
f 868/12/2 870/12/2 872/12/2
f 872/12/2 871/12/2 873/12/2
f 873/12/2 871/12/2 874/12/2
f 873/12/2 874/12/2 876/12/2
f 874/12/2 875/12/2 876/12/2
f 876/12/2 875/12/2 877/12/2
f 877/12/2 875/12/2 878/12/2
f 877/9/2 878/9/2 879/9/2
f 879/9/2 878/9/2 880/9/2
f 881/10/2 882/10/2 883/10/2
f 883/10/2 882/10/2 884/10/2
f 884/10/2 885/10/2 886/10/2
f 886/10/2 885/10/2 887/10/2
f 887/12/2 888/12/2 890/12/2
f 890/12/2 888/12/2 891/12/2
f 889/10/2 890/10/2 893/10/2
f 893/10/2 890/10/2 894/10/2
f 892/6/2 893/6/2 895/6/2
f 895/6/2 893/6/2 896/6/2
f 897/10/2 898/10/2 899/10/2
f 899/10/2 898/10/2 900/10/2
f 900/10/2 901/10/2 902/10/2
f 900/10/2 902/10/2 904/10/2
f 902/10/2 903/10/2 904/10/2
f 904/10/2 903/10/2 905/10/2
f 905/10/2 903/10/2 906/10/2
f 906/10/2 907/10/2 909/10/2
f 905/10/2 906/10/2 909/10/2
f 909/10/2 907/10/2 910/10/2
f 910/10/2 907/10/2 911/10/2
f 911/10/2 907/10/2 912/10/2
f 908/10/2 909/10/2 913/10/2
f 909/10/2 910/10/2 913/10/2
f 913/10/2 910/10/2 914/10/2
f 914/10/2 910/10/2 915/10/2
f 915/10/2 910/10/2 916/10/2
f 910/4/2 911/4/2 917/4/2
f 916/10/2 910/10/2 917/10/2
f 917/4/2 911/4/2 918/4/2
f 913/4/2 914/4/2 920/4/2
f 914/10/2 915/10/2 921/10/2
f 920/4/2 914/4/2 921/4/2
f 915/6/2 916/6/2 922/6/2
f 921/10/2 915/10/2 922/10/2
f 916/10/2 917/10/2 923/10/2
f 922/6/2 916/6/2 923/6/2
f 923/10/2 917/10/2 924/10/2
f 919/11/2 920/11/2 925/11/2
f 925/11/2 920/11/2 926/11/2
f 927/7/2 928/7/2 930/7/2
f 928/11/2 929/11/2 930/11/2
f 930/11/2 929/11/2 931/11/2
f 927/7/2 930/7/2 933/7/2
f 930/7/2 931/7/2 933/7/2
f 933/7/2 931/7/2 934/7/2
f 931/11/2 932/11/2 935/11/2
f 934/7/2 931/7/2 935/7/2
f 935/11/2 932/11/2 936/11/2
f 933/11/2 934/11/2 937/11/2
f 934/7/2 935/7/2 937/7/2
f 935/7/2 936/7/2 937/7/2
f 937/7/2 936/7/2 938/7/2
f 936/11/2 932/11/2 939/11/2
f 938/7/2 936/7/2 939/7/2
f 939/11/2 932/11/2 940/11/2
f 937/11/2 938/11/2 942/11/2
f 938/7/2 939/7/2 942/7/2
f 939/7/2 940/7/2 942/7/2
f 942/7/2 940/7/2 943/7/2
f 940/11/2 941/11/2 944/11/2
f 943/7/2 940/7/2 944/7/2
f 944/11/2 941/11/2 945/11/2
f 942/11/2 943/11/2 946/11/2
f 937/11/2 942/11/2 946/11/2
f 944/7/2 945/7/2 947/7/2
f 946/11/2 943/11/2 947/11/2
f 943/7/2 944/7/2 947/7/2
f 947/7/2 945/7/2 948/7/2
f 948/7/2 945/7/2 949/7/2
f 933/11/2 937/11/2 950/11/2
f 937/11/2 946/11/2 950/11/2
f 946/7/2 947/7/2 951/7/2
f 950/11/2 946/11/2 951/11/2
f 947/7/2 948/7/2 951/7/2
f 951/7/2 948/7/2 952/7/2
f 948/11/2 949/11/2 953/11/2
f 952/7/2 948/7/2 953/7/2
f 953/11/2 949/11/2 954/11/2
f 933/11/2 950/11/2 955/11/2
f 951/7/2 952/7/2 956/7/2
f 955/11/2 950/11/2 956/11/2
f 950/7/2 951/7/2 956/7/2
f 956/7/2 952/7/2 957/7/2
f 952/11/2 953/11/2 958/11/2
f 957/7/2 952/7/2 958/7/2
f 956/7/2 957/7/2 959/7/2
f 955/7/2 956/7/2 959/7/2
f 957/11/2 958/11/2 960/11/2
f 959/7/2 957/7/2 960/7/2
f 958/11/2 953/11/2 961/11/2
f 960/11/2 958/11/2 961/11/2
f 955/7/2 959/7/2 962/7/2
f 959/11/2 960/11/2 963/11/2
f 962/7/2 959/7/2 963/7/2
f 963/11/2 960/11/2 964/11/2
f 969/7/3 966/7/3 965/7/3
f 970/11/3 967/11/3 966/11/3
f 970/7/3 966/7/3 969/7/3
f 971/7/3 968/7/3 967/7/3
f 971/11/3 967/11/3 970/11/3
f 972/7/3 968/7/3 971/7/3
f 973/11/3 970/11/3 969/11/3
f 973/11/3 971/11/3 970/11/3
f 973/11/3 972/11/3 971/11/3
f 974/11/3 972/11/3 973/11/3
f 975/7/3 969/7/3 965/7/3
f 976/11/3 973/11/3 969/11/3
f 976/7/3 969/7/3 975/7/3
f 977/7/3 968/7/3 972/7/3
f 977/11/3 972/11/3 974/11/3
f 978/7/3 968/7/3 977/7/3
f 979/11/3 976/11/3 975/11/3
f 980/11/3 973/11/3 976/11/3
f 980/11/3 976/11/3 979/11/3
f 981/11/3 977/11/3 974/11/3
f 981/11/3 978/11/3 977/11/3
f 982/11/3 978/11/3 981/11/3
f 983/11/3 973/11/3 980/11/3
f 984/11/3 981/11/3 974/11/3
f 985/7/3 980/7/3 979/7/3
f 985/11/3 984/11/3 983/11/3
f 985/11/3 983/11/3 980/11/3
f 986/11/3 984/11/3 985/11/3
f 987/11/3 984/11/3 986/11/3
f 988/11/3 981/11/3 984/11/3
f 988/11/3 984/11/3 987/11/3
f 988/7/3 982/7/3 981/7/3
f 989/7/3 986/7/3 985/7/3
f 989/7/3 985/7/3 979/7/3
f 990/11/3 987/11/3 986/11/3
f 990/7/3 986/7/3 989/7/3
f 991/7/3 988/7/3 987/7/3
f 991/11/3 987/11/3 990/11/3
f 992/7/3 982/7/3 988/7/3
f 992/7/3 988/7/3 991/7/3
f 997/7/3 994/7/3 993/7/3
f 998/11/3 995/11/3 994/11/3
f 998/7/3 994/7/3 997/7/3
f 999/7/3 996/7/3 995/7/3
f 999/11/3 995/11/3 998/11/3
f 1000/7/3 996/7/3 999/7/3
f 1001/11/3 998/11/3 997/11/3
f 1001/11/3 999/11/3 998/11/3
f 1001/11/3 1000/11/3 999/11/3
f 1002/11/3 1000/11/3 1001/11/3
f 1003/7/3 997/7/3 993/7/3
f 1004/11/3 1001/11/3 997/11/3
f 1004/7/3 997/7/3 1003/7/3
f 1005/7/3 996/7/3 1000/7/3
f 1005/11/3 1000/11/3 1002/11/3
f 1006/7/3 996/7/3 1005/7/3
f 1007/11/3 1004/11/3 1003/11/3
f 1008/11/3 1001/11/3 1004/11/3
f 1008/11/3 1004/11/3 1007/11/3
f 1009/11/3 1005/11/3 1002/11/3
f 1009/11/3 1006/11/3 1005/11/3
f 1010/11/3 1006/11/3 1009/11/3
f 1011/11/3 1001/11/3 1008/11/3
f 1012/11/3 1009/11/3 1002/11/3
f 1013/7/3 1008/7/3 1007/7/3
f 1013/11/3 1012/11/3 1011/11/3
f 1013/11/3 1011/11/3 1008/11/3
f 1014/11/3 1012/11/3 1013/11/3
f 1015/11/3 1012/11/3 1014/11/3
f 1016/11/3 1009/11/3 1012/11/3
f 1016/11/3 1012/11/3 1015/11/3
f 1016/7/3 1010/7/3 1009/7/3
f 1017/7/3 1014/7/3 1013/7/3
f 1017/7/3 1013/7/3 1007/7/3
f 1018/11/3 1015/11/3 1014/11/3
f 1018/7/3 1014/7/3 1017/7/3
f 1019/7/3 1016/7/3 1015/7/3
f 1019/11/3 1015/11/3 1018/11/3
f 1020/7/3 1010/7/3 1016/7/3
f 1020/7/3 1016/7/3 1019/7/3
f 1023/8/3 1022/8/3 1021/8/3
f 1024/8/3 1022/8/3 1023/8/3
f 1025/8/3 1023/8/3 1021/8/3
f 1026/8/3 1022/8/3 1024/8/3
f 1027/8/3 1025/8/3 1021/8/3
f 1027/8/3 1026/8/3 1025/8/3
f 1028/8/3 1022/8/3 1026/8/3
f 1028/8/3 1026/8/3 1027/8/3
f 1031/8/3 1030/8/3 1029/8/3
f 1032/8/3 1030/8/3 1031/8/3
f 1033/8/3 1031/8/3 1029/8/3
f 1034/8/3 1030/8/3 1032/8/3
f 1035/8/3 1033/8/3 1029/8/3
f 1035/8/3 1034/8/3 1033/8/3
f 1036/8/3 1030/8/3 1034/8/3
f 1036/8/3 1034/8/3 1035/8/3
f 1039/8/3 1038/8/3 1037/8/3
f 1040/8/3 1038/8/3 1039/8/3
f 1043/8/3 1042/8/3 1041/8/3
f 1044/8/3 1042/8/3 1043/8/3
f 1047/11/3 1046/11/3 1045/11/3
f 1048/11/3 1046/11/3 1047/11/3
f 1049/11/3 1047/11/3 1045/11/3
f 1050/11/3 1046/11/3 1048/11/3
f 1051/11/3 1049/11/3 1045/11/3
f 1051/11/3 1050/11/3 1049/11/3
f 1052/11/3 1046/11/3 1050/11/3
f 1052/11/3 1050/11/3 1051/11/3
f 1056/10/3 1054/10/3 1053/10/3
f 1057/10/3 1054/10/3 1056/10/3
f 1060/10/3 1056/10/3 1055/10/3
f 1060/10/3 1058/10/3 1057/10/3
f 1060/10/3 1057/10/3 1056/10/3
f 1061/10/3 1058/10/3 1060/10/3
f 1062/10/3 1058/10/3 1061/10/3
f 1063/10/3 1058/10/3 1062/10/3
f 1067/9/3 1066/9/3 1065/9/3
f 1068/9/3 1066/9/3 1067/9/3
f 1069/10/3 1064/10/3 1063/10/3
f 1069/10/3 1063/10/3 1062/10/3
f 1070/10/3 1064/10/3 1069/10/3
f 1071/10/3 1069/10/3 1062/10/3
f 1071/8/3 1070/8/3 1069/8/3
f 1072/8/3 1070/8/3 1071/8/3
f 1073/10/3 1060/10/3 1059/10/3
f 1073/10/3 1061/10/3 1060/10/3
f 1074/10/3 1061/10/3 1073/10/3
f 1075/10/3 1061/10/3 1074/10/3
f 1076/10/3 1072/10/3 1071/10/3
f 1076/10/3 1071/10/3 1062/10/3
f 1077/10/3 1072/10/3 1076/10/3
f 1078/10/3 1072/10/3 1077/10/3
f 1079/10/3 1075/10/3 1074/10/3
f 1079/10/3 1077/10/3 1076/10/3
f 1079/10/3 1076/10/3 1075/10/3
f 1080/10/3 1077/10/3 1079/10/3
f 1081/10/3 1077/10/3 1080/10/3
f 1082/10/3 1077/10/3 1081/10/3
f 1083/10/3 1081/10/3 1080/10/3
f 1084/10/3 1081/10/3 1083/10/3
f 1087/12/3 1086/12/3 1085/12/3
f 1088/12/3 1086/12/3 1087/12/3
f 1089/12/3 1086/12/3 1088/12/3
f 1090/12/3 1086/12/3 1089/12/3
f 1091/9/3 1090/9/3 1089/9/3
f 1092/9/3 1090/9/3 1091/9/3
f 1098/10/3 1094/10/3 1093/10/3
f 1099/10/3 1094/10/3 1098/10/3
f 1100/10/3 1096/10/3 1095/10/3
f 1101/10/3 1096/10/3 1100/10/3
f 1103/10/3 1098/10/3 1097/10/3
f 1104/10/3 1098/10/3 1103/10/3
f 1105/10/3 1102/10/3 1101/10/3
f 1106/10/3 1102/10/3 1105/10/3
f 1111/10/3 1108/10/3 1107/10/3
f 1112/10/3 1108/10/3 1111/10/3
f 1115/10/3 1110/10/3 1109/10/3
f 1116/10/3 1110/10/3 1115/10/3
f 1117/10/3 1113/10/3 1112/10/3
f 1118/10/3 1113/10/3 1117/10/3
f 1119/10/3 1115/10/3 1114/10/3
f 1120/10/3 1115/10/3 1119/10/3
f 1123/9/3 1122/9/3 1121/9/3
f 1124/9/3 1122/9/3 1123/9/3
f 1126/12/3 1124/12/3 1123/12/3
f 1127/12/3 1126/12/3 1125/12/3
f 1128/12/3 1126/12/3 1127/12/3
f 1129/12/3 1124/12/3 1126/12/3
f 1129/12/3 1126/12/3 1128/12/3
f 1134/10/3 1131/10/3 1130/10/3
f 1135/10/3 1131/10/3 1134/10/3
f 1136/10/3 1133/10/3 1132/10/3
f 1137/10/3 1133/10/3 1136/10/3
f 1142/10/3 1139/10/3 1138/10/3
f 1143/10/3 1139/10/3 1142/10/3
f 1144/10/3 1141/10/3 1140/10/3
f 1145/10/3 1141/10/3 1144/10/3
f 1148/12/3 1147/12/3 1146/12/3
f 1149/12/3 1147/12/3 1148/12/3
f 1152/12/3 1151/12/3 1150/12/3
f 1153/12/3 1151/12/3 1152/12/3
f 1156/9/3 1155/9/3 1154/9/3
f 1157/9/3 1155/9/3 1156/9/3
f 1160/9/3 1159/9/3 1158/9/3
f 1161/9/3 1159/9/3 1160/9/3
f 1165/12/3 1163/12/3 1162/12/3
f 1166/12/3 1163/12/3 1165/12/3
f 1168/12/3 1165/12/3 1164/12/3
f 1168/12/3 1167/12/3 1166/12/3
f 1168/12/3 1166/12/3 1165/12/3
f 1169/12/3 1167/12/3 1168/12/3
f 1172/12/3 1171/12/3 1170/12/3
f 1173/12/3 1171/12/3 1172/12/3
f 1174/12/3 1171/12/3 1173/12/3
f 1175/12/3 1171/12/3 1174/12/3
f 1176/12/3 1174/12/3 1173/12/3
f 1177/12/3 1174/12/3 1176/12/3
f 1182/12/3 1179/12/3 1178/12/3
f 1183/12/3 1179/12/3 1182/12/3
f 1186/12/3 1181/12/3 1180/12/3
f 1187/12/3 1181/12/3 1186/12/3
f 1188/12/3 1185/12/3 1184/12/3
f 1189/12/3 1185/12/3 1188/12/3
f 1194/12/3 1191/12/3 1190/12/3
f 1195/12/3 1191/12/3 1194/12/3
f 1198/12/3 1193/12/3 1192/12/3
f 1199/12/3 1193/12/3 1198/12/3
f 1200/12/3 1197/12/3 1196/12/3
f 1201/12/3 1197/12/3 1200/12/3
f 1205/9/3 1203/9/3 1202/9/3
f 1206/9/3 1203/9/3 1205/9/3
f 1208/12/3 1205/12/3 1204/12/3
f 1209/12/3 1205/12/3 1208/12/3
f 1210/12/3 1207/12/3 1206/12/3
f 1211/12/3 1207/12/3 1210/12/3
f 1216/12/3 1213/12/3 1212/12/3
f 1217/12/3 1213/12/3 1216/12/3
f 1218/12/3 1215/12/3 1214/12/3
f 1219/12/3 1215/12/3 1218/12/3
f 1220/9/3 1218/9/3 1217/9/3
f 1221/9/3 1218/9/3 1220/9/3
f 1222/11/4 1223/11/4 1226/11/4
f 1226/11/4 1223/11/4 1227/11/4
f 1224/11/4 1225/11/4 1228/11/4
f 1228/11/4 1225/11/4 1229/11/4
f 1230/11/4 1231/11/4 1234/11/4
f 1234/11/4 1231/11/4 1235/11/4
f 1232/11/4 1233/11/4 1236/11/4
f 1236/11/4 1233/11/4 1237/11/4
f 1238/11/4 1239/11/4 1242/11/4
f 1242/11/4 1239/11/4 1243/11/4
f 1240/11/4 1241/11/4 1244/11/4
f 1244/11/4 1241/11/4 1245/11/4
f 1246/11/4 1247/11/4 1250/11/4
f 1250/11/4 1247/11/4 1251/11/4
f 1248/11/4 1249/11/4 1252/11/4
f 1252/11/4 1249/11/4 1253/11/4
f 1254/11/4 1255/11/4 1259/11/4
f 1259/11/4 1255/11/4 1260/11/4
f 1256/11/4 1257/11/4 1261/11/4
f 1261/11/4 1257/11/4 1262/11/4
f 1262/11/4 1257/11/4 1263/11/4
f 1263/11/4 1264/11/4 1265/11/4
f 1265/11/4 1264/11/4 1266/11/4
f 1266/11/4 1264/11/4 1267/11/4
f 1267/11/4 1264/11/4 1268/11/4
f 1258/10/4 1259/10/4 1272/10/4
f 1272/10/4 1259/10/4 1273/10/4
f 1270/11/4 1271/11/4 1276/11/4
f 1269/11/4 1270/11/4 1276/11/4
f 1276/11/4 1271/11/4 1277/11/4
f 1273/11/4 1274/11/4 1278/11/4
f 1278/11/4 1274/11/4 1279/11/4
f 1275/11/4 1276/11/4 1280/11/4
f 1280/11/4 1276/11/4 1281/11/4
f 1282/11/4 1283/11/4 1287/11/4
f 1287/11/4 1283/11/4 1288/11/4
f 1284/11/4 1285/11/4 1289/11/4
f 1289/11/4 1285/11/4 1290/11/4
f 1290/11/4 1291/11/4 1292/11/4
f 1292/11/4 1291/11/4 1293/11/4
f 1293/11/4 1291/11/4 1294/11/4
f 1295/11/4 1296/11/4 1298/11/4
f 1296/11/4 1297/11/4 1298/11/4
f 1286/10/4 1287/10/4 1299/10/4
f 1299/10/4 1287/10/4 1300/10/4
f 1298/11/4 1297/11/4 1304/11/4
f 1304/11/4 1297/11/4 1305/11/4
f 1300/11/4 1301/11/4 1306/11/4
f 1306/11/4 1301/11/4 1307/11/4
f 1302/11/4 1303/11/4 1308/11/4
f 1303/11/4 1304/11/4 1308/11/4
f 1308/11/4 1304/11/4 1309/11/4
f 1310/11/4 1311/11/4 1314/11/4
f 1311/7/4 1312/7/4 1314/7/4
f 1312/11/4 1313/11/4 1315/11/4
f 1314/7/4 1312/7/4 1315/7/4
f 1310/11/4 1314/11/4 1316/11/4
f 1314/11/4 1315/11/4 1316/11/4
f 1315/11/4 1313/11/4 1317/11/4
f 1316/11/4 1315/11/4 1317/11/4
f 1318/7/4 1319/7/4 1320/7/4
f 1320/7/4 1319/7/4 1321/7/4
f 1321/7/4 1319/7/4 1322/7/4
f 1323/11/4 1324/11/4 1325/11/4
f 1325/11/4 1324/11/4 1326/11/4
f 1323/11/4 1325/11/4 1327/11/4
f 1325/7/4 1326/7/4 1328/7/4
f 1327/11/4 1325/11/4 1328/11/4
f 1326/11/4 1324/11/4 1329/11/4
f 1328/7/4 1326/7/4 1329/7/4
f 1329/11/4 1324/11/4 1330/11/4
f 1331/11/4 1332/11/4 1335/11/4
f 1332/7/4 1333/7/4 1335/7/4
f 1333/11/4 1334/11/4 1336/11/4
f 1335/7/4 1333/7/4 1336/7/4
f 1331/11/4 1335/11/4 1337/11/4
f 1335/11/4 1336/11/4 1337/11/4
f 1336/11/4 1334/11/4 1338/11/4
f 1337/11/4 1336/11/4 1338/11/4
f 1339/7/4 1340/7/4 1341/7/4
f 1341/7/4 1340/7/4 1342/7/4
f 1343/11/4 1344/11/4 1345/11/4
f 1345/11/4 1344/11/4 1346/11/4
f 1343/11/4 1345/11/4 1347/11/4
f 1345/7/4 1346/7/4 1348/7/4
f 1347/11/4 1345/11/4 1348/11/4
f 1346/11/4 1344/11/4 1349/11/4
f 1348/7/4 1346/7/4 1349/7/4
f 1349/11/4 1344/11/4 1350/11/4
f 1351/10/4 1352/10/4 1355/10/4
f 1355/10/4 1352/10/4 1356/10/4
f 1353/10/4 1354/10/4 1357/10/4
f 1357/10/4 1354/10/4 1358/10/4
f 1359/12/4 1360/12/4 1361/12/4
f 1361/12/4 1360/12/4 1362/12/4
f 1362/12/4 1360/12/4 1363/12/4
f 1363/12/4 1364/12/4 1369/12/4
f 1369/12/4 1364/12/4 1370/12/4
f 1365/10/4 1366/10/4 1371/10/4
f 1371/10/4 1366/10/4 1372/10/4
f 1367/10/4 1368/10/4 1373/10/4
f 1373/10/4 1368/10/4 1374/10/4
f 1369/9/4 1370/9/4 1375/9/4
f 1375/9/4 1370/9/4 1376/9/4
f 1377/10/4 1378/10/4 1383/10/4
f 1383/10/4 1378/10/4 1384/10/4
f 1379/10/4 1380/10/4 1385/10/4
f 1385/10/4 1380/10/4 1386/10/4
f 1381/9/4 1382/9/4 1387/9/4
f 1387/9/4 1382/9/4 1388/9/4
f 1387/12/4 1388/12/4 1390/12/4
f 1390/12/4 1388/12/4 1391/12/4
f 1389/12/4 1390/12/4 1392/12/4
f 1392/12/4 1390/12/4 1393/12/4
f 1394/10/4 1395/10/4 1398/10/4
f 1398/10/4 1395/10/4 1399/10/4
f 1396/10/4 1397/10/4 1400/10/4
f 1400/10/4 1397/10/4 1401/10/4
f 1402/10/4 1403/10/4 1407/10/4
f 1407/10/4 1403/10/4 1408/10/4
f 1404/10/4 1405/10/4 1409/10/4
f 1409/10/4 1405/10/4 1410/10/4
f 1406/10/4 1407/10/4 1412/10/4
f 1412/10/4 1407/10/4 1413/10/4
f 1410/10/4 1411/10/4 1414/10/4
f 1414/10/4 1411/10/4 1415/10/4
f 1416/12/4 1417/12/4 1422/12/4
f 1422/12/4 1417/12/4 1423/12/4
f 1418/10/4 1419/10/4 1424/10/4
f 1424/10/4 1419/10/4 1425/10/4
f 1420/10/4 1421/10/4 1428/10/4
f 1428/10/4 1421/10/4 1429/10/4
f 1425/10/4 1426/10/4 1430/10/4
f 1430/10/4 1426/10/4 1431/10/4
f 1427/10/4 1428/10/4 1432/10/4
f 1432/10/4 1428/10/4 1433/10/4
f 1434/10/4 1435/10/4 1439/10/4
f 1439/10/4 1435/10/4 1440/10/4
f 1436/6/4 1437/6/4 1441/6/4
f 1441/6/4 1437/6/4 1442/6/4
f 1438/10/4 1439/10/4 1444/10/4
f 1444/10/4 1439/10/4 1445/10/4
f 1442/10/4 1443/10/4 1446/10/4
f 1446/10/4 1443/10/4 1447/10/4
f 1448/12/4 1449/12/4 1454/12/4
f 1454/12/4 1449/12/4 1455/12/4
f 1450/10/4 1451/10/4 1456/10/4
f 1456/10/4 1451/10/4 1457/10/4
f 1452/6/4 1453/6/4 1460/6/4
f 1460/6/4 1453/6/4 1461/6/4
f 1457/10/4 1458/10/4 1462/10/4
f 1462/10/4 1458/10/4 1463/10/4
f 1459/4/4 1460/4/4 1464/4/4
f 1464/4/4 1460/4/4 1465/4/4
f 1466/10/4 1467/10/4 1470/10/4
f 1467/8/4 1468/8/4 1471/8/4
f 1470/10/4 1467/10/4 1471/10/4
f 1471/8/4 1468/8/4 1472/8/4
f 1469/10/4 1470/10/4 1475/10/4
f 1475/10/4 1470/10/4 1476/10/4
f 1472/10/4 1473/10/4 1477/10/4
f 1477/10/4 1473/10/4 1478/10/4
f 1478/10/4 1479/10/4 1482/10/4
f 1482/10/4 1479/10/4 1483/10/4
f 1474/10/4 1475/10/4 1484/10/4
f 1484/10/4 1475/10/4 1485/10/4
f 1482/6/4 1483/6/4 1488/6/4
f 1488/6/4 1483/6/4 1489/6/4
f 1480/12/4 1481/12/4 1490/12/4
f 1490/12/4 1481/12/4 1491/12/4
f 1485/10/4 1486/10/4 1492/10/4
f 1492/10/4 1486/10/4 1493/10/4
f 1487/10/4 1488/10/4 1495/10/4
f 1495/10/4 1488/10/4 1496/10/4
f 1493/10/4 1494/10/4 1497/10/4
f 1494/6/4 1495/6/4 1498/6/4
f 1497/10/4 1494/10/4 1498/10/4
f 1498/6/4 1495/6/4 1499/6/4
f 1500/10/4 1501/10/4 1503/10/4
f 1503/10/4 1501/10/4 1504/10/4
f 1502/10/4 1503/10/4 1507/10/4
f 1507/10/4 1503/10/4 1508/10/4
f 1504/10/4 1505/10/4 1509/10/4
f 1509/10/4 1505/10/4 1510/10/4
f 1510/6/4 1511/6/4 1514/6/4
f 1514/6/4 1511/6/4 1515/6/4
f 1506/10/4 1507/10/4 1516/10/4
f 1516/10/4 1507/10/4 1517/10/4
f 1514/10/4 1515/10/4 1520/10/4
f 1520/10/4 1515/10/4 1521/10/4
f 1512/12/4 1513/12/4 1522/12/4
f 1522/12/4 1513/12/4 1523/12/4
f 1517/10/4 1518/10/4 1524/10/4
f 1524/10/4 1518/10/4 1525/10/4
f 1519/10/4 1520/10/4 1526/10/4
f 1526/10/4 1520/10/4 1527/10/4
f 1525/10/4 1526/10/4 1528/10/4
f 1528/10/4 1526/10/4 1529/10/4
f 1530/12/4 1531/12/4 1533/12/4
f 1533/12/4 1531/12/4 1534/12/4
f 1534/12/4 1531/12/4 1535/12/4
f 1535/12/4 1531/12/4 1536/12/4
f 1532/12/4 1533/12/4 1541/12/4
f 1533/3/4 1534/3/4 1541/3/4
f 1534/1/4 1535/1/4 1542/1/4
f 1541/3/4 1534/3/4 1542/3/4
f 1542/1/4 1535/1/4 1543/1/4
f 1535/9/4 1536/9/4 1544/9/4
f 1543/1/4 1535/1/4 1544/1/4
f 1536/12/4 1537/12/4 1545/12/4
f 1544/9/4 1536/9/4 1545/9/4
f 1532/12/4 1541/12/4 1546/12/4
f 1541/9/4 1542/9/4 1547/9/4
f 1546/12/4 1541/12/4 1547/12/4
f 1542/5/4 1543/5/4 1548/5/4
f 1547/9/4 1542/9/4 1548/9/4
f 1543/9/4 1544/9/4 1549/9/4
f 1548/5/4 1543/5/4 1549/5/4
f 1544/3/4 1545/3/4 1550/3/4
f 1549/9/4 1544/9/4 1550/9/4
f 1545/12/4 1537/12/4 1551/12/4
f 1550/3/4 1545/3/4 1551/3/4
f 1551/12/4 1537/12/4 1552/12/4
f 1538/12/4 1539/12/4 1553/12/4
f 1539/9/4 1540/9/4 1554/9/4
f 1553/12/4 1539/12/4 1554/12/4
f 1554/9/4 1540/9/4 1555/9/4
f 1549/12/4 1550/12/4 1556/12/4
f 1550/12/4 1551/12/4 1556/12/4
f 1548/12/4 1549/12/4 1556/12/4
f 1547/12/4 1548/12/4 1556/12/4
f 1556/12/4 1551/12/4 1557/12/4
f 1558/12/4 1559/12/4 1561/12/4
f 1561/12/4 1559/12/4 1562/12/4
f 1562/12/4 1559/12/4 1563/12/4
f 1563/12/4 1559/12/4 1564/12/4
f 1564/12/4 1559/12/4 1565/12/4
f 1560/12/4 1561/12/4 1570/12/4
f 1561/9/4 1562/9/4 1570/9/4
f 1562/1/4 1563/1/4 1571/1/4
f 1570/9/4 1562/9/4 1571/9/4
f 1563/9/4 1564/9/4 1572/9/4
f 1571/1/4 1563/1/4 1572/1/4
f 1564/3/4 1565/3/4 1573/3/4
f 1572/9/4 1564/9/4 1573/9/4
f 1565/12/4 1566/12/4 1574/12/4
f 1573/3/4 1565/3/4 1574/3/4
f 1560/12/4 1570/12/4 1575/12/4
f 1570/5/4 1571/5/4 1576/5/4
f 1575/12/4 1570/12/4 1576/12/4
f 1571/9/4 1572/9/4 1577/9/4
f 1576/5/4 1571/5/4 1577/5/4
f 1572/1/4 1573/1/4 1578/1/4
f 1577/9/4 1572/9/4 1578/9/4
f 1573/9/4 1574/9/4 1579/9/4
f 1578/1/4 1573/1/4 1579/1/4
f 1574/12/4 1566/12/4 1580/12/4
f 1579/9/4 1574/9/4 1580/9/4
f 1580/12/4 1566/12/4 1581/12/4
f 1567/12/4 1568/12/4 1582/12/4
f 1568/9/4 1569/9/4 1583/9/4
f 1582/12/4 1568/12/4 1583/12/4
f 1583/9/4 1569/9/4 1584/9/4
f 1579/12/4 1580/12/4 1585/12/4
f 1577/12/4 1578/12/4 1585/12/4
f 1576/12/4 1577/12/4 1585/12/4
f 1578/12/4 1579/12/4 1585/12/4
f 1585/12/4 1580/12/4 1586/12/4
f 1587/9/4 1588/9/4 1590/9/4
f 1590/9/4 1588/9/4 1591/9/4
f 1589/12/4 1590/12/4 1593/12/4
f 1593/12/4 1590/12/4 1594/12/4
f 1591/12/4 1592/12/4 1595/12/4
f 1595/12/4 1592/12/4 1596/12/4
f 1597/12/4 1598/12/4 1601/12/4
f 1601/12/4 1598/12/4 1602/12/4
f 1599/12/4 1600/12/4 1603/12/4
f 1603/12/4 1600/12/4 1604/12/4
f 1602/9/4 1603/9/4 1605/9/4
f 1605/9/4 1603/9/4 1606/9/4
f 1607/12/4 1608/12/4 1611/12/4
f 1611/12/4 1608/12/4 1612/12/4
f 1609/12/4 1610/12/4 1615/12/4
f 1615/12/4 1610/12/4 1616/12/4
f 1613/12/4 1614/12/4 1617/12/4
f 1617/12/4 1614/12/4 1618/12/4
f 1619/12/4 1620/12/4 1623/12/4
f 1623/12/4 1620/12/4 1624/12/4
f 1621/12/4 1622/12/4 1627/12/4
f 1627/12/4 1622/12/4 1628/12/4
f 1625/12/4 1626/12/4 1629/12/4
f 1629/12/4 1626/12/4 1630/12/4
f 1631/12/4 1632/12/4 1634/12/4
f 1634/12/4 1632/12/4 1635/12/4
f 1633/12/4 1634/12/4 1639/12/4
f 1634/12/4 1635/12/4 1639/12/4
f 1635/12/4 1636/12/4 1639/12/4
f 1639/12/4 1636/12/4 1640/12/4
f 1637/10/4 1638/10/4 1643/10/4
f 1643/10/4 1638/10/4 1644/10/4
f 1641/10/4 1642/10/4 1645/10/4
f 1645/10/4 1642/10/4 1646/10/4
f 1647/4/4 1648/4/4 1651/4/4
f 1651/4/4 1648/4/4 1652/4/4
f 1649/10/4 1650/10/4 1655/10/4
f 1655/10/4 1650/10/4 1656/10/4
f 1653/12/4 1654/12/4 1657/12/4
f 1657/12/4 1654/12/4 1658/12/4
f 1658/12/4 1654/12/4 1659/12/4
f 1659/12/4 1654/12/4 1660/12/4
f 1658/12/4 1659/12/4 1661/12/4
f 1661/12/4 1659/12/4 1662/12/4
f 1663/10/4 1664/10/4 1668/10/4
f 1668/10/4 1664/10/4 1669/10/4
f 1665/6/4 1666/6/4 1670/6/4
f 1670/6/4 1666/6/4 1671/6/4
f 1667/10/4 1668/10/4 1673/10/4
f 1673/10/4 1668/10/4 1674/10/4
f 1671/10/4 1672/10/4 1675/10/4
f 1675/10/4 1672/10/4 1676/10/4
f 1677/4/4 1678/4/4 1681/4/4
f 1681/4/4 1678/4/4 1682/4/4
f 1679/4/4 1680/4/4 1685/4/4
f 1685/4/4 1680/4/4 1686/4/4
f 1682/10/4 1683/10/4 1687/10/4
f 1687/10/4 1683/10/4 1688/10/4
f 1684/10/4 1685/10/4 1689/10/4
f 1689/10/4 1685/10/4 1690/10/4
f 1691/10/4 1692/10/4 1696/10/4
f 1696/10/4 1692/10/4 1697/10/4
f 1693/6/4 1694/6/4 1698/6/4
f 1698/6/4 1694/6/4 1699/6/4
f 1695/10/4 1696/10/4 1702/10/4
f 1702/10/4 1696/10/4 1703/10/4
f 1699/10/4 1700/10/4 1704/10/4
f 1704/10/4 1700/10/4 1705/10/4
f 1701/10/4 1702/10/4 1707/10/4
f 1707/10/4 1702/10/4 1708/10/4
f 1705/2/4 1706/2/4 1709/2/4
f 1709/2/4 1706/2/4 1710/2/4
f 1711/10/4 1712/10/4 1715/10/4
f 1715/10/4 1712/10/4 1716/10/4
f 1713/10/4 1714/10/4 1719/10/4
f 1719/10/4 1714/10/4 1720/10/4
f 1716/10/4 1717/10/4 1721/10/4
f 1721/10/4 1717/10/4 1722/10/4
f 1718/10/4 1719/10/4 1725/10/4
f 1725/10/4 1719/10/4 1726/10/4
f 1722/10/4 1723/10/4 1727/10/4
f 1727/10/4 1723/10/4 1728/10/4
f 1724/10/4 1725/10/4 1729/10/4
f 1729/10/4 1725/10/4 1730/10/4
f 1731/4/4 1732/4/4 1738/4/4
f 1732/10/4 1733/10/4 1739/10/4
f 1738/4/4 1732/4/4 1739/4/4
f 1733/6/4 1734/6/4 1740/6/4
f 1739/10/4 1733/10/4 1740/10/4
f 1734/10/4 1735/10/4 1741/10/4
f 1740/6/4 1734/6/4 1741/6/4
f 1735/6/4 1736/6/4 1742/6/4
f 1741/10/4 1735/10/4 1742/10/4
f 1742/6/4 1736/6/4 1743/6/4
f 1737/4/4 1738/4/4 1746/4/4
f 1738/10/4 1739/10/4 1747/10/4
f 1746/4/4 1738/4/4 1747/4/4
f 1747/10/4 1739/10/4 1748/10/4
f 1743/10/4 1744/10/4 1749/10/4
f 1742/10/4 1743/10/4 1749/10/4
f 1749/10/4 1744/10/4 1750/10/4
f 1750/10/4 1744/10/4 1751/10/4
f 1745/8/4 1746/8/4 1754/8/4
f 1746/10/4 1747/10/4 1755/10/4
f 1754/8/4 1746/8/4 1755/8/4
f 1755/10/4 1747/10/4 1756/10/4
f 1750/10/4 1751/10/4 1757/10/4
f 1751/4/4 1752/4/4 1758/4/4
f 1757/10/4 1751/10/4 1758/10/4
f 1758/4/4 1752/4/4 1759/4/4
f 1753/10/4 1754/10/4 1761/10/4
f 1754/10/4 1755/10/4 1761/10/4
f 1761/10/4 1755/10/4 1762/10/4
f 1759/10/4 1760/10/4 1763/10/4
f 1758/10/4 1759/10/4 1763/10/4
f 1763/10/4 1760/10/4 1764/10/4
f 1753/10/4 1761/10/4 1765/10/4
f 1765/10/4 1761/10/4 1766/10/4
f 1764/10/4 1760/10/4 1767/10/4
f 1767/10/4 1760/10/4 1768/10/4
f 1765/4/4 1766/4/4 1769/4/4
f 1769/4/4 1766/4/4 1770/4/4
f 1767/6/4 1768/6/4 1771/6/4
f 1771/6/4 1768/6/4 1772/6/4
f 1771/10/4 1772/10/4 1773/10/4
f 1773/10/4 1772/10/4 1774/10/4
f 1769/10/4 1770/10/4 1775/10/4
f 1773/2/4 1774/2/4 1778/2/4
f 1778/2/4 1774/2/4 1779/2/4
f 1775/10/4 1776/10/4 1780/10/4
f 1769/10/4 1775/10/4 1780/10/4
f 1780/10/4 1776/10/4 1781/10/4
f 1781/10/4 1776/10/4 1782/10/4
f 1777/6/4 1778/6/4 1785/6/4
f 1778/10/4 1779/10/4 1786/10/4
f 1785/6/4 1778/6/4 1786/6/4
f 1786/10/4 1779/10/4 1787/10/4
f 1781/6/4 1782/6/4 1788/6/4
f 1782/10/4 1783/10/4 1789/10/4
f 1788/6/4 1782/6/4 1789/6/4
f 1789/10/4 1783/10/4 1790/10/4
f 1784/6/4 1785/6/4 1793/6/4
f 1785/10/4 1786/10/4 1794/10/4
f 1793/6/4 1785/6/4 1794/6/4
f 1794/10/4 1786/10/4 1795/10/4
f 1789/10/4 1790/10/4 1796/10/4
f 1790/4/4 1791/4/4 1797/4/4
f 1796/10/4 1790/10/4 1797/10/4
f 1797/4/4 1791/4/4 1798/4/4
f 1792/10/4 1793/10/4 1803/10/4
f 1793/10/4 1794/10/4 1803/10/4
f 1803/10/4 1794/10/4 1804/10/4
f 1804/10/4 1794/10/4 1805/10/4
f 1797/10/4 1798/10/4 1806/10/4
f 1798/10/4 1799/10/4 1806/10/4
f 1799/6/4 1800/6/4 1807/6/4
f 1806/10/4 1799/10/4 1807/10/4
f 1800/10/4 1801/10/4 1808/10/4
f 1807/6/4 1800/6/4 1808/6/4
f 1801/4/4 1802/4/4 1809/4/4
f 1808/10/4 1801/10/4 1809/10/4
f 1802/10/4 1803/10/4 1810/10/4
f 1809/4/4 1802/4/4 1810/4/4
f 1803/8/4 1804/8/4 1811/8/4
f 1810/10/4 1803/10/4 1811/10/4
f 1811/8/4 1804/8/4 1812/8/4
f 1813/12/4 1814/12/4 1816/12/4
f 1816/12/4 1814/12/4 1817/12/4
f 1817/12/4 1814/12/4 1818/12/4
f 1818/12/4 1814/12/4 1819/12/4
f 1819/12/4 1814/12/4 1820/12/4
f 1820/12/4 1814/12/4 1821/12/4
f 1821/12/4 1814/12/4 1822/12/4
f 1815/12/4 1816/12/4 1825/12/4
f 1816/12/4 1817/12/4 1825/12/4
f 1825/12/4 1817/12/4 1826/12/4
f 1817/5/4 1818/5/4 1827/5/4
f 1826/12/4 1817/12/4 1827/12/4
f 1818/9/4 1819/9/4 1828/9/4
f 1827/5/4 1818/5/4 1828/5/4
f 1819/3/4 1820/3/4 1829/3/4
f 1828/9/4 1819/9/4 1829/9/4
f 1820/9/4 1821/9/4 1830/9/4
f 1829/3/4 1820/3/4 1830/3/4
f 1822/12/4 1823/12/4 1831/12/4
f 1830/9/4 1821/9/4 1831/9/4
f 1821/12/4 1822/12/4 1831/12/4
f 1831/12/4 1823/12/4 1832/12/4
f 1832/12/4 1823/12/4 1833/12/4
f 1824/12/4 1825/12/4 1836/12/4
f 1825/12/4 1826/12/4 1836/12/4
f 1836/12/4 1826/12/4 1837/12/4
f 1826/7/4 1827/7/4 1838/7/4
f 1837/12/4 1826/12/4 1838/12/4
f 1827/9/4 1828/9/4 1839/9/4
f 1838/7/4 1827/7/4 1839/7/4
f 1828/3/4 1829/3/4 1840/3/4
f 1839/9/4 1828/9/4 1840/9/4
f 1829/1/4 1830/1/4 1841/1/4
f 1840/3/4 1829/3/4 1841/3/4
f 1830/9/4 1831/9/4 1842/9/4
f 1841/1/4 1830/1/4 1842/1/4
f 1831/9/4 1832/9/4 1842/9/4
f 1842/9/4 1832/9/4 1843/9/4
f 1833/12/4 1834/12/4 1844/12/4
f 1843/9/4 1832/9/4 1844/9/4
f 1832/12/4 1833/12/4 1844/12/4
f 1844/12/4 1834/12/4 1845/12/4
f 1845/12/4 1834/12/4 1846/12/4
f 1836/12/4 1837/12/4 1848/12/4
f 1835/12/4 1836/12/4 1848/12/4
f 1837/9/4 1838/9/4 1849/9/4
f 1848/12/4 1837/12/4 1849/12/4
f 1838/1/4 1839/1/4 1850/1/4
f 1849/9/4 1838/9/4 1850/9/4
f 1839/5/4 1840/5/4 1851/5/4
f 1850/1/4 1839/1/4 1851/1/4
f 1840/9/4 1841/9/4 1852/9/4
f 1851/5/4 1840/5/4 1852/5/4
f 1841/7/4 1842/7/4 1853/7/4
f 1852/9/4 1841/9/4 1853/9/4
f 1842/9/4 1843/9/4 1854/9/4
f 1853/7/4 1842/7/4 1854/7/4
f 1843/3/4 1844/3/4 1855/3/4
f 1854/9/4 1843/9/4 1855/9/4
f 1844/1/4 1845/1/4 1856/1/4
f 1855/3/4 1844/3/4 1856/3/4
f 1846/12/4 1847/12/4 1857/12/4
f 1856/1/4 1845/1/4 1857/1/4
f 1845/12/4 1846/12/4 1857/12/4
f 1857/12/4 1847/12/4 1858/12/4
f 1835/12/4 1848/12/4 1859/12/4
f 1848/3/4 1849/3/4 1859/3/4
f 1849/9/4 1850/9/4 1860/9/4
f 1859/3/4 1849/3/4 1860/3/4
f 1850/3/4 1851/3/4 1861/3/4
f 1860/9/4 1850/9/4 1861/9/4
f 1852/9/4 1853/9/4 1862/9/4
f 1861/3/4 1851/3/4 1862/3/4
f 1851/9/4 1852/9/4 1862/9/4
f 1853/9/4 1854/9/4 1862/9/4
f 1862/9/4 1854/9/4 1863/9/4
f 1863/9/4 1854/9/4 1864/9/4
f 1854/5/4 1855/5/4 1865/5/4
f 1864/9/4 1854/9/4 1865/9/4
f 1855/9/4 1856/9/4 1866/9/4
f 1865/5/4 1855/5/4 1866/5/4
f 1856/5/4 1857/5/4 1867/5/4
f 1866/9/4 1856/9/4 1867/9/4
f 1857/9/4 1858/9/4 1868/9/4
f 1867/5/4 1857/5/4 1868/5/4
f 1858/12/4 1847/12/4 1869/12/4
f 1868/9/4 1858/9/4 1869/9/4
f 1835/12/4 1859/12/4 1870/12/4
f 1859/9/4 1860/9/4 1870/9/4
f 1860/7/4 1861/7/4 1871/7/4
f 1870/9/4 1860/9/4 1871/9/4
f 1861/9/4 1862/9/4 1872/9/4
f 1871/7/4 1861/7/4 1872/7/4
f 1862/9/4 1863/9/4 1872/9/4
f 1872/9/4 1863/9/4 1873/9/4
f 1863/5/4 1864/5/4 1874/5/4
f 1873/9/4 1863/9/4 1874/9/4
f 1864/3/4 1865/3/4 1875/3/4
f 1874/5/4 1864/5/4 1875/5/4
f 1865/9/4 1866/9/4 1876/9/4
f 1875/3/4 1865/3/4 1876/3/4
f 1866/5/4 1867/5/4 1877/5/4
f 1876/9/4 1866/9/4 1877/9/4
f 1867/9/4 1868/9/4 1878/9/4
f 1877/5/4 1867/5/4 1878/5/4
f 1868/7/4 1869/7/4 1879/7/4
f 1878/9/4 1868/9/4 1879/9/4
f 1869/12/4 1847/12/4 1880/12/4
f 1879/7/4 1869/7/4 1880/7/4
f 1835/12/4 1870/12/4 1881/12/4
f 1870/12/4 1871/12/4 1881/12/4
f 1881/12/4 1871/12/4 1882/12/4
f 1871/1/4 1872/1/4 1883/1/4
f 1882/12/4 1871/12/4 1883/12/4
f 1872/5/4 1873/5/4 1884/5/4
f 1883/1/4 1872/1/4 1884/1/4
f 1873/3/4 1874/3/4 1885/3/4
f 1884/5/4 1873/5/4 1885/5/4
f 1874/9/4 1875/9/4 1886/9/4
f 1885/3/4 1874/3/4 1886/3/4
f 1875/1/4 1876/1/4 1887/1/4
f 1886/9/4 1875/9/4 1887/9/4
f 1876/9/4 1877/9/4 1888/9/4
f 1887/1/4 1876/1/4 1888/1/4
f 1877/7/4 1878/7/4 1889/7/4
f 1888/9/4 1877/9/4 1889/9/4
f 1878/9/4 1879/9/4 1890/9/4
f 1889/7/4 1878/7/4 1890/7/4
f 1879/12/4 1880/12/4 1891/12/4
f 1890/9/4 1879/9/4 1891/9/4
f 1880/12/4 1847/12/4 1892/12/4
f 1891/12/4 1880/12/4 1892/12/4
f 1892/12/4 1847/12/4 1893/12/4
f 1883/12/4 1884/12/4 1894/12/4
f 1882/12/4 1883/12/4 1894/12/4
f 1894/12/4 1884/12/4 1895/12/4
f 1884/1/4 1885/1/4 1896/1/4
f 1895/12/4 1884/12/4 1896/12/4
f 1886/9/4 1887/9/4 1897/9/4
f 1896/1/4 1885/1/4 1897/1/4
f 1885/9/4 1886/9/4 1897/9/4
f 1897/9/4 1887/9/4 1898/9/4
f 1887/3/4 1888/3/4 1899/3/4
f 1898/9/4 1887/9/4 1899/9/4
f 1888/9/4 1889/9/4 1900/9/4
f 1899/3/4 1888/3/4 1900/3/4
f 1889/9/4 1890/9/4 1900/9/4
f 1900/9/4 1890/9/4 1901/9/4
f 1890/12/4 1891/12/4 1902/12/4
f 1901/9/4 1890/9/4 1902/9/4
f 1891/12/4 1892/12/4 1902/12/4
f 1902/12/4 1892/12/4 1903/12/4
f 1903/12/4 1892/12/4 1904/12/4
f 1895/12/4 1896/12/4 1905/12/4
f 1896/12/4 1897/12/4 1905/12/4
f 1905/12/4 1897/12/4 1906/12/4
f 1897/3/4 1898/3/4 1907/3/4
f 1906/12/4 1897/12/4 1907/12/4
f 1898/9/4 1899/9/4 1908/9/4
f 1907/3/4 1898/3/4 1908/3/4
f 1899/9/4 1900/9/4 1908/9/4
f 1900/5/4 1901/5/4 1909/5/4
f 1908/9/4 1900/9/4 1909/9/4
f 1902/12/4 1903/12/4 1910/12/4
f 1909/5/4 1901/5/4 1910/5/4
f 1901/12/4 1902/12/4 1910/12/4
f 1910/12/4 1903/12/4 1911/12/4
f 1911/12/4 1903/12/4 1912/12/4
f 1906/12/4 1907/12/4 1913/12/4
f 1907/12/4 1908/12/4 1913/12/4
f 1910/12/4 1911/12/4 1913/12/4
f 1909/12/4 1910/12/4 1913/12/4
f 1908/12/4 1909/12/4 1913/12/4
f 1913/12/4 1911/12/4 1914/12/4
f 1923/7/5 1916/7/5 1915/7/5
f 1924/7/5 1916/7/5 1923/7/5
f 1925/7/5 1918/7/5 1917/7/5
f 1926/7/5 1918/7/5 1925/7/5
f 1927/7/5 1920/7/5 1919/7/5
f 1928/7/5 1920/7/5 1927/7/5
f 1929/7/5 1922/7/5 1921/7/5
f 1930/7/5 1922/7/5 1929/7/5
f 1931/11/5 1924/11/5 1923/11/5
f 1932/7/5 1916/7/5 1924/7/5
f 1932/11/5 1924/11/5 1931/11/5
f 1933/11/5 1917/11/5 1916/11/5
f 1933/7/5 1916/7/5 1932/7/5
f 1934/7/5 1925/7/5 1917/7/5
f 1934/11/5 1917/11/5 1933/11/5
f 1935/11/5 1926/11/5 1925/11/5
f 1935/7/5 1925/7/5 1934/7/5
f 1936/11/5 1926/11/5 1935/11/5
f 1937/11/5 1928/11/5 1927/11/5
f 1938/7/5 1920/7/5 1928/7/5
f 1938/11/5 1928/11/5 1937/11/5
f 1939/11/5 1921/11/5 1920/11/5
f 1939/7/5 1920/7/5 1938/7/5
f 1940/7/5 1929/7/5 1921/7/5
f 1940/11/5 1921/11/5 1939/11/5
f 1941/11/5 1930/11/5 1929/11/5
f 1941/7/5 1929/7/5 1940/7/5
f 1942/11/5 1930/11/5 1941/11/5
f 1943/10/5 1934/10/5 1933/10/5
f 1943/10/5 1935/10/5 1934/10/5
f 1943/10/5 1933/10/5 1932/10/5
f 1944/10/5 1935/10/5 1943/10/5
f 1945/10/5 1941/10/5 1940/10/5
f 1945/10/5 1940/10/5 1939/10/5
f 1945/10/5 1939/10/5 1938/10/5
f 1946/10/5 1941/10/5 1945/10/5
f 1955/11/5 1948/11/5 1947/11/5
f 1956/11/5 1948/11/5 1955/11/5
f 1957/11/5 1950/11/5 1949/11/5
f 1958/11/5 1950/11/5 1957/11/5
f 1959/11/5 1952/11/5 1951/11/5
f 1960/11/5 1952/11/5 1959/11/5
f 1961/11/5 1954/11/5 1953/11/5
f 1962/11/5 1954/11/5 1961/11/5
f 1963/10/5 1957/10/5 1956/10/5
f 1964/10/5 1957/10/5 1963/10/5
f 1965/10/5 1957/10/5 1964/10/5
f 1966/10/5 1957/10/5 1965/10/5
f 1967/10/5 1961/10/5 1960/10/5
f 1968/10/5 1961/10/5 1967/10/5
f 1969/10/5 1961/10/5 1968/10/5
f 1970/10/5 1961/10/5 1969/10/5
f 1971/10/5 1965/10/5 1964/10/5
f 1972/10/5 1965/10/5 1971/10/5
f 1973/10/5 1965/10/5 1972/10/5
f 1974/10/5 1965/10/5 1973/10/5
f 1975/10/5 1969/10/5 1968/10/5
f 1976/10/5 1969/10/5 1975/10/5
f 1977/10/5 1969/10/5 1976/10/5
f 1978/10/5 1969/10/5 1977/10/5
f 1979/10/5 1973/10/5 1972/10/5
f 1980/10/5 1973/10/5 1979/10/5
f 1981/10/5 1977/10/5 1976/10/5
f 1982/10/5 1977/10/5 1981/10/5
f 1991/10/5 1984/10/5 1983/10/5
f 1992/10/5 1984/10/5 1991/10/5
f 1995/10/5 1986/10/5 1985/10/5
f 1996/10/5 1986/10/5 1995/10/5
f 1997/10/5 1988/10/5 1987/10/5
f 1998/10/5 1988/10/5 1997/10/5
f 2001/10/5 1990/10/5 1989/10/5
f 2002/10/5 1990/10/5 2001/10/5
f 2003/10/5 1993/10/5 1992/10/5
f 2004/10/5 1993/10/5 2003/10/5
f 2005/10/5 1995/10/5 1994/10/5
f 2006/10/5 1995/10/5 2005/10/5
f 2007/10/5 1999/10/5 1998/10/5
f 2008/10/5 1999/10/5 2007/10/5
f 2009/10/5 2001/10/5 2000/10/5
f 2010/10/5 2001/10/5 2009/10/5
f 2011/12/5 2005/12/5 2004/12/5
f 2012/12/5 2005/12/5 2011/12/5
f 2013/12/5 2009/12/5 2008/12/5
f 2014/12/5 2009/12/5 2013/12/5
f 2023/11/5 2016/11/5 2015/11/5
f 2024/11/5 2016/11/5 2023/11/5
f 2025/11/5 2018/11/5 2017/11/5
f 2026/11/5 2018/11/5 2025/11/5
f 2027/11/5 2020/11/5 2019/11/5
f 2028/11/5 2020/11/5 2027/11/5
f 2029/11/5 2022/11/5 2021/11/5
f 2030/11/5 2022/11/5 2029/11/5
f 2039/10/5 2032/10/5 2031/10/5
f 2040/10/5 2032/10/5 2039/10/5
f 2043/10/5 2034/10/5 2033/10/5
f 2044/10/5 2034/10/5 2043/10/5
f 2045/10/5 2036/10/5 2035/10/5
f 2046/10/5 2036/10/5 2045/10/5
f 2049/10/5 2038/10/5 2037/10/5
f 2050/10/5 2038/10/5 2049/10/5
f 2051/12/5 2041/12/5 2040/12/5
f 2052/12/5 2041/12/5 2051/12/5
f 2053/12/5 2043/12/5 2042/12/5
f 2054/12/5 2043/12/5 2053/12/5
f 2055/12/5 2047/12/5 2046/12/5
f 2056/12/5 2047/12/5 2055/12/5
f 2057/12/5 2049/12/5 2048/12/5
f 2058/12/5 2049/12/5 2057/12/5
f 2063/8/5 2060/8/5 2059/8/5
f 2064/8/5 2060/8/5 2063/8/5
f 2065/8/5 2062/8/5 2061/8/5
f 2066/8/5 2062/8/5 2065/8/5
f 2071/11/5 2068/11/5 2067/11/5
f 2072/11/5 2068/11/5 2071/11/5
f 2073/11/5 2070/11/5 2069/11/5
f 2074/11/5 2070/11/5 2073/11/5
f 2082/12/5 2076/12/5 2075/12/5
f 2083/9/5 2077/9/5 2076/9/5
f 2083/12/5 2076/12/5 2082/12/5
f 2084/9/5 2077/9/5 2083/9/5
f 2085/9/5 2079/9/5 2078/9/5
f 2086/12/5 2080/12/5 2079/12/5
f 2086/9/5 2079/9/5 2085/9/5
f 2087/12/5 2080/12/5 2086/12/5
f 2089/12/5 2082/12/5 2081/12/5
f 2090/12/5 2082/12/5 2089/12/5
f 2091/12/5 2088/12/5 2087/12/5
f 2092/12/5 2088/12/5 2091/12/5
f 2097/12/5 2094/12/5 2093/12/5
f 2098/12/5 2094/12/5 2097/12/5
f 2099/12/5 2096/12/5 2095/12/5
f 2100/12/5 2096/12/5 2099/12/5
f 2105/12/5 2102/12/5 2101/12/5
f 2106/12/5 2102/12/5 2105/12/5
f 2107/12/5 2104/12/5 2103/12/5
f 2108/12/5 2104/12/5 2107/12/5
f 2112/10/5 2110/10/5 2109/10/5
f 2113/10/5 2110/10/5 2112/10/5
f 2116/10/5 2112/10/5 2111/10/5
f 2116/10/5 2114/10/5 2113/10/5
f 2116/10/5 2113/10/5 2112/10/5
f 2117/10/5 2114/10/5 2116/10/5
f 2119/10/5 2116/10/5 2115/10/5
f 2119/10/5 2118/10/5 2117/10/5
f 2119/10/5 2117/10/5 2116/10/5
f 2120/10/5 2118/10/5 2119/10/5
f 2121/10/5 2119/10/5 2115/10/5
f 2122/10/5 2119/10/5 2121/10/5
f 2123/10/5 2119/10/5 2122/10/5
f 2124/4/5 2120/4/5 2119/4/5
f 2124/10/5 2119/10/5 2123/10/5
f 2125/4/5 2120/4/5 2124/4/5
f 2126/10/5 2123/10/5 2122/10/5
f 2127/10/5 2123/10/5 2126/10/5
f 2128/4/5 2124/4/5 2123/4/5
f 2128/10/5 2123/10/5 2127/10/5
f 2129/4/5 2124/4/5 2128/4/5
f 2130/10/5 2128/10/5 2127/10/5
f 2131/10/5 2128/10/5 2130/10/5
f 2132/10/5 2128/10/5 2131/10/5
f 2133/10/5 2128/10/5 2132/10/5
f 2134/10/5 2128/10/5 2133/10/5
f 2135/10/5 2128/10/5 2134/10/5
f 2136/10/5 2132/10/5 2131/10/5
f 2137/4/5 2133/4/5 2132/4/5
f 2137/10/5 2132/10/5 2136/10/5
f 2138/10/5 2134/10/5 2133/10/5
f 2138/4/5 2133/4/5 2137/4/5
f 2139/10/5 2134/10/5 2138/10/5
f 2145/10/5 2141/10/5 2140/10/5
f 2146/10/5 2141/10/5 2145/10/5
f 2147/10/5 2143/10/5 2142/10/5
f 2148/10/5 2143/10/5 2147/10/5
f 2150/10/5 2145/10/5 2144/10/5
f 2151/10/5 2145/10/5 2150/10/5
f 2152/10/5 2149/10/5 2148/10/5
f 2153/10/5 2149/10/5 2152/10/5
f 2158/10/5 2155/10/5 2154/10/5
f 2159/10/5 2155/10/5 2158/10/5
f 2162/10/5 2157/10/5 2156/10/5
f 2163/10/5 2157/10/5 2162/10/5
f 2164/10/5 2160/10/5 2159/10/5
f 2165/10/5 2160/10/5 2164/10/5
f 2168/10/5 2162/10/5 2161/10/5
f 2169/10/5 2162/10/5 2168/10/5
f 2170/8/5 2166/8/5 2165/8/5
f 2171/8/5 2166/8/5 2170/8/5
f 2176/6/5 2168/6/5 2167/6/5
f 2177/6/5 2168/6/5 2176/6/5
f 2178/12/5 2175/12/5 2174/12/5
f 2178/12/5 2173/12/5 2172/12/5
f 2178/12/5 2174/12/5 2173/12/5
f 2179/12/5 2175/12/5 2178/12/5
f 2184/11/5 2181/11/5 2180/11/5
f 2185/11/5 2181/11/5 2184/11/5
f 2188/10/5 2183/10/5 2182/10/5
f 2189/10/5 2183/10/5 2188/10/5
f 2190/10/5 2187/10/5 2186/10/5
f 2191/10/5 2187/10/5 2190/10/5
f 2196/10/5 2193/10/5 2192/10/5
f 2197/10/5 2193/10/5 2196/10/5
f 2200/10/5 2195/10/5 2194/10/5
f 2201/10/5 2195/10/5 2200/10/5
f 2202/4/5 2198/4/5 2197/4/5
f 2203/4/5 2198/4/5 2202/4/5
f 2208/10/5 2200/10/5 2199/10/5
f 2209/10/5 2200/10/5 2208/10/5
f 2210/12/5 2205/12/5 2204/12/5
f 2211/12/5 2205/12/5 2210/12/5
f 2212/12/5 2207/12/5 2206/12/5
f 2213/12/5 2207/12/5 2212/12/5
f 2218/4/5 2215/4/5 2214/4/5
f 2219/4/5 2215/4/5 2218/4/5
f 2224/10/5 2217/10/5 2216/10/5
f 2225/10/5 2217/10/5 2224/10/5
f 2226/12/5 2221/12/5 2220/12/5
f 2227/12/5 2221/12/5 2226/12/5
f 2228/12/5 2223/12/5 2222/12/5
f 2229/12/5 2223/12/5 2228/12/5
f 2235/12/5 2231/12/5 2230/12/5
f 2236/12/5 2233/12/5 2232/12/5
f 2238/12/5 2235/12/5 2234/12/5
f 2239/12/5 2231/12/5 2235/12/5
f 2239/12/5 2235/12/5 2238/12/5
f 2240/12/5 2237/12/5 2236/12/5
f 2240/12/5 2236/12/5 2232/12/5
f 2241/12/5 2237/12/5 2240/12/5
f 2242/12/5 2231/12/5 2239/12/5
f 2243/12/5 2231/12/5 2242/12/5
f 2244/12/5 2240/12/5 2232/12/5
f 2245/12/5 2240/12/5 2244/12/5
f 2250/12/5 2247/12/5 2246/12/5
f 2251/12/5 2247/12/5 2250/12/5
f 2252/12/5 2249/12/5 2248/12/5
f 2253/12/5 2249/12/5 2252/12/5
f 2258/12/5 2255/12/5 2254/12/5
f 2259/12/5 2255/12/5 2258/12/5
f 2260/12/5 2257/12/5 2256/12/5
f 2261/12/5 2257/12/5 2260/12/5
f 2266/12/5 2263/12/5 2262/12/5
f 2267/12/5 2263/12/5 2266/12/5
f 2268/12/5 2265/12/5 2264/12/5
f 2269/12/5 2265/12/5 2268/12/5
f 2274/12/5 2271/12/5 2270/12/5
f 2275/12/5 2271/12/5 2274/12/5
f 2276/12/5 2273/12/5 2272/12/5
f 2277/12/5 2273/12/5 2276/12/5
f 2283/12/5 2279/12/5 2278/12/5
f 2284/12/5 2279/12/5 2283/12/5
f 2285/12/5 2281/12/5 2280/12/5
f 2286/12/5 2281/12/5 2285/12/5
f 2288/9/5 2283/9/5 2282/9/5
f 2289/9/5 2283/9/5 2288/9/5
f 2292/9/5 2287/9/5 2286/9/5
f 2293/9/5 2287/9/5 2292/9/5
f 2294/12/5 2290/12/5 2289/12/5
f 2295/12/5 2290/12/5 2294/12/5
f 2296/12/5 2292/12/5 2291/12/5
f 2297/12/5 2292/12/5 2296/12/5
f 2300/11/5 2299/11/5 2298/11/5
f 2301/11/5 2299/11/5 2300/11/5
f 2302/11/6 2303/11/6 2306/11/6
f 2306/11/6 2303/11/6 2307/11/6
f 2304/11/6 2305/11/6 2308/11/6
f 2308/11/6 2305/11/6 2309/11/6
f 2310/8/6 2311/8/6 2314/8/6
f 2314/8/6 2311/8/6 2315/8/6
f 2312/8/6 2313/8/6 2316/8/6
f 2316/8/6 2313/8/6 2317/8/6
f 2318/11/6 2319/11/6 2326/11/6
f 2326/11/6 2319/11/6 2327/11/6
f 2320/11/6 2321/11/6 2328/11/6
f 2328/11/6 2321/11/6 2329/11/6
f 2322/11/6 2323/11/6 2330/11/6
f 2330/11/6 2323/11/6 2331/11/6
f 2324/11/6 2325/11/6 2332/11/6
f 2332/11/6 2325/11/6 2333/11/6
f 2334/8/6 2335/8/6 2342/8/6
f 2342/8/6 2335/8/6 2343/8/6
f 2336/6/6 2337/6/6 2346/6/6
f 2346/6/6 2337/6/6 2347/6/6
f 2338/10/6 2339/10/6 2348/10/6
f 2348/10/6 2339/10/6 2349/10/6
f 2340/10/6 2341/10/6 2352/10/6
f 2352/10/6 2341/10/6 2353/10/6
f 2343/12/6 2344/12/6 2354/12/6
f 2354/12/6 2344/12/6 2355/12/6
f 2345/12/6 2346/12/6 2356/12/6
f 2356/12/6 2346/12/6 2357/12/6
f 2349/12/6 2350/12/6 2358/12/6
f 2358/12/6 2350/12/6 2359/12/6
f 2351/12/6 2352/12/6 2360/12/6
f 2360/12/6 2352/12/6 2361/12/6
f 2362/10/6 2363/10/6 2370/10/6
f 2370/10/6 2363/10/6 2371/10/6
f 2364/10/6 2365/10/6 2374/10/6
f 2374/10/6 2365/10/6 2375/10/6
f 2366/6/6 2367/6/6 2376/6/6
f 2376/6/6 2367/6/6 2377/6/6
f 2368/4/6 2369/4/6 2380/4/6
f 2380/4/6 2369/4/6 2381/4/6
f 2371/10/6 2372/10/6 2382/10/6
f 2382/10/6 2372/10/6 2383/10/6
f 2373/10/6 2374/10/6 2385/10/6
f 2385/10/6 2374/10/6 2386/10/6
f 2377/10/6 2378/10/6 2387/10/6
f 2387/10/6 2378/10/6 2388/10/6
f 2379/10/6 2380/10/6 2390/10/6
f 2390/10/6 2380/10/6 2391/10/6
f 2383/12/6 2384/12/6 2392/12/6
f 2384/12/6 2385/12/6 2392/12/6
f 2392/12/6 2385/12/6 2393/12/6
f 2388/12/6 2389/12/6 2394/12/6
f 2389/12/6 2390/12/6 2394/12/6
f 2394/12/6 2390/12/6 2395/12/6
f 2396/11/6 2397/11/6 2404/11/6
f 2404/11/6 2397/11/6 2405/11/6
f 2398/11/6 2399/11/6 2409/11/6
f 2409/11/6 2399/11/6 2410/11/6
f 2400/11/6 2401/11/6 2411/11/6
f 2411/11/6 2401/11/6 2412/11/6
f 2402/11/6 2403/11/6 2416/11/6
f 2416/11/6 2403/11/6 2417/11/6
f 2405/8/6 2406/8/6 2418/8/6
f 2406/10/6 2407/10/6 2419/10/6
f 2418/8/6 2406/8/6 2419/8/6
f 2419/10/6 2407/10/6 2420/10/6
f 2408/10/6 2409/10/6 2421/10/6
f 2421/10/6 2409/10/6 2422/10/6
f 2422/10/6 2409/10/6 2423/10/6
f 2412/10/6 2413/10/6 2424/10/6
f 2414/10/6 2415/10/6 2425/10/6
f 2415/4/6 2416/4/6 2426/4/6
f 2425/10/6 2415/10/6 2426/10/6
f 2426/4/6 2416/4/6 2427/4/6
f 2419/4/6 2420/4/6 2428/4/6
f 2418/10/6 2419/10/6 2428/10/6
f 2428/4/6 2420/4/6 2429/4/6
f 2421/2/6 2422/2/6 2431/2/6
f 2422/6/6 2423/6/6 2432/6/6
f 2431/2/6 2422/2/6 2432/2/6
f 2432/6/6 2423/6/6 2433/6/6
f 2412/10/6 2424/10/6 2434/10/6
f 2434/10/6 2424/10/6 2435/10/6
f 2435/10/6 2424/10/6 2436/10/6
f 2426/10/6 2427/10/6 2437/10/6
f 2425/10/6 2426/10/6 2437/10/6
f 2437/10/6 2427/10/6 2438/10/6
f 2429/10/6 2430/10/6 2439/10/6
f 2418/10/6 2428/10/6 2439/10/6
f 2428/10/6 2429/10/6 2439/10/6
f 2439/10/6 2430/10/6 2440/10/6
f 2432/8/6 2433/8/6 2441/8/6
f 2431/10/6 2432/10/6 2441/10/6
f 2441/8/6 2433/8/6 2442/8/6
f 2434/6/6 2435/6/6 2443/6/6
f 2435/4/6 2436/4/6 2444/4/6
f 2443/6/6 2435/6/6 2444/6/6
f 2436/10/6 2437/10/6 2445/10/6
f 2444/4/6 2436/4/6 2445/4/6
f 2437/4/6 2438/4/6 2446/4/6
f 2445/10/6 2437/10/6 2446/10/6
f 2438/10/6 2427/10/6 2447/10/6
f 2446/4/6 2438/4/6 2447/4/6
f 2439/2/6 2440/2/6 2448/2/6
f 2440/10/6 2430/10/6 2449/10/6
f 2448/2/6 2440/2/6 2449/2/6
f 2449/10/6 2430/10/6 2450/10/6
f 2430/2/6 2431/2/6 2451/2/6
f 2450/10/6 2430/10/6 2451/10/6
f 2441/10/6 2442/10/6 2452/10/6
f 2451/2/6 2431/2/6 2452/2/6
f 2431/10/6 2441/10/6 2452/10/6
f 2452/10/6 2442/10/6 2453/10/6
f 2445/10/6 2446/10/6 2454/10/6
f 2444/10/6 2445/10/6 2454/10/6
f 2443/10/6 2444/10/6 2454/10/6
f 2446/10/6 2447/10/6 2454/10/6
f 2454/10/6 2447/10/6 2455/10/6
f 2455/10/6 2447/10/6 2456/10/6
f 2447/10/6 2427/10/6 2457/10/6
f 2456/10/6 2447/10/6 2457/10/6
f 2448/10/6 2449/10/6 2458/10/6
f 2449/4/6 2450/4/6 2459/4/6
f 2458/10/6 2449/10/6 2459/10/6
f 2450/10/6 2451/10/6 2460/10/6
f 2459/4/6 2450/4/6 2460/4/6
f 2451/10/6 2452/10/6 2460/10/6
f 2460/10/6 2452/10/6 2461/10/6
f 2452/6/6 2453/6/6 2462/6/6
f 2461/10/6 2452/10/6 2462/10/6
f 2453/10/6 2442/10/6 2463/10/6
f 2462/6/6 2453/6/6 2463/6/6
f 2443/10/6 2454/10/6 2464/10/6
f 2454/6/6 2455/6/6 2464/6/6
f 2455/10/6 2456/10/6 2465/10/6
f 2464/6/6 2455/6/6 2465/6/6
f 2465/10/6 2456/10/6 2466/10/6
f 2456/8/6 2457/8/6 2467/8/6
f 2466/10/6 2456/10/6 2467/10/6
f 2457/10/6 2427/10/6 2468/10/6
f 2467/8/6 2457/8/6 2468/8/6
f 2458/4/6 2459/4/6 2469/4/6
f 2459/10/6 2460/10/6 2470/10/6
f 2469/4/6 2459/4/6 2470/4/6
f 2460/8/6 2461/8/6 2471/8/6
f 2470/10/6 2460/10/6 2471/10/6
f 2461/10/6 2462/10/6 2472/10/6
f 2471/8/6 2461/8/6 2472/8/6
f 2462/10/6 2463/10/6 2472/10/6
f 2472/10/6 2463/10/6 2473/10/6
f 2463/10/6 2442/10/6 2474/10/6
f 2473/10/6 2463/10/6 2474/10/6
f 2474/10/6 2442/10/6 2475/10/6
f 2443/10/6 2464/10/6 2476/10/6
f 2464/4/6 2465/4/6 2477/4/6
f 2476/10/6 2464/10/6 2477/10/6
f 2465/10/6 2466/10/6 2478/10/6
f 2477/4/6 2465/4/6 2478/4/6
f 2466/6/6 2467/6/6 2479/6/6
f 2478/10/6 2466/10/6 2479/10/6
f 2467/10/6 2468/10/6 2480/10/6
f 2479/6/6 2467/6/6 2480/6/6
f 2468/10/6 2427/10/6 2481/10/6
f 2480/10/6 2468/10/6 2481/10/6
f 2470/10/6 2471/10/6 2482/10/6
f 2469/10/6 2470/10/6 2482/10/6
f 2471/10/6 2472/10/6 2482/10/6
f 2482/10/6 2472/10/6 2483/10/6
f 2472/6/6 2473/6/6 2484/6/6
f 2483/10/6 2472/10/6 2484/10/6
f 2473/10/6 2474/10/6 2485/10/6
f 2484/6/6 2473/6/6 2485/6/6
f 2474/4/6 2475/4/6 2486/4/6
f 2485/10/6 2474/10/6 2486/10/6
f 2486/4/6 2475/4/6 2487/4/6
f 2476/6/6 2477/6/6 2488/6/6
f 2477/10/6 2478/10/6 2489/10/6
f 2488/6/6 2477/6/6 2489/6/6
f 2478/8/6 2479/8/6 2490/8/6
f 2489/10/6 2478/10/6 2490/10/6
f 2479/10/6 2480/10/6 2491/10/6
f 2490/8/6 2479/8/6 2491/8/6
f 2480/6/6 2481/6/6 2492/6/6
f 2491/10/6 2480/10/6 2492/10/6
f 2481/10/6 2427/10/6 2493/10/6
f 2492/6/6 2481/6/6 2493/6/6
f 2482/2/6 2483/2/6 2494/2/6
f 2483/10/6 2484/10/6 2495/10/6
f 2494/2/6 2483/2/6 2495/2/6
f 2484/2/6 2485/2/6 2496/2/6
f 2485/8/6 2486/8/6 2496/8/6
f 2486/10/6 2487/10/6 2497/10/6
f 2496/8/6 2486/8/6 2497/8/6
f 2497/10/6 2487/10/6 2498/10/6
f 2491/10/6 2492/10/6 2499/10/6
f 2489/10/6 2490/10/6 2499/10/6
f 2490/10/6 2491/10/6 2499/10/6
f 2492/10/6 2493/10/6 2499/10/6
f 2488/10/6 2489/10/6 2499/10/6
f 2499/10/6 2493/10/6 2500/10/6
f 2500/10/6 2493/10/6 2501/10/6
f 2493/10/6 2427/10/6 2502/10/6
f 2501/10/6 2493/10/6 2502/10/6
f 2494/10/6 2495/10/6 2503/10/6
f 2503/10/6 2495/10/6 2504/10/6
f 2495/10/6 2484/10/6 2505/10/6
f 2504/10/6 2495/10/6 2505/10/6
f 2484/2/6 2496/2/6 2506/2/6
f 2505/10/6 2484/10/6 2506/10/6
f 2496/10/6 2497/10/6 2507/10/6
f 2506/2/6 2496/2/6 2507/2/6
f 2497/2/6 2498/2/6 2508/2/6
f 2507/10/6 2497/10/6 2508/10/6
f 2508/2/6 2498/2/6 2509/2/6
f 2488/10/6 2499/10/6 2510/10/6
f 2499/4/6 2500/4/6 2511/4/6
f 2510/10/6 2499/10/6 2511/10/6
f 2500/10/6 2501/10/6 2512/10/6
f 2511/4/6 2500/4/6 2512/4/6
f 2512/10/6 2501/10/6 2513/10/6
f 2501/8/6 2502/8/6 2514/8/6
f 2513/10/6 2501/10/6 2514/10/6
f 2502/10/6 2427/10/6 2515/10/6
f 2514/8/6 2502/8/6 2515/8/6
f 2503/4/6 2504/4/6 2516/4/6
f 2504/8/6 2505/8/6 2517/8/6
f 2516/4/6 2504/4/6 2517/4/6
f 2506/10/6 2507/10/6 2518/10/6
f 2517/8/6 2505/8/6 2518/8/6
f 2505/10/6 2506/10/6 2518/10/6
f 2507/4/6 2508/4/6 2519/4/6
f 2518/10/6 2507/10/6 2519/10/6
f 2508/10/6 2509/10/6 2520/10/6
f 2519/4/6 2508/4/6 2520/4/6
f 2510/8/6 2511/8/6 2521/8/6
f 2511/10/6 2512/10/6 2522/10/6
f 2521/8/6 2511/8/6 2522/8/6
f 2512/4/6 2513/4/6 2523/4/6
f 2522/10/6 2512/10/6 2523/10/6
f 2514/10/6 2515/10/6 2524/10/6
f 2523/4/6 2513/4/6 2524/4/6
f 2513/10/6 2514/10/6 2524/10/6
f 2524/10/6 2515/10/6 2525/10/6
f 2515/10/6 2427/10/6 2526/10/6
f 2525/10/6 2515/10/6 2526/10/6
f 2526/10/6 2427/10/6 2527/10/6
f 2516/6/6 2517/6/6 2528/6/6
f 2517/10/6 2518/10/6 2529/10/6
f 2528/6/6 2517/6/6 2529/6/6
f 2526/6/6 2527/6/6 2530/6/6
f 2525/10/6 2526/10/6 2530/10/6
f 2530/6/6 2527/6/6 2531/6/6
f 2528/10/6 2529/10/6 2532/10/6
f 2529/10/6 2518/10/6 2533/10/6
f 2532/10/6 2529/10/6 2533/10/6
f 2533/10/6 2518/10/6 2534/10/6
f 2519/10/6 2520/10/6 2536/10/6
f 2520/10/6 2509/10/6 2537/10/6
f 2536/10/6 2520/10/6 2537/10/6
f 2537/10/6 2509/10/6 2538/10/6
f 2522/10/6 2523/10/6 2539/10/6
f 2521/10/6 2522/10/6 2539/10/6
f 2539/10/6 2523/10/6 2540/10/6
f 2540/10/6 2523/10/6 2541/10/6
f 2525/10/6 2530/10/6 2542/10/6
f 2530/10/6 2531/10/6 2542/10/6
f 2542/10/6 2531/10/6 2543/10/6
f 2543/10/6 2531/10/6 2544/10/6
f 2533/10/6 2534/10/6 2545/10/6
f 2534/4/6 2535/4/6 2546/4/6
f 2545/10/6 2534/10/6 2546/10/6
f 2535/10/6 2536/10/6 2547/10/6
f 2546/4/6 2535/4/6 2547/4/6
f 2536/10/6 2537/10/6 2547/10/6
f 2547/10/6 2537/10/6 2548/10/6
f 2548/10/6 2537/10/6 2549/10/6
f 2540/10/6 2541/10/6 2550/10/6
f 2541/10/6 2542/10/6 2550/10/6
f 2550/10/6 2542/10/6 2551/10/6
f 2551/10/6 2542/10/6 2552/10/6
f 2542/6/6 2543/6/6 2553/6/6
f 2552/10/6 2542/10/6 2553/10/6
f 2553/6/6 2543/6/6 2554/6/6
f 2546/10/6 2547/10/6 2555/10/6
f 2547/6/6 2548/6/6 2556/6/6
f 2555/10/6 2547/10/6 2556/10/6
f 2556/6/6 2548/6/6 2557/6/6
f 2551/6/6 2552/6/6 2558/6/6
f 2552/10/6 2553/10/6 2559/10/6
f 2558/6/6 2552/6/6 2559/6/6
f 2559/10/6 2553/10/6 2560/10/6
f 2561/7/6 2562/7/6 2569/7/6
f 2569/7/6 2562/7/6 2570/7/6
f 2562/11/6 2563/11/6 2571/11/6
f 2570/7/6 2562/7/6 2571/7/6
f 2571/11/6 2563/11/6 2572/11/6
f 2572/11/6 2563/11/6 2573/11/6
f 2563/7/6 2564/7/6 2574/7/6
f 2573/11/6 2563/11/6 2574/11/6
f 2574/7/6 2564/7/6 2575/7/6
f 2575/7/6 2564/7/6 2576/7/6
f 2565/7/6 2566/7/6 2577/7/6
f 2577/7/6 2566/7/6 2578/7/6
f 2566/11/6 2567/11/6 2579/11/6
f 2578/7/6 2566/7/6 2579/7/6
f 2579/11/6 2567/11/6 2580/11/6
f 2580/11/6 2567/11/6 2581/11/6
f 2567/7/6 2568/7/6 2582/7/6
f 2581/11/6 2567/11/6 2582/11/6
f 2582/7/6 2568/7/6 2583/7/6
f 2583/7/6 2568/7/6 2584/7/6
f 2569/11/6 2570/11/6 2585/11/6
f 2570/7/6 2571/7/6 2586/7/6
f 2585/11/6 2570/11/6 2586/11/6
f 2571/7/6 2572/7/6 2586/7/6
f 2586/7/6 2572/7/6 2587/7/6
f 2572/11/6 2573/11/6 2588/11/6
f 2587/7/6 2572/7/6 2588/7/6
f 2573/7/6 2574/7/6 2589/7/6
f 2588/11/6 2573/11/6 2589/11/6
f 2574/7/6 2575/7/6 2589/7/6
f 2589/7/6 2575/7/6 2590/7/6
f 2575/11/6 2576/11/6 2591/11/6
f 2590/7/6 2575/7/6 2591/7/6
f 2591/11/6 2576/11/6 2592/11/6
f 2577/11/6 2578/11/6 2593/11/6
f 2578/7/6 2579/7/6 2594/7/6
f 2593/11/6 2578/11/6 2594/11/6
f 2579/7/6 2580/7/6 2594/7/6
f 2594/7/6 2580/7/6 2595/7/6
f 2580/11/6 2581/11/6 2596/11/6
f 2595/7/6 2580/7/6 2596/7/6
f 2581/7/6 2582/7/6 2597/7/6
f 2596/11/6 2581/11/6 2597/11/6
f 2582/7/6 2583/7/6 2597/7/6
f 2597/7/6 2583/7/6 2598/7/6
f 2583/11/6 2584/11/6 2599/11/6
f 2598/7/6 2583/7/6 2599/7/6
f 2599/11/6 2584/11/6 2600/11/6
f 2586/11/6 2587/11/6 2601/11/6
f 2589/7/6 2590/7/6 2601/7/6
f 2587/7/6 2588/7/6 2601/7/6
f 2588/7/6 2589/7/6 2601/7/6
f 2601/7/6 2590/7/6 2602/7/6
f 2602/7/6 2590/7/6 2603/7/6
f 2590/11/6 2591/11/6 2604/11/6
f 2603/7/6 2590/7/6 2604/7/6
f 2594/11/6 2595/11/6 2605/11/6
f 2596/7/6 2597/7/6 2605/7/6
f 2597/7/6 2598/7/6 2605/7/6
f 2595/7/6 2596/7/6 2605/7/6
f 2605/7/6 2598/7/6 2606/7/6
f 2606/7/6 2598/7/6 2607/7/6
f 2598/11/6 2599/11/6 2608/11/6
f 2607/7/6 2598/7/6 2608/7/6
f 2601/11/6 2602/11/6 2609/11/6
f 2586/11/6 2601/11/6 2609/11/6
f 2602/7/6 2603/7/6 2610/7/6
f 2609/11/6 2602/11/6 2610/11/6
f 2603/11/6 2604/11/6 2611/11/6
f 2610/7/6 2603/7/6 2611/7/6
f 2604/11/6 2591/11/6 2612/11/6
f 2611/11/6 2604/11/6 2612/11/6
f 2594/11/6 2605/11/6 2613/11/6
f 2605/11/6 2606/11/6 2613/11/6
f 2606/7/6 2607/7/6 2614/7/6
f 2613/11/6 2606/11/6 2614/11/6
f 2607/11/6 2608/11/6 2615/11/6
f 2614/7/6 2607/7/6 2615/7/6
f 2608/11/6 2599/11/6 2616/11/6
f 2615/11/6 2608/11/6 2616/11/6
f 2610/7/6 2611/7/6 2617/7/6
f 2617/7/6 2611/7/6 2618/7/6
f 2614/7/6 2615/7/6 2619/7/6
f 2619/7/6 2615/7/6 2620/7/6
f 2621/12/6 2622/12/6 2627/12/6
f 2627/12/6 2622/12/6 2628/12/6
f 2622/9/6 2623/9/6 2629/9/6
f 2628/12/6 2622/12/6 2629/12/6
f 2629/9/6 2623/9/6 2630/9/6
f 2624/9/6 2625/9/6 2631/9/6
f 2625/12/6 2626/12/6 2632/12/6
f 2631/9/6 2625/9/6 2632/9/6
f 2632/12/6 2626/12/6 2633/12/6
f 2633/12/6 2626/12/6 2634/12/6
f 2635/12/6 2636/12/6 2639/12/6
f 2639/12/6 2636/12/6 2640/12/6
f 2637/12/6 2638/12/6 2641/12/6
f 2641/12/6 2638/12/6 2642/12/6
f 2643/9/6 2644/9/6 2647/9/6
f 2647/9/6 2644/9/6 2648/9/6
f 2645/9/6 2646/9/6 2649/9/6
f 2649/9/6 2646/9/6 2650/9/6
f 2651/11/6 2652/11/6 2653/11/6
f 2653/11/6 2652/11/6 2654/11/6
f 2655/12/6 2656/12/6 2660/12/6
f 2660/12/6 2656/12/6 2661/12/6
f 2657/12/6 2658/12/6 2662/12/6
f 2662/12/6 2658/12/6 2663/12/6
f 2659/9/6 2660/9/6 2665/9/6
f 2665/9/6 2660/9/6 2666/9/6
f 2663/9/6 2664/9/6 2669/9/6
f 2669/9/6 2664/9/6 2670/9/6
f 2666/12/6 2667/12/6 2671/12/6
f 2671/12/6 2667/12/6 2672/12/6
f 2668/12/6 2669/12/6 2673/12/6
f 2673/12/6 2669/12/6 2674/12/6
f 2675/12/6 2676/12/6 2679/12/6
f 2679/12/6 2676/12/6 2680/12/6
f 2677/12/6 2678/12/6 2681/12/6
f 2681/12/6 2678/12/6 2682/12/6
f 2683/12/6 2684/12/6 2687/12/6
f 2687/12/6 2684/12/6 2688/12/6
f 2685/12/6 2686/12/6 2689/12/6
f 2689/12/6 2686/12/6 2690/12/6
f 2691/12/6 2692/12/6 2695/12/6
f 2695/12/6 2692/12/6 2696/12/6
f 2693/12/6 2694/12/6 2697/12/6
f 2697/12/6 2694/12/6 2698/12/6
f 2699/12/6 2700/12/6 2704/12/6
f 2701/12/6 2702/12/6 2705/12/6
f 2703/12/6 2704/12/6 2707/12/6
f 2704/12/6 2700/12/6 2708/12/6
f 2707/12/6 2704/12/6 2708/12/6
f 2705/12/6 2706/12/6 2709/12/6
f 2701/12/6 2705/12/6 2709/12/6
f 2709/12/6 2706/12/6 2710/12/6
f 2708/12/6 2700/12/6 2711/12/6
f 2711/12/6 2700/12/6 2712/12/6
f 2701/12/6 2709/12/6 2713/12/6
f 2713/12/6 2709/12/6 2714/12/6
f 2715/12/6 2716/12/6 2719/12/6
f 2719/12/6 2716/12/6 2720/12/6
f 2717/12/6 2718/12/6 2721/12/6
f 2721/12/6 2718/12/6 2722/12/6
f 2723/6/6 2724/6/6 2727/6/6
f 2727/6/6 2724/6/6 2728/6/6
f 2725/8/6 2726/8/6 2733/8/6
f 2733/8/6 2726/8/6 2734/8/6
f 2729/12/6 2730/12/6 2735/12/6
f 2735/12/6 2730/12/6 2736/12/6
f 2731/12/6 2732/12/6 2737/12/6
f 2737/12/6 2732/12/6 2738/12/6
f 2739/11/6 2740/11/6 2743/11/6
f 2743/11/6 2740/11/6 2744/11/6
f 2741/10/6 2742/10/6 2747/10/6
f 2747/10/6 2742/10/6 2748/10/6
f 2745/10/6 2746/10/6 2749/10/6
f 2749/10/6 2746/10/6 2750/10/6
f 2751/6/6 2752/6/6 2755/6/6
f 2755/6/6 2752/6/6 2756/6/6
f 2753/10/6 2754/10/6 2759/10/6
f 2759/10/6 2754/10/6 2760/10/6
f 2756/10/6 2757/10/6 2761/10/6
f 2761/10/6 2757/10/6 2762/10/6
f 2758/10/6 2759/10/6 2767/10/6
f 2767/10/6 2759/10/6 2768/10/6
f 2763/12/6 2764/12/6 2769/12/6
f 2769/12/6 2764/12/6 2770/12/6
f 2765/12/6 2766/12/6 2771/12/6
f 2771/12/6 2766/12/6 2772/12/6
f 2773/10/6 2774/10/6 2778/10/6
f 2778/10/6 2774/10/6 2779/10/6
f 2775/10/6 2776/10/6 2780/10/6
f 2780/10/6 2776/10/6 2781/10/6
f 2777/10/6 2778/10/6 2783/10/6
f 2783/10/6 2778/10/6 2784/10/6
f 2781/10/6 2782/10/6 2785/10/6
f 2785/10/6 2782/10/6 2786/10/6
f 2787/6/6 2788/6/6 2791/6/6
f 2791/6/6 2788/6/6 2792/6/6
f 2789/10/6 2790/10/6 2795/10/6
f 2795/10/6 2790/10/6 2796/10/6
f 2792/10/6 2793/10/6 2797/10/6
f 2797/10/6 2793/10/6 2798/10/6
f 2794/10/6 2795/10/6 2801/10/6
f 2801/10/6 2795/10/6 2802/10/6
f 2798/4/6 2799/4/6 2803/4/6
f 2803/4/6 2799/4/6 2804/4/6
f 2800/10/6 2801/10/6 2810/10/6
f 2810/10/6 2801/10/6 2811/10/6
f 2808/12/6 2809/12/6 2812/12/6
f 2805/12/6 2806/12/6 2812/12/6
f 2807/12/6 2808/12/6 2812/12/6
f 2806/12/6 2807/12/6 2812/12/6
f 2812/12/6 2809/12/6 2813/12/6
f 2814/10/6 2815/10/6 2819/10/6
f 2819/10/6 2815/10/6 2820/10/6
f 2820/10/6 2815/10/6 2821/10/6
f 2821/10/6 2815/10/6 2822/10/6
f 2822/10/6 2815/10/6 2823/10/6
f 2823/10/6 2815/10/6 2824/10/6
f 2815/8/6 2816/8/6 2825/8/6
f 2824/10/6 2815/10/6 2825/10/6
f 2816/10/6 2817/10/6 2826/10/6
f 2825/8/6 2816/8/6 2826/8/6
f 2826/10/6 2817/10/6 2827/10/6
f 2818/10/6 2819/10/6 2830/10/6
f 2819/10/6 2820/10/6 2830/10/6
f 2830/10/6 2820/10/6 2831/10/6
f 2820/8/6 2821/8/6 2832/8/6
f 2831/10/6 2820/10/6 2832/10/6
f 2821/10/6 2822/10/6 2833/10/6
f 2832/8/6 2821/8/6 2833/8/6
f 2822/6/6 2823/6/6 2834/6/6
f 2833/10/6 2822/10/6 2834/10/6
f 2823/10/6 2824/10/6 2835/10/6
f 2834/6/6 2823/6/6 2835/6/6
f 2824/4/6 2825/4/6 2836/4/6
f 2835/10/6 2824/10/6 2836/10/6
f 2825/10/6 2826/10/6 2837/10/6
f 2836/4/6 2825/4/6 2837/4/6
f 2826/6/6 2827/6/6 2838/6/6
f 2837/10/6 2826/10/6 2838/10/6
f 2827/10/6 2828/10/6 2839/10/6
f 2838/6/6 2827/6/6 2839/6/6
f 2839/10/6 2828/10/6 2840/10/6
f 2830/10/6 2831/10/6 2842/10/6
f 2829/10/6 2830/10/6 2842/10/6
f 2831/6/6 2832/6/6 2843/6/6
f 2842/10/6 2831/10/6 2843/10/6
f 2832/6/6 2833/6/6 2843/6/6
f 2833/4/6 2834/4/6 2844/4/6
f 2843/6/6 2833/6/6 2844/6/6
f 2834/10/6 2835/10/6 2845/10/6
f 2844/4/6 2834/4/6 2845/4/6
f 2835/8/6 2836/8/6 2846/8/6
f 2845/10/6 2835/10/6 2846/10/6
f 2837/10/6 2838/10/6 2847/10/6
f 2846/8/6 2836/8/6 2847/8/6
f 2836/10/6 2837/10/6 2847/10/6
f 2839/10/6 2840/10/6 2847/10/6
f 2840/10/6 2841/10/6 2847/10/6
f 2838/10/6 2839/10/6 2847/10/6
f 2847/10/6 2841/10/6 2848/10/6
f 2848/10/6 2841/10/6 2849/10/6
f 2849/10/6 2841/10/6 2850/10/6
f 2850/10/6 2841/10/6 2851/10/6
f 2843/10/6 2844/10/6 2852/10/6
f 2844/10/6 2845/10/6 2852/10/6
f 2845/2/6 2846/2/6 2853/2/6
f 2852/10/6 2845/10/6 2853/10/6
f 2846/10/6 2847/10/6 2854/10/6
f 2853/2/6 2846/2/6 2854/2/6
f 2847/6/6 2848/6/6 2855/6/6
f 2854/10/6 2847/10/6 2855/10/6
f 2848/10/6 2849/10/6 2856/10/6
f 2855/6/6 2848/6/6 2856/6/6
f 2849/8/6 2850/8/6 2857/8/6
f 2856/10/6 2849/10/6 2857/10/6
f 2850/6/6 2851/6/6 2858/6/6
f 2857/8/6 2850/8/6 2858/8/6
f 2851/10/6 2841/10/6 2859/10/6
f 2858/6/6 2851/6/6 2859/6/6
f 2842/8/6 2843/8/6 2860/8/6
f 2829/10/6 2842/10/6 2860/10/6
f 2843/10/6 2852/10/6 2861/10/6
f 2860/8/6 2843/8/6 2861/8/6
f 2861/10/6 2852/10/6 2862/10/6
f 2853/10/6 2854/10/6 2863/10/6
f 2854/10/6 2855/10/6 2863/10/6
f 2855/10/6 2856/10/6 2863/10/6
f 2863/10/6 2856/10/6 2864/10/6
f 2856/8/6 2857/8/6 2865/8/6
f 2864/10/6 2856/10/6 2865/10/6
f 2857/10/6 2858/10/6 2866/10/6
f 2865/8/6 2857/8/6 2866/8/6
f 2858/4/6 2859/4/6 2867/4/6
f 2866/10/6 2858/10/6 2867/10/6
f 2859/10/6 2841/10/6 2868/10/6
f 2867/4/6 2859/4/6 2868/4/6
f 2868/10/6 2841/10/6 2869/10/6
f 2829/10/6 2860/10/6 2870/10/6
f 2861/6/6 2862/6/6 2871/6/6
f 2870/10/6 2860/10/6 2871/10/6
f 2860/6/6 2861/6/6 2871/6/6
f 2871/6/6 2862/6/6 2872/6/6
f 2852/8/6 2853/8/6 2873/8/6
f 2862/10/6 2852/10/6 2873/10/6
f 2853/10/6 2863/10/6 2874/10/6
f 2873/8/6 2853/8/6 2874/8/6
f 2863/6/6 2864/6/6 2875/6/6
f 2874/10/6 2863/10/6 2875/10/6
f 2864/10/6 2865/10/6 2876/10/6
f 2875/6/6 2864/6/6 2876/6/6
f 2865/10/6 2866/10/6 2876/10/6
f 2876/10/6 2866/10/6 2877/10/6
f 2866/6/6 2867/6/6 2878/6/6
f 2877/10/6 2866/10/6 2878/10/6
f 2867/10/6 2868/10/6 2879/10/6
f 2878/6/6 2867/6/6 2879/6/6
f 2868/8/6 2869/8/6 2880/8/6
f 2879/10/6 2868/10/6 2880/10/6
f 2880/8/6 2869/8/6 2881/8/6
f 2870/8/6 2871/8/6 2882/8/6
f 2871/4/6 2872/4/6 2883/4/6
f 2882/8/6 2871/8/6 2883/8/6
f 2872/6/6 2862/6/6 2884/6/6
f 2883/4/6 2872/4/6 2884/4/6
f 2873/10/6 2874/10/6 2885/10/6
f 2884/6/6 2862/6/6 2885/6/6
f 2862/10/6 2873/10/6 2885/10/6
f 2885/10/6 2874/10/6 2886/10/6
f 2874/6/6 2875/6/6 2887/6/6
f 2886/10/6 2874/10/6 2887/10/6
f 2876/10/6 2877/10/6 2888/10/6
f 2887/6/6 2875/6/6 2888/6/6
f 2875/10/6 2876/10/6 2888/10/6
f 2888/10/6 2877/10/6 2889/10/6
f 2877/2/6 2878/2/6 2890/2/6
f 2889/10/6 2877/10/6 2890/10/6
f 2878/10/6 2879/10/6 2891/10/6
f 2890/2/6 2878/2/6 2891/2/6
f 2879/10/6 2880/10/6 2891/10/6
f 2891/10/6 2880/10/6 2892/10/6
f 2880/2/6 2881/2/6 2893/2/6
f 2892/10/6 2880/10/6 2893/10/6
f 2893/2/6 2881/2/6 2894/2/6
f 2883/8/6 2884/8/6 2895/8/6
f 2882/10/6 2883/10/6 2895/10/6
f 2884/10/6 2885/10/6 2896/10/6
f 2895/8/6 2884/8/6 2896/8/6
f 2885/2/6 2886/2/6 2897/2/6
f 2896/10/6 2885/10/6 2897/10/6
f 2886/10/6 2887/10/6 2898/10/6
f 2897/2/6 2886/2/6 2898/2/6
f 2887/4/6 2888/4/6 2899/4/6
f 2898/10/6 2887/10/6 2899/10/6
f 2888/10/6 2889/10/6 2900/10/6
f 2899/4/6 2888/4/6 2900/4/6
f 2889/8/6 2890/8/6 2901/8/6
f 2900/10/6 2889/10/6 2901/10/6
f 2890/10/6 2891/10/6 2902/10/6
f 2901/8/6 2890/8/6 2902/8/6
f 2891/8/6 2892/8/6 2903/8/6
f 2902/10/6 2891/10/6 2903/10/6
f 2893/10/6 2894/10/6 2904/10/6
f 2903/8/6 2892/8/6 2904/8/6
f 2892/10/6 2893/10/6 2904/10/6
f 2904/10/6 2894/10/6 2905/10/6
f 2895/2/6 2896/2/6 2906/2/6
f 2896/2/6 2897/2/6 2906/2/6
f 2898/10/6 2899/10/6 2907/10/6
f 2906/2/6 2897/2/6 2907/2/6
f 2897/10/6 2898/10/6 2907/10/6
f 2907/10/6 2899/10/6 2908/10/6
f 2899/8/6 2900/8/6 2909/8/6
f 2908/10/6 2899/10/6 2909/10/6
f 2902/10/6 2903/10/6 2910/10/6
f 2909/8/6 2900/8/6 2910/8/6
f 2901/10/6 2902/10/6 2910/10/6
f 2900/10/6 2901/10/6 2910/10/6
f 2910/10/6 2903/10/6 2911/10/6
f 2911/10/6 2903/10/6 2912/10/6
f 2903/6/6 2904/6/6 2913/6/6
f 2912/10/6 2903/10/6 2913/10/6
f 2904/2/6 2905/2/6 2914/2/6
f 2913/6/6 2904/6/6 2914/6/6
f 2905/10/6 2894/10/6 2915/10/6
f 2914/2/6 2905/2/6 2915/2/6
f 2895/2/6 2906/2/6 2916/2/6
f 2882/10/6 2895/10/6 2916/10/6
f 2906/6/6 2907/6/6 2917/6/6
f 2916/2/6 2906/2/6 2917/2/6
f 2907/10/6 2908/10/6 2918/10/6
f 2917/6/6 2907/6/6 2918/6/6
f 2908/8/6 2909/8/6 2919/8/6
f 2918/10/6 2908/10/6 2919/10/6
f 2909/6/6 2910/6/6 2920/6/6
f 2919/8/6 2909/8/6 2920/8/6
f 2910/10/6 2911/10/6 2921/10/6
f 2920/6/6 2910/6/6 2921/6/6
f 2911/4/6 2912/4/6 2922/4/6
f 2921/10/6 2911/10/6 2922/10/6
f 2913/10/6 2914/10/6 2923/10/6
f 2922/4/6 2912/4/6 2923/4/6
f 2912/10/6 2913/10/6 2923/10/6
f 2923/10/6 2914/10/6 2924/10/6
f 2914/8/6 2915/8/6 2925/8/6
f 2924/10/6 2914/10/6 2925/10/6
f 2915/10/6 2894/10/6 2926/10/6
f 2925/8/6 2915/8/6 2926/8/6
f 2919/10/6 2920/10/6 2927/10/6
f 2917/10/6 2918/10/6 2927/10/6
f 2918/10/6 2919/10/6 2927/10/6
f 2920/2/6 2921/2/6 2928/2/6
f 2927/10/6 2920/10/6 2928/10/6
f 2921/10/6 2922/10/6 2929/10/6
f 2928/2/6 2921/2/6 2929/2/6
f 2922/10/6 2923/10/6 2929/10/6
f 2923/6/6 2924/6/6 2930/6/6
f 2929/10/6 2923/10/6 2930/10/6
f 2924/8/6 2925/8/6 2931/8/6
f 2930/6/6 2924/6/6 2931/6/6
f 2925/10/6 2926/10/6 2932/10/6
f 2931/8/6 2925/8/6 2932/8/6
f 2926/10/6 2894/10/6 2933/10/6
f 2932/10/6 2926/10/6 2933/10/6
f 2882/10/6 2916/10/6 2934/10/6
f 2916/8/6 2917/8/6 2935/8/6
f 2934/10/6 2916/10/6 2935/10/6
f 2917/10/6 2927/10/6 2936/10/6
f 2935/8/6 2917/8/6 2936/8/6
f 2936/10/6 2927/10/6 2937/10/6
f 2927/8/6 2928/8/6 2938/8/6
f 2937/10/6 2927/10/6 2938/10/6
f 2931/10/6 2932/10/6 2939/10/6
f 2938/8/6 2928/8/6 2939/8/6
f 2930/10/6 2931/10/6 2939/10/6
f 2929/10/6 2930/10/6 2939/10/6
f 2928/10/6 2929/10/6 2939/10/6
f 2939/10/6 2932/10/6 2940/10/6
f 2940/10/6 2932/10/6 2941/10/6
f 2941/10/6 2932/10/6 2942/10/6
f 2942/10/6 2932/10/6 2943/10/6
f 2932/6/6 2933/6/6 2944/6/6
f 2943/10/6 2932/10/6 2944/10/6
f 2933/10/6 2894/10/6 2945/10/6
f 2944/6/6 2933/6/6 2945/6/6
f 2945/10/6 2894/10/6 2946/10/6
f 2934/6/6 2935/6/6 2947/6/6
f 2936/10/6 2937/10/6 2948/10/6
f 2947/6/6 2935/6/6 2948/6/6
f 2935/10/6 2936/10/6 2948/10/6
f 2948/10/6 2937/10/6 2949/10/6
f 2937/2/6 2938/2/6 2950/2/6
f 2949/10/6 2937/10/6 2950/10/6
f 2938/10/6 2939/10/6 2951/10/6
f 2950/2/6 2938/2/6 2951/2/6
f 2939/2/6 2940/2/6 2952/2/6
f 2951/10/6 2939/10/6 2952/10/6
f 2940/10/6 2941/10/6 2953/10/6
f 2952/2/6 2940/2/6 2953/2/6
f 2941/8/6 2942/8/6 2954/8/6
f 2953/10/6 2941/10/6 2954/10/6
f 2942/2/6 2943/2/6 2955/2/6
f 2954/8/6 2942/8/6 2955/8/6
f 2943/10/6 2944/10/6 2956/10/6
f 2955/2/6 2943/2/6 2956/2/6
f 2944/10/6 2945/10/6 2956/10/6
f 2956/10/6 2945/10/6 2957/10/6
f 2945/2/6 2946/2/6 2958/2/6
f 2957/10/6 2945/10/6 2958/10/6
f 2958/2/6 2946/2/6 2959/2/6
f 2948/10/6 2949/10/6 2960/10/6
f 2947/10/6 2948/10/6 2960/10/6
f 2960/10/6 2949/10/6 2961/10/6
f 2949/8/6 2950/8/6 2962/8/6
f 2961/10/6 2949/10/6 2962/10/6
f 2950/10/6 2951/10/6 2963/10/6
f 2962/8/6 2950/8/6 2963/8/6
f 2951/6/6 2952/6/6 2964/6/6
f 2963/10/6 2951/10/6 2964/10/6
f 2952/10/6 2953/10/6 2965/10/6
f 2964/6/6 2952/6/6 2965/6/6
f 2953/2/6 2954/2/6 2966/2/6
f 2965/10/6 2953/10/6 2966/10/6
f 2954/10/6 2955/10/6 2967/10/6
f 2966/2/6 2954/2/6 2967/2/6
f 2955/8/6 2956/8/6 2968/8/6
f 2967/10/6 2955/10/6 2968/10/6
f 2956/6/6 2957/6/6 2969/6/6
f 2968/8/6 2956/8/6 2969/8/6
f 2958/10/6 2959/10/6 2970/10/6
f 2969/6/6 2957/6/6 2970/6/6
f 2957/10/6 2958/10/6 2970/10/6
f 2970/10/6 2959/10/6 2971/10/6
f 2971/10/6 2959/10/6 2972/10/6
f 2961/10/6 2962/10/6 2973/10/6
f 2962/2/6 2963/2/6 2974/2/6
f 2973/10/6 2962/10/6 2974/10/6
f 2964/10/6 2965/10/6 2975/10/6
f 2974/2/6 2963/2/6 2975/2/6
f 2963/10/6 2964/10/6 2975/10/6
f 2975/10/6 2965/10/6 2976/10/6
f 2967/4/6 2968/4/6 2977/4/6
f 2966/10/6 2967/10/6 2977/10/6
f 2969/10/6 2970/10/6 2978/10/6
f 2977/4/6 2968/4/6 2978/4/6
f 2968/10/6 2969/10/6 2978/10/6
f 2978/10/6 2970/10/6 2979/10/6
f 2970/4/6 2971/4/6 2980/4/6
f 2979/10/6 2970/10/6 2980/10/6
f 2980/4/6 2971/4/6 2981/4/6
f 2974/2/6 2975/2/6 2982/2/6
f 2975/4/6 2976/4/6 2983/4/6
f 2982/2/6 2975/2/6 2983/2/6
f 2976/10/6 2965/10/6 2984/10/6
f 2983/4/6 2976/4/6 2984/4/6
f 2965/8/6 2966/8/6 2985/8/6
f 2984/10/6 2965/10/6 2985/10/6
f 2966/10/6 2977/10/6 2986/10/6
f 2985/8/6 2966/8/6 2986/8/6
f 2977/6/6 2978/6/6 2987/6/6
f 2986/10/6 2977/10/6 2987/10/6
f 2978/8/6 2979/8/6 2988/8/6
f 2987/6/6 2978/6/6 2988/6/6
f 2979/10/6 2980/10/6 2989/10/6
f 2988/8/6 2979/8/6 2989/8/6
f 2989/10/6 2980/10/6 2990/10/6
f 2983/10/6 2984/10/6 2991/10/6
f 2984/10/6 2985/10/6 2991/10/6
f 2985/6/6 2986/6/6 2992/6/6
f 2991/10/6 2985/10/6 2992/10/6
f 2986/10/6 2987/10/6 2993/10/6
f 2992/6/6 2986/6/6 2993/6/6
f 2987/2/6 2988/2/6 2994/2/6
f 2993/10/6 2987/10/6 2994/10/6
f 2988/10/6 2989/10/6 2995/10/6
f 2994/2/6 2988/2/6 2995/2/6
f 2995/10/6 2989/10/6 2996/10/6
