# MagicaVoxel @ Ephtracy

# group
o 

# material
mtllib Character_Drone_New.mtl
usemtl palette

# normals
vn -1 0 0
vn 1 0 0
vn 0 0 1
vn 0 0 -1
vn 0 -1 0
vn 0 1 0

# texcoords
vt 0.849609 0.5
vt 0.853516 0.5
vt 0.880859 0.5
vt 0.884766 0.5
vt 0.912109 0.5
vt 0.916016 0.5
vt 0.943359 0.5
vt 0.947266 0.5
vt 0.974609 0.5
vt 0.978516 0.5
vt 0.982422 0.5
vt 0.986328 0.5

# verts
v -2 -0.1 1.4
v -2 -0.1 1.3
v -2 -0.1 1.2
v -2 0.1 1.3
v -2 0.1 1.2
v -2 0.1 1
v -2 0.2 1.4
v -2 0.2 1.3
v -2 0.2 1.2
v -2 0.2 1.1
v -2 0.3 1.3
v -2 0.3 1.2
v -2 0.3 1.1
v -2 0.3 1
v -2 0.3 0.8
v -2 0.4 1.2
v -2 0.4 1.1
v -2 0.4 1
v -2 0.4 0.8
v -2 0.6 1.2
v -2 0.6 1.1
v -2 0.6 1
v -2 0.6 0.8
v -2 0.7 1.3
v -2 0.7 1.2
v -2 0.7 1.1
v -2 0.7 1
v -2 0.7 0.8
v -2 0.8 1.4
v -2 0.8 1.3
v -2 0.8 1.2
v -2 0.8 1.1
v -2 0.9 1.3
v -2 0.9 1.2
v -2 0.9 1
v -2 1.1 1.4
v -2 1.1 1.3
v -2 1.1 1.2
v -1.8 -0.1 1.2
v -1.8 -0.1 1
v -1.8 0.1 1.2
v -1.8 0.1 1
v -1.8 0.1 -0.2
v -1.8 0.2 -0.2
v -1.8 0.2 -0.3
v -1.8 0.3 1
v -1.8 0.3 0.8
v -1.8 0.3 -0.3
v -1.8 0.3 -0.4
v -1.8 0.6 -0.3
v -1.8 0.6 -0.4
v -1.8 0.7 1
v -1.8 0.7 0.8
v -1.8 0.7 -0.3
v -1.8 0.7 -0.4
v -1.8 0.8 1
v -1.8 0.8 0.9
v -1.8 0.8 0.7
v -1.8 0.8 0.6
v -1.8 0.8 0.5
v -1.8 0.8 0.4
v -1.8 0.8 0.3
v -1.8 0.8 0.2
v -1.8 0.8 0.1
v -1.8 0.8 0
v -1.8 0.8 -0.1
v -1.8 0.8 -0.2
v -1.8 0.8 -0.3
v -1.8 0.9 1.2
v -1.8 0.9 1
v -1.8 0.9 0.9
v -1.8 0.9 0.7
v -1.8 0.9 0.6
v -1.8 0.9 0.5
v -1.8 0.9 0.4
v -1.8 0.9 0.3
v -1.8 0.9 0.2
v -1.8 0.9 0.1
v -1.8 0.9 0
v -1.8 0.9 -0.1
v -1.8 0.9 -0.2
v -1.8 1.1 1.2
v -1.8 1.1 1
v -1.7 0.1 -0.2
v -1.7 0.1 -0.3
v -1.7 0.2 -0.2
v -1.7 0.2 -0.3
v -1.7 0.2 -0.4
v -1.7 0.3 -0.3
v -1.7 0.3 -0.4
v -1.7 0.3 -0.5
v -1.7 0.6 -0.4
v -1.7 0.7 -0.3
v -1.7 0.7 -0.4
v -1.7 0.7 -0.5
v -1.7 0.8 -0.2
v -1.7 0.8 -0.3
v -1.7 0.8 -0.4
v -1.7 0.9 -0.2
v -1.7 0.9 -0.3
v -1.6 0.1 -0.3
v -1.6 0.1 -0.4
v -1.6 0.2 -0.3
v -1.6 0.2 -0.4
v -1.6 0.2 -0.5
v -1.6 0.3 -0.4
v -1.6 0.3 -0.5
v -1.6 0.7 -0.4
v -1.6 0.7 -0.5
v -1.6 0.8 -0.3
v -1.6 0.8 -0.4
v -1.6 0.8 -0.5
v -1.6 0.9 1
v -1.6 0.9 0.9
v -1.6 0.9 0.8
v -1.6 0.9 0
v -1.6 0.9 -0.2
v -1.6 0.9 -0.3
v -1.6 0.9 -0.4
v -1.6 1 1
v -1.6 1 0.9
v -1.6 1.1 1
v -1.6 1.1 0.8
v -1.6 1.3 0
v -1.6 1.3 -0.2
v -1.4 0.3 1.3
v -1.4 0.3 1.2
v -1.4 0.7 1.3
v -1.4 0.7 1.2
v -1.2 0.1 1.4
v -1.2 0.1 1.3
v -1.2 0.9 1.4
v -1.2 0.9 1.3
v -1 1.3 -0.6
v -1 1.3 -0.8
v -1 1.5 -0.6
v -1 1.5 -0.8
v -0.9 1.2 -0.6
v -0.9 1.2 -0.8
v -0.9 1.3 -0.5
v -0.9 1.3 -0.6
v -0.9 1.3 -0.8
v -0.9 1.3 -0.9
v -0.9 1.5 -0.5
v -0.9 1.5 -0.6
v -0.9 1.5 -0.8
v -0.9 1.5 -0.9
v -0.9 1.6 -0.6
v -0.9 1.6 -0.8
v -0.8 1.1 -0.5
v -0.8 1.1 -0.9
v -0.8 1.2 -0.4
v -0.8 1.2 -0.5
v -0.8 1.2 -0.6
v -0.8 1.2 -0.8
v -0.8 1.2 -0.9
v -0.8 1.2 -1
v -0.8 1.3 -0.5
v -0.8 1.3 -0.6
v -0.8 1.3 -0.8
v -0.8 1.3 -0.9
v -0.8 1.5 -0.5
v -0.8 1.5 -0.6
v -0.8 1.5 -0.8
v -0.8 1.5 -0.9
v -0.8 1.6 -0.4
v -0.8 1.6 -0.5
v -0.8 1.6 -0.6
v -0.8 1.6 -0.8
v -0.8 1.6 -0.9
v -0.8 1.6 -1
v -0.8 1.7 -0.5
v -0.8 1.7 -0.9
v -0.7 1.1 -0.4
v -0.7 1.1 -0.5
v -0.7 1.1 -0.9
v -0.7 1.1 -1
v -0.7 1.2 -0.4
v -0.7 1.2 -0.5
v -0.7 1.2 -0.9
v -0.7 1.2 -1
v -0.7 1.6 -0.4
v -0.7 1.6 -0.5
v -0.7 1.6 -0.9
v -0.7 1.6 -1
v -0.7 1.7 -0.4
v -0.7 1.7 -0.5
v -0.7 1.7 -0.9
v -0.7 1.7 -1
v -0.6 0.7 0.2
v -0.6 0.7 -1
v -0.6 0.8 0.3
v -0.6 0.8 0.2
v -0.6 0.8 -1
v -0.6 0.8 -1.1
v -0.6 0.9 0.4
v -0.6 0.9 0.3
v -0.6 0.9 -1.1
v -0.6 0.9 -1.2
v -0.6 1 -1.2
v -0.6 1 -1.3
v -0.6 1.1 -0.4
v -0.6 1.1 -1
v -0.6 1.1 -1.2
v -0.6 1.1 -1.3
v -0.6 1.4 -1.2
v -0.6 1.4 -1.3
v -0.6 1.5 -1.2
v -0.6 1.5 -1.3
v -0.6 1.7 -0.4
v -0.6 1.7 -1
v -0.6 1.7 -1.2
v -0.6 1.7 -1.3
v -0.6 1.8 -1.1
v -0.6 1.8 -1.2
v -0.6 1.8 -1.3
v -0.6 1.9 0.4
v -0.6 1.9 0.3
v -0.6 1.9 -1
v -0.6 1.9 -1.1
v -0.6 1.9 -1.2
v -0.6 2 0.3
v -0.6 2 0.2
v -0.6 2 -0.2
v -0.6 2 -0.3
v -0.6 2 -0.8
v -0.6 2 -0.9
v -0.6 2 -1
v -0.6 2 -1.1
v -0.6 2.1 0.2
v -0.6 2.1 -0.2
v -0.6 2.1 -0.3
v -0.6 2.1 -0.8
v -0.6 2.1 -0.9
v -0.6 2.1 -1
v -0.5 0.7 0.3
v -0.5 0.7 0.2
v -0.5 0.7 -1
v -0.5 0.7 -1.1
v -0.5 0.8 0.4
v -0.5 0.8 0.3
v -0.5 0.8 0.2
v -0.5 0.8 -1
v -0.5 0.8 -1.1
v -0.5 0.8 -1.2
v -0.5 0.9 0.4
v -0.5 0.9 0.3
v -0.5 0.9 -1.1
v -0.5 0.9 -1.2
v -0.5 0.9 -1.3
v -0.5 1 -1.2
v -0.5 1 -1.3
v -0.5 1.1 -1.3
v -0.5 1.1 -1.4
v -0.5 1.4 -1.3
v -0.5 1.5 -1.3
v -0.5 1.7 -1.3
v -0.5 1.7 -1.4
v -0.5 1.8 -1.2
v -0.5 1.8 -1.3
v -0.5 1.9 0.4
v -0.5 1.9 0.3
v -0.5 1.9 -1.1
v -0.5 1.9 -1.2
v -0.5 1.9 -1.3
v -0.5 2 0.4
v -0.5 2 0.3
v -0.5 2 0.2
v -0.5 2 -1
v -0.5 2 -1.1
v -0.5 2 -1.2
v -0.5 2.1 0.3
v -0.5 2.1 0.2
v -0.5 2.1 -1
v -0.5 2.1 -1.1
v -0.4 0.7 0.4
v -0.4 0.7 0.3
v -0.4 0.7 -1.1
v -0.4 0.7 -1.2
v -0.4 0.8 0.4
v -0.4 0.8 0.3
v -0.4 0.8 -1.1
v -0.4 0.8 -1.2
v -0.4 0.8 -1.3
v -0.4 0.9 0.6
v -0.4 0.9 0.4
v -0.4 0.9 -1.2
v -0.4 0.9 -1.3
v -0.4 1 -1.3
v -0.4 1 -1.4
v -0.4 1.1 -1.3
v -0.4 1.1 -1.4
v -0.4 1.7 -1.3
v -0.4 1.7 -1.4
v -0.4 1.8 -1.3
v -0.4 1.8 -1.4
v -0.4 1.9 0.6
v -0.4 1.9 0.4
v -0.4 1.9 -1.2
v -0.4 1.9 -1.3
v -0.4 2 0.4
v -0.4 2 0.3
v -0.4 2 -1.1
v -0.4 2 -1.2
v -0.4 2 -1.3
v -0.4 2.1 0.4
v -0.4 2.1 0.3
v -0.4 2.1 -1.1
v -0.4 2.1 -1.2
v -0.3 0.7 -1.2
v -0.3 0.7 -1.3
v -0.3 0.8 -1.2
v -0.3 0.8 -1.3
v -0.3 0.9 -1.3
v -0.3 0.9 -1.4
v -0.3 1 -1.3
v -0.3 1 -1.4
v -0.3 1.8 -1.3
v -0.3 1.8 -1.4
v -0.3 1.9 -1.3
v -0.3 1.9 -1.4
v -0.3 2 -1.2
v -0.3 2 -1.3
v -0.3 2.1 -1.2
v -0.3 2.1 -1.3
v -0.2 0.8 -1.3
v -0.2 0.8 -1.4
v -0.2 0.9 -1.3
v -0.2 0.9 -1.4
v -0.2 1.9 -1.3
v -0.2 1.9 -1.4
v -0.2 2 -1.3
v -0.2 2 -1.4
v 0.2 1.1 0.6
v 0.2 1.1 0.4
v 0.2 1.7 0.6
v 0.2 1.7 0.4
v 1 -0.1 1.4
v 1 -0.1 1.3
v 1 -0.1 1.2
v 1 0.1 1.3
v 1 0.1 1.2
v 1 0.1 1
v 1 0.2 1.4
v 1 0.2 1.3
v 1 0.2 1.2
v 1 0.2 1.1
v 1 0.3 1.3
v 1 0.3 1.2
v 1 0.3 1.1
v 1 0.3 1
v 1 0.3 0.8
v 1 0.4 1.2
v 1 0.4 1.1
v 1 0.4 1
v 1 0.4 0.8
v 1 0.6 1.2
v 1 0.6 1.1
v 1 0.6 1
v 1 0.6 0.8
v 1 0.7 1.3
v 1 0.7 1.2
v 1 0.7 1.1
v 1 0.7 1
v 1 0.7 0.8
v 1 0.8 1.4
v 1 0.8 1.3
v 1 0.8 1.2
v 1 0.8 1.1
v 1 0.9 1.3
v 1 0.9 1.2
v 1 0.9 1
v 1 1.1 1.4
v 1 1.1 1.3
v 1 1.1 1.2
v 1.2 -0.1 1.2
v 1.2 -0.1 1
v 1.2 0.1 1.2
v 1.2 0.1 1
v 1.2 0.1 -0.2
v 1.2 0.2 -0.2
v 1.2 0.2 -0.3
v 1.2 0.3 1
v 1.2 0.3 0.8
v 1.2 0.3 -0.3
v 1.2 0.3 -0.4
v 1.2 0.7 1
v 1.2 0.7 0.8
v 1.2 0.7 -0.2
v 1.2 0.7 -0.3
v 1.2 0.7 -0.4
v 1.2 0.8 0.8
v 1.2 0.8 0.7
v 1.2 0.8 0.4
v 1.2 0.8 0.3
v 1.2 0.8 0.1
v 1.2 0.8 0
v 1.2 0.8 -0.2
v 1.2 0.8 -0.3
v 1.2 0.9 1.2
v 1.2 0.9 1
v 1.2 0.9 0.8
v 1.2 0.9 0.7
v 1.2 0.9 0.4
v 1.2 0.9 0.3
v 1.2 0.9 0.1
v 1.2 0.9 0
v 1.2 0.9 -0.2
v 1.2 1.1 1.2
v 1.2 1.1 1
v 1.2 1.1 0
v 1.2 1.1 -0.2
v 1.2 1.3 0
v 1.2 1.3 -0.2
v 1.3 0.1 -0.2
v 1.3 0.1 -0.3
v 1.3 0.2 -0.2
v 1.3 0.2 -0.3
v 1.3 0.2 -0.4
v 1.3 0.3 -0.3
v 1.3 0.3 -0.4
v 1.3 0.3 -0.5
v 1.3 0.7 -0.3
v 1.3 0.7 -0.4
v 1.3 0.7 -0.5
v 1.3 0.8 -0.2
v 1.3 0.8 -0.3
v 1.3 0.8 -0.4
v 1.3 0.9 -0.2
v 1.3 0.9 -0.3
v 1.4 0.1 -0.3
v 1.4 0.1 -0.4
v 1.4 0.2 -0.3
v 1.4 0.2 -0.4
v 1.4 0.2 -0.5
v 1.4 0.3 -0.4
v 1.4 0.3 -0.5
v 1.4 0.7 -0.4
v 1.4 0.7 -0.5
v 1.4 0.8 -0.3
v 1.4 0.8 -0.4
v 1.4 0.8 -0.5
v 1.4 0.9 1
v 1.4 0.9 0.9
v 1.4 0.9 0.8
v 1.4 0.9 0
v 1.4 0.9 -0.2
v 1.4 0.9 -0.3
v 1.4 0.9 -0.4
v 1.4 1 1
v 1.4 1 0.9
v 1.4 1.1 1
v 1.4 1.1 0.8
v 1.4 1.1 0
v 1.4 1.1 -0.2
v 1.6 0.3 1.3
v 1.6 0.3 1.2
v 1.6 0.7 1.3
v 1.6 0.7 1.2
v 1.8 0.1 1.4
v 1.8 0.1 1.3
v 1.8 0.9 1.4
v 1.8 0.9 1.3
v -1.8 0.1 1.4
v -1.8 0.1 1.3
v -1.8 0.9 1.4
v -1.8 0.9 1.3
v -1.6 0.3 1.3
v -1.6 0.3 1.2
v -1.6 0.7 1.3
v -1.6 0.7 1.2
v -1.4 0.1 -0.3
v -1.4 0.1 -0.4
v -1.4 0.2 -0.3
v -1.4 0.2 -0.4
v -1.4 0.2 -0.5
v -1.4 0.3 -0.4
v -1.4 0.3 -0.5
v -1.4 0.7 -0.4
v -1.4 0.7 -0.5
v -1.4 0.8 -0.3
v -1.4 0.8 -0.4
v -1.4 0.8 -0.5
v -1.4 0.9 1
v -1.4 0.9 0.9
v -1.4 0.9 0.8
v -1.4 0.9 0
v -1.4 0.9 -0.2
v -1.4 0.9 -0.3
v -1.4 0.9 -0.4
v -1.4 1 1
v -1.4 1 0.9
v -1.4 1.1 1
v -1.4 1.1 0.8
v -1.4 1.1 0
v -1.4 1.1 -0.2
v -1.3 0.1 -0.2
v -1.3 0.1 -0.3
v -1.3 0.2 -0.2
v -1.3 0.2 -0.3
v -1.3 0.2 -0.4
v -1.3 0.3 -0.3
v -1.3 0.3 -0.4
v -1.3 0.3 -0.5
v -1.3 0.6 -0.4
v -1.3 0.7 -0.3
v -1.3 0.7 -0.4
v -1.3 0.7 -0.5
v -1.3 0.8 -0.2
v -1.3 0.8 -0.3
v -1.3 0.8 -0.4
v -1.3 0.9 -0.2
v -1.3 0.9 -0.3
v -1.2 -0.1 1.2
v -1.2 -0.1 1
v -1.2 0.1 1.2
v -1.2 0.1 1
v -1.2 0.1 -0.2
v -1.2 0.2 -0.2
v -1.2 0.2 -0.3
v -1.2 0.3 1
v -1.2 0.3 0.8
v -1.2 0.3 -0.3
v -1.2 0.3 -0.4
v -1.2 0.6 -0.3
v -1.2 0.6 -0.4
v -1.2 0.7 1
v -1.2 0.7 0.8
v -1.2 0.7 -0.3
v -1.2 0.7 -0.4
v -1.2 0.8 0.9
v -1.2 0.8 0.8
v -1.2 0.8 0.7
v -1.2 0.8 0.4
v -1.2 0.8 0.3
v -1.2 0.8 0.2
v -1.2 0.8 0.1
v -1.2 0.8 -0.2
v -1.2 0.8 -0.3
v -1.2 0.9 1.2
v -1.2 0.9 1
v -1.2 0.9 0.9
v -1.2 0.9 0.8
v -1.2 0.9 0.7
v -1.2 0.9 0.4
v -1.2 0.9 0.3
v -1.2 0.9 0.2
v -1.2 0.9 0.1
v -1.2 0.9 -0.2
v -1.2 1.1 1.2
v -1.2 1.1 1
v -1.2 1.1 0
v -1.2 1.1 -0.2
v -1.2 1.3 0
v -1.2 1.3 -0.2
v -1 -0.1 1.4
v -1 -0.1 1.3
v -1 -0.1 1.2
v -1 0.1 1.3
v -1 0.1 1.2
v -1 0.1 1
v -1 0.2 1.4
v -1 0.2 1.3
v -1 0.2 1.2
v -1 0.2 1.1
v -1 0.3 1.3
v -1 0.3 1.2
v -1 0.3 1.1
v -1 0.3 1
v -1 0.3 0.8
v -1 0.4 1.2
v -1 0.4 1.1
v -1 0.4 1
v -1 0.4 0.8
v -1 0.6 1.2
v -1 0.6 1.1
v -1 0.6 1
v -1 0.6 0.8
v -1 0.7 1.3
v -1 0.7 1.2
v -1 0.7 1.1
v -1 0.7 1
v -1 0.7 0.8
v -1 0.8 1.4
v -1 0.8 1.3
v -1 0.8 1.2
v -1 0.8 1.1
v -1 0.9 1.3
v -1 0.9 1.2
v -1 0.9 1
v -1 1.1 1.4
v -1 1.1 1.3
v -1 1.1 1.2
v -0.2 1.1 0.6
v -0.2 1.1 0.4
v -0.2 1.7 0.6
v -0.2 1.7 0.4
v 0.2 0.8 -1.3
v 0.2 0.8 -1.4
v 0.2 0.9 -1.3
v 0.2 0.9 -1.4
v 0.2 1.9 -1.3
v 0.2 1.9 -1.4
v 0.2 2 -1.3
v 0.2 2 -1.4
v 0.3 0.7 -1.2
v 0.3 0.7 -1.3
v 0.3 0.8 -1.2
v 0.3 0.8 -1.3
v 0.3 0.9 -1.3
v 0.3 0.9 -1.4
v 0.3 1 -1.3
v 0.3 1 -1.4
v 0.3 1.8 -1.3
v 0.3 1.8 -1.4
v 0.3 1.9 -1.3
v 0.3 1.9 -1.4
v 0.3 2 -1.2
v 0.3 2 -1.3
v 0.3 2.1 -1.2
v 0.3 2.1 -1.3
v 0.4 0.7 0.4
v 0.4 0.7 0.3
v 0.4 0.7 -1.1
v 0.4 0.7 -1.2
v 0.4 0.8 0.4
v 0.4 0.8 0.3
v 0.4 0.8 -1.1
v 0.4 0.8 -1.2
v 0.4 0.8 -1.3
v 0.4 0.9 0.6
v 0.4 0.9 0.4
v 0.4 0.9 -1.2
v 0.4 0.9 -1.3
v 0.4 1 -1.3
v 0.4 1 -1.4
v 0.4 1.1 -1.3
v 0.4 1.1 -1.4
v 0.4 1.7 -1.3
v 0.4 1.7 -1.4
v 0.4 1.8 -1.3
v 0.4 1.8 -1.4
v 0.4 1.9 0.6
v 0.4 1.9 0.4
v 0.4 1.9 -1.2
v 0.4 1.9 -1.3
v 0.4 2 0.4
v 0.4 2 0.3
v 0.4 2 -1.1
v 0.4 2 -1.2
v 0.4 2 -1.3
v 0.4 2.1 0.4
v 0.4 2.1 0.3
v 0.4 2.1 -1.1
v 0.4 2.1 -1.2
v 0.5 0.7 0.3
v 0.5 0.7 0.2
v 0.5 0.7 -1
v 0.5 0.7 -1.1
v 0.5 0.8 0.4
v 0.5 0.8 0.3
v 0.5 0.8 0.2
v 0.5 0.8 -1
v 0.5 0.8 -1.1
v 0.5 0.8 -1.2
v 0.5 0.9 0.4
v 0.5 0.9 0.3
v 0.5 0.9 -1.1
v 0.5 0.9 -1.2
v 0.5 0.9 -1.3
v 0.5 1 -1.2
v 0.5 1 -1.3
v 0.5 1.1 -1.3
v 0.5 1.1 -1.4
v 0.5 1.2 -1.3
v 0.5 1.3 -1.3
v 0.5 1.4 -1.3
v 0.5 1.5 -1.3
v 0.5 1.7 -1.3
v 0.5 1.7 -1.4
v 0.5 1.8 -1.2
v 0.5 1.8 -1.3
v 0.5 1.9 0.4
v 0.5 1.9 0.3
v 0.5 1.9 -1.1
v 0.5 1.9 -1.2
v 0.5 1.9 -1.3
v 0.5 2 0.4
v 0.5 2 0.3
v 0.5 2 0.2
v 0.5 2 -1
v 0.5 2 -1.1
v 0.5 2 -1.2
v 0.5 2.1 0.3
v 0.5 2.1 0.2
v 0.5 2.1 -1
v 0.5 2.1 -1.1
v 0.6 0.7 0.2
v 0.6 0.7 -0.9
v 0.6 0.7 -1
v 0.6 0.8 0.3
v 0.6 0.8 0.2
v 0.6 0.8 -0.9
v 0.6 0.8 -1
v 0.6 0.8 -1.1
v 0.6 0.9 0.4
v 0.6 0.9 0.3
v 0.6 0.9 -1.1
v 0.6 0.9 -1.2
v 0.6 1 -1.2
v 0.6 1 -1.3
v 0.6 1.1 -0.4
v 0.6 1.1 -1
v 0.6 1.2 -1.2
v 0.6 1.2 -1.3
v 0.6 1.3 -1.2
v 0.6 1.3 -1.3
v 0.6 1.4 -1.2
v 0.6 1.4 -1.3
v 0.6 1.5 -1.2
v 0.6 1.5 -1.3
v 0.6 1.7 -0.4
v 0.6 1.7 -1
v 0.6 1.7 -1.2
v 0.6 1.7 -1.3
v 0.6 1.8 -1.2
v 0.6 1.8 -1.3
v 0.6 1.9 0.4
v 0.6 1.9 0.3
v 0.6 1.9 -1.1
v 0.6 1.9 -1.2
v 0.6 2 0.3
v 0.6 2 0.2
v 0.6 2 -0.1
v 0.6 2 -0.2
v 0.6 2 -0.3
v 0.6 2 -0.8
v 0.6 2 -0.9
v 0.6 2 -1
v 0.6 2 -1.1
v 0.6 2.1 0.2
v 0.6 2.1 -0.1
v 0.6 2.1 -0.2
v 0.6 2.1 -0.3
v 0.6 2.1 -0.8
v 0.6 2.1 -0.9
v 0.6 2.1 -1
v 0.7 1.1 -0.4
v 0.7 1.1 -0.5
v 0.7 1.1 -0.9
v 0.7 1.1 -1
v 0.7 1.2 -0.4
v 0.7 1.2 -0.5
v 0.7 1.2 -0.9
v 0.7 1.2 -1
v 0.7 1.6 -0.4
v 0.7 1.6 -0.5
v 0.7 1.6 -0.9
v 0.7 1.6 -1
v 0.7 1.7 -0.4
v 0.7 1.7 -0.5
v 0.7 1.7 -0.9
v 0.7 1.7 -1
v 0.8 1.1 -0.5
v 0.8 1.1 -0.9
v 0.8 1.2 -0.4
v 0.8 1.2 -0.5
v 0.8 1.2 -0.6
v 0.8 1.2 -0.8
v 0.8 1.2 -0.9
v 0.8 1.2 -1
v 0.8 1.3 -0.5
v 0.8 1.3 -0.6
v 0.8 1.3 -0.8
v 0.8 1.3 -0.9
v 0.8 1.5 -0.5
v 0.8 1.5 -0.6
v 0.8 1.5 -0.8
v 0.8 1.5 -0.9
v 0.8 1.6 -0.4
v 0.8 1.6 -0.5
v 0.8 1.6 -0.6
v 0.8 1.6 -0.8
v 0.8 1.6 -0.9
v 0.8 1.6 -1
v 0.8 1.7 -0.5
v 0.8 1.7 -0.9
v 0.9 1.2 -0.6
v 0.9 1.2 -0.8
v 0.9 1.3 -0.5
v 0.9 1.3 -0.6
v 0.9 1.3 -0.8
v 0.9 1.3 -0.9
v 0.9 1.5 -0.5
v 0.9 1.5 -0.6
v 0.9 1.5 -0.8
v 0.9 1.5 -0.9
v 0.9 1.6 -0.6
v 0.9 1.6 -0.8
v 1 1.3 -0.6
v 1 1.3 -0.8
v 1 1.5 -0.6
v 1 1.5 -0.8
v 1.2 0.1 1.4
v 1.2 0.1 1.3
v 1.2 0.9 1.4
v 1.2 0.9 1.3
v 1.4 0.3 1.3
v 1.4 0.3 1.2
v 1.4 0.7 1.3
v 1.4 0.7 1.2
v 1.6 0.1 -0.3
v 1.6 0.1 -0.4
v 1.6 0.2 -0.3
v 1.6 0.2 -0.4
v 1.6 0.2 -0.5
v 1.6 0.3 -0.4
v 1.6 0.3 -0.5
v 1.6 0.7 -0.4
v 1.6 0.7 -0.5
v 1.6 0.8 -0.3
v 1.6 0.8 -0.4
v 1.6 0.8 -0.5
v 1.6 0.9 1
v 1.6 0.9 0.9
v 1.6 0.9 0.8
v 1.6 0.9 0
v 1.6 0.9 -0.2
v 1.6 0.9 -0.3
v 1.6 0.9 -0.4
v 1.6 1 1
v 1.6 1 0.9
v 1.6 1.1 1
v 1.6 1.1 0.8
v 1.6 1.3 0
v 1.6 1.3 -0.2
v 1.7 0.1 -0.2
v 1.7 0.1 -0.3
v 1.7 0.2 -0.2
v 1.7 0.2 -0.3
v 1.7 0.2 -0.4
v 1.7 0.3 -0.3
v 1.7 0.3 -0.4
v 1.7 0.3 -0.5
v 1.7 0.7 -0.3
v 1.7 0.7 -0.4
v 1.7 0.7 -0.5
v 1.7 0.8 -0.2
v 1.7 0.8 -0.3
v 1.7 0.8 -0.4
v 1.7 0.9 -0.2
v 1.7 0.9 -0.3
v 1.8 -0.1 1.2
v 1.8 -0.1 1
v 1.8 0.1 1.2
v 1.8 0.1 1
v 1.8 0.1 -0.2
v 1.8 0.2 -0.2
v 1.8 0.2 -0.3
v 1.8 0.3 1
v 1.8 0.3 0.8
v 1.8 0.3 -0.3
v 1.8 0.3 -0.4
v 1.8 0.7 1
v 1.8 0.7 0.8
v 1.8 0.7 -0.2
v 1.8 0.7 -0.3
v 1.8 0.7 -0.4
v 1.8 0.8 1
v 1.8 0.8 0.9
v 1.8 0.8 0
v 1.8 0.8 -0.1
v 1.8 0.8 -0.2
v 1.8 0.8 -0.3
v 1.8 0.9 1.2
v 1.8 0.9 1
v 1.8 0.9 0.9
v 1.8 0.9 0
v 1.8 0.9 -0.1
v 1.8 0.9 -0.2
v 1.8 1.1 1.2
v 1.8 1.1 1
v 2 -0.1 1.4
v 2 -0.1 1.3
v 2 -0.1 1.2
v 2 0.1 1.3
v 2 0.1 1.2
v 2 0.1 1
v 2 0.2 1.4
v 2 0.2 1.3
v 2 0.2 1.2
v 2 0.2 1.1
v 2 0.3 1.3
v 2 0.3 1.2
v 2 0.3 1.1
v 2 0.3 1
v 2 0.3 0.8
v 2 0.4 1.2
v 2 0.4 1.1
v 2 0.4 1
v 2 0.4 0.8
v 2 0.6 1.2
v 2 0.6 1.1
v 2 0.6 1
v 2 0.6 0.8
v 2 0.7 1.3
v 2 0.7 1.2
v 2 0.7 1.1
v 2 0.7 1
v 2 0.7 0.8
v 2 0.8 1.4
v 2 0.8 1.3
v 2 0.8 1.2
v 2 0.8 1.1
v 2 0.9 1.3
v 2 0.9 1.2
v 2 0.9 1
v 2 1.1 1.4
v 2 1.1 1.3
v 2 1.1 1.2
v -2 -0.1 1.4
v -2 0.2 1.4
v -2 0.8 1.4
v -2 1.1 1.4
v -1.9 0 1.4
v -1.9 0.2 1.4
v -1.9 0.8 1.4
v -1.9 1 1.4
v -1.8 0.1 1.4
v -1.8 0.9 1.4
v -1.7 -0.1 1.4
v -1.7 0 1.4
v -1.7 1 1.4
v -1.7 1.1 1.4
v -1.3 -0.1 1.4
v -1.3 0 1.4
v -1.3 1 1.4
v -1.3 1.1 1.4
v -1.2 0.1 1.4
v -1.2 0.9 1.4
v -1.1 0 1.4
v -1.1 0.2 1.4
v -1.1 0.8 1.4
v -1.1 1 1.4
v -1 -0.1 1.4
v -1 0.2 1.4
v -1 0.8 1.4
v -1 1.1 1.4
v 1 -0.1 1.4
v 1 0.2 1.4
v 1 0.8 1.4
v 1 1.1 1.4
v 1.1 0 1.4
v 1.1 0.2 1.4
v 1.1 0.8 1.4
v 1.1 1 1.4
v 1.2 0.1 1.4
v 1.2 0.9 1.4
v 1.3 -0.1 1.4
v 1.3 0 1.4
v 1.3 1 1.4
v 1.3 1.1 1.4
v 1.7 -0.1 1.4
v 1.7 0 1.4
v 1.7 1 1.4
v 1.7 1.1 1.4
v 1.8 0.1 1.4
v 1.8 0.9 1.4
v 1.9 0 1.4
v 1.9 0.2 1.4
v 1.9 0.8 1.4
v 1.9 1 1.4
v 2 -0.1 1.4
v 2 0.2 1.4
v 2 0.8 1.4
v 2 1.1 1.4
v -1.8 0.1 1.3
v -1.8 0.9 1.3
v -1.6 0.3 1.3
v -1.6 0.7 1.3
v -1.4 0.3 1.3
v -1.4 0.7 1.3
v -1.2 0.1 1.3
v -1.2 0.9 1.3
v 1.2 0.1 1.3
v 1.2 0.9 1.3
v 1.4 0.3 1.3
v 1.4 0.7 1.3
v 1.6 0.3 1.3
v 1.6 0.7 1.3
v 1.8 0.1 1.3
v 1.8 0.9 1.3
v -1.6 0.3 1.2
v -1.6 0.7 1.2
v -1.4 0.3 1.2
v -1.4 0.7 1.2
v 1.4 0.3 1.2
v 1.4 0.7 1.2
v 1.6 0.3 1.2
v 1.6 0.7 1.2
v -0.4 0.9 0.6
v -0.4 1.9 0.6
v -0.2 1.1 0.6
v -0.2 1.7 0.6
v 0.2 1.1 0.6
v 0.2 1.7 0.6
v 0.4 0.9 0.6
v 0.4 1.9 0.6
v -0.6 0.9 0.4
v -0.6 1.9 0.4
v -0.5 0.8 0.4
v -0.5 0.9 0.4
v -0.5 1.9 0.4
v -0.5 2 0.4
v -0.4 0.7 0.4
v -0.4 0.8 0.4
v -0.4 0.9 0.4
v -0.4 1.9 0.4
v -0.4 2 0.4
v -0.4 2.1 0.4
v -0.2 1.1 0.4
v -0.2 1.7 0.4
v 0.2 1.1 0.4
v 0.2 1.7 0.4
v 0.2 2 0.4
v 0.2 2.1 0.4
v 0.3 2 0.4
v 0.3 2.1 0.4
v 0.4 0.7 0.4
v 0.4 0.8 0.4
v 0.4 0.9 0.4
v 0.4 1.9 0.4
v 0.4 2 0.4
v 0.4 2.1 0.4
v 0.5 0.8 0.4
v 0.5 0.9 0.4
v 0.5 1.9 0.4
v 0.5 2 0.4
v 0.6 0.9 0.4
v 0.6 1.9 0.4
v -0.6 0.8 0.3
v -0.6 0.9 0.3
v -0.6 1.9 0.3
v -0.6 2 0.3
v -0.5 0.7 0.3
v -0.5 0.8 0.3
v -0.5 0.9 0.3
v -0.5 1.9 0.3
v -0.5 2 0.3
v -0.5 2.1 0.3
v -0.4 0.7 0.3
v -0.4 0.8 0.3
v -0.4 2 0.3
v -0.4 2.1 0.3
v 0.4 0.7 0.3
v 0.4 0.8 0.3
v 0.4 2 0.3
v 0.4 2.1 0.3
v 0.5 0.7 0.3
v 0.5 0.8 0.3
v 0.5 0.9 0.3
v 0.5 1.9 0.3
v 0.5 2 0.3
v 0.5 2.1 0.3
v 0.6 0.8 0.3
v 0.6 0.9 0.3
v 0.6 1.9 0.3
v 0.6 2 0.3
v -0.6 0.7 0.2
v -0.6 0.8 0.2
v -0.6 2 0.2
v -0.6 2.1 0.2
v -0.5 0.7 0.2
v -0.5 0.8 0.2
v -0.5 2 0.2
v -0.5 2.1 0.2
v 0.5 0.7 0.2
v 0.5 0.8 0.2
v 0.5 2 0.2
v 0.5 2.1 0.2
v 0.6 0.7 0.2
v 0.6 0.8 0.2
v 0.6 2 0.2
v 0.6 2.1 0.2
v -1.6 0.9 0
v -1.6 1.3 0
v -1.4 0.9 0
v -1.4 1.1 0
v -1.3 1.1 0
v -1.3 1.3 0
v -1.2 1.1 0
v -1.2 1.3 0
v 1.2 1.1 0
v 1.2 1.3 0
v 1.3 1.1 0
v 1.3 1.3 0
v 1.4 0.9 0
v 1.4 1.1 0
v 1.5 0.9 0
v 1.6 0.9 0
v 1.6 1.3 0
v -0.8 1.2 -0.4
v -0.8 1.6 -0.4
v -0.7 1.1 -0.4
v -0.7 1.2 -0.4
v -0.7 1.6 -0.4
v -0.7 1.7 -0.4
v -0.6 1.1 -0.4
v -0.6 1.7 -0.4
v 0.6 1.1 -0.4
v 0.6 1.7 -0.4
v 0.7 1.1 -0.4
v 0.7 1.2 -0.4
v 0.7 1.6 -0.4
v 0.7 1.7 -0.4
v 0.8 1.2 -0.4
v 0.8 1.6 -0.4
v -0.9 1.3 -0.5
v -0.9 1.5 -0.5
v -0.8 1.1 -0.5
v -0.8 1.2 -0.5
v -0.8 1.3 -0.5
v -0.8 1.5 -0.5
v -0.8 1.6 -0.5
v -0.8 1.7 -0.5
v -0.7 1.1 -0.5
v -0.7 1.2 -0.5
v -0.7 1.6 -0.5
v -0.7 1.7 -0.5
v 0.7 1.1 -0.5
v 0.7 1.2 -0.5
v 0.7 1.6 -0.5
v 0.7 1.7 -0.5
v 0.8 1.1 -0.5
v 0.8 1.2 -0.5
v 0.8 1.3 -0.5
v 0.8 1.5 -0.5
v 0.8 1.6 -0.5
v 0.8 1.7 -0.5
v 0.9 1.3 -0.5
v 0.9 1.5 -0.5
v -1 1.3 -0.6
v -1 1.5 -0.6
v -0.9 1.2 -0.6
v -0.9 1.3 -0.6
v -0.9 1.5 -0.6
v -0.9 1.6 -0.6
v -0.8 1.2 -0.6
v -0.8 1.3 -0.6
v -0.8 1.5 -0.6
v -0.8 1.6 -0.6
v 0.8 1.2 -0.6
v 0.8 1.3 -0.6
v 0.8 1.5 -0.6
v 0.8 1.6 -0.6
v 0.9 1.2 -0.6
v 0.9 1.3 -0.6
v 0.9 1.5 -0.6
v 0.9 1.6 -0.6
v 1 1.3 -0.6
v 1 1.5 -0.6
v -2 -0.1 1.2
v -2 0.1 1.2
v -2 0.9 1.2
v -2 1.1 1.2
v -1.8 -0.1 1.2
v -1.8 0.1 1.2
v -1.8 0.9 1.2
v -1.8 1.1 1.2
v -1.2 -0.1 1.2
v -1.2 0.1 1.2
v -1.2 0.9 1.2
v -1.2 1.1 1.2
v -1 -0.1 1.2
v -1 0.1 1.2
v -1 0.9 1.2
v -1 1.1 1.2
v 1 -0.1 1.2
v 1 0.1 1.2
v 1 0.9 1.2
v 1 1.1 1.2
v 1.2 -0.1 1.2
v 1.2 0.1 1.2
v 1.2 0.9 1.2
v 1.2 1.1 1.2
v 1.8 -0.1 1.2
v 1.8 0.1 1.2
v 1.8 0.9 1.2
v 1.8 1.1 1.2
v 2 -0.1 1.2
v 2 0.1 1.2
v 2 0.9 1.2
v 2 1.1 1.2
v -2 0.1 1
v -2 0.3 1
v -2 0.7 1
v -2 0.9 1
v -1.8 -0.1 1
v -1.8 0.1 1
v -1.8 0.3 1
v -1.8 0.7 1
v -1.8 0.8 1
v -1.8 0.9 1
v -1.8 1.1 1
v -1.7 0.9 1
v -1.6 0.9 1
v -1.6 1 1
v -1.6 1.1 1
v -1.4 0.9 1
v -1.4 1 1
v -1.4 1.1 1
v -1.2 -0.1 1
v -1.2 0.1 1
v -1.2 0.3 1
v -1.2 0.7 1
v -1.2 0.9 1
v -1.2 1.1 1
v -1 0.1 1
v -1 0.3 1
v -1 0.7 1
v -1 0.9 1
v 1 0.1 1
v 1 0.3 1
v 1 0.7 1
v 1 0.9 1
v 1.2 -0.1 1
v 1.2 0.1 1
v 1.2 0.3 1
v 1.2 0.7 1
v 1.2 0.9 1
v 1.2 1.1 1
v 1.4 0.9 1
v 1.4 1 1
v 1.4 1.1 1
v 1.6 0.9 1
v 1.6 1 1
v 1.6 1.1 1
v 1.7 0.9 1
v 1.8 -0.1 1
v 1.8 0.1 1
v 1.8 0.3 1
v 1.8 0.7 1
v 1.8 0.8 1
v 1.8 0.9 1
v 1.8 1.1 1
v 2 0.1 1
v 2 0.3 1
v 2 0.7 1
v 2 0.9 1
v -2 0.3 0.8
v -2 0.4 0.8
v -2 0.6 0.8
v -2 0.7 0.8
v -1.9 0.4 0.8
v -1.9 0.6 0.8
v -1.8 0.3 0.8
v -1.8 0.7 0.8
v -1.6 0.9 0.8
v -1.6 1.1 0.8
v -1.5 0.9 0.8
v -1.4 0.9 0.8
v -1.4 1.1 0.8
v -1.2 0.3 0.8
v -1.2 0.7 0.8
v -1.1 0.4 0.8
v -1.1 0.6 0.8
v -1 0.3 0.8
v -1 0.4 0.8
v -1 0.6 0.8
v -1 0.7 0.8
v 1 0.3 0.8
v 1 0.4 0.8
v 1 0.6 0.8
v 1 0.7 0.8
v 1.1 0.4 0.8
v 1.1 0.6 0.8
v 1.2 0.3 0.8
v 1.2 0.7 0.8
v 1.4 0.9 0.8
v 1.4 1.1 0.8
v 1.6 0.9 0.8
v 1.6 1.1 0.8
v 1.8 0.3 0.8
v 1.8 0.7 0.8
v 1.9 0.4 0.8
v 1.9 0.6 0.8
v 2 0.3 0.8
v 2 0.4 0.8
v 2 0.6 0.8
v 2 0.7 0.8
v -1.8 0.1 -0.2
v -1.8 0.2 -0.2
v -1.8 0.8 -0.2
v -1.8 0.9 -0.2
v -1.7 0.1 -0.2
v -1.7 0.2 -0.2
v -1.7 0.8 -0.2
v -1.7 0.9 -0.2
v -1.6 0.9 -0.2
v -1.6 1.3 -0.2
v -1.5 0.9 -0.2
v -1.4 0.9 -0.2
v -1.4 1.1 -0.2
v -1.3 0.1 -0.2
v -1.3 0.2 -0.2
v -1.3 0.8 -0.2
v -1.3 0.9 -0.2
v -1.3 1.1 -0.2
v -1.3 1.3 -0.2
v -1.2 0.1 -0.2
v -1.2 0.2 -0.2
v -1.2 0.8 -0.2
v -1.2 0.9 -0.2
v -1.2 1.1 -0.2
v -1.2 1.3 -0.2
v 1.2 0.1 -0.2
v 1.2 0.2 -0.2
v 1.2 0.8 -0.2
v 1.2 0.9 -0.2
v 1.2 1.1 -0.2
v 1.2 1.3 -0.2
v 1.3 0.1 -0.2
v 1.3 0.2 -0.2
v 1.3 0.8 -0.2
v 1.3 0.9 -0.2
v 1.3 1.1 -0.2
v 1.3 1.3 -0.2
v 1.4 0.9 -0.2
v 1.4 1.1 -0.2
v 1.6 0.9 -0.2
v 1.6 1.3 -0.2
v 1.7 0.1 -0.2
v 1.7 0.2 -0.2
v 1.7 0.8 -0.2
v 1.7 0.9 -0.2
v 1.8 0.1 -0.2
v 1.8 0.2 -0.2
v 1.8 0.8 -0.2
v 1.8 0.9 -0.2
v -1.8 0.2 -0.3
v -1.8 0.3 -0.3
v -1.8 0.7 -0.3
v -1.8 0.8 -0.3
v -1.7 0.1 -0.3
v -1.7 0.2 -0.3
v -1.7 0.3 -0.3
v -1.7 0.7 -0.3
v -1.7 0.8 -0.3
v -1.7 0.9 -0.3
v -1.6 0.1 -0.3
v -1.6 0.2 -0.3
v -1.6 0.8 -0.3
v -1.6 0.9 -0.3
v -1.4 0.1 -0.3
v -1.4 0.2 -0.3
v -1.4 0.8 -0.3
v -1.4 0.9 -0.3
v -1.3 0.1 -0.3
v -1.3 0.2 -0.3
v -1.3 0.3 -0.3
v -1.3 0.7 -0.3
v -1.3 0.8 -0.3
v -1.3 0.9 -0.3
v -1.2 0.2 -0.3
v -1.2 0.3 -0.3
v -1.2 0.7 -0.3
v -1.2 0.8 -0.3
v 1.2 0.2 -0.3
v 1.2 0.3 -0.3
v 1.2 0.7 -0.3
v 1.2 0.8 -0.3
v 1.3 0.1 -0.3
v 1.3 0.2 -0.3
v 1.3 0.3 -0.3
v 1.3 0.7 -0.3
v 1.3 0.8 -0.3
v 1.3 0.9 -0.3
v 1.4 0.1 -0.3
v 1.4 0.2 -0.3
v 1.4 0.8 -0.3
v 1.4 0.9 -0.3
v 1.6 0.1 -0.3
v 1.6 0.2 -0.3
v 1.6 0.8 -0.3
v 1.6 0.9 -0.3
v 1.7 0.1 -0.3
v 1.7 0.2 -0.3
v 1.7 0.3 -0.3
v 1.7 0.7 -0.3
v 1.7 0.8 -0.3
v 1.7 0.9 -0.3
v 1.8 0.2 -0.3
v 1.8 0.3 -0.3
v 1.8 0.7 -0.3
v 1.8 0.8 -0.3
v -1.8 0.3 -0.4
v -1.8 0.6 -0.4
v -1.8 0.7 -0.4
v -1.7 0.2 -0.4
v -1.7 0.3 -0.4
v -1.7 0.6 -0.4
v -1.7 0.7 -0.4
v -1.7 0.8 -0.4
v -1.6 0.1 -0.4
v -1.6 0.2 -0.4
v -1.6 0.3 -0.4
v -1.6 0.7 -0.4
v -1.6 0.8 -0.4
v -1.6 0.9 -0.4
v -1.5 0.8 -0.4
v -1.5 0.9 -0.4
v -1.4 0.1 -0.4
v -1.4 0.2 -0.4
v -1.4 0.3 -0.4
v -1.4 0.7 -0.4
v -1.4 0.8 -0.4
v -1.4 0.9 -0.4
v -1.3 0.2 -0.4
v -1.3 0.3 -0.4
v -1.3 0.6 -0.4
v -1.3 0.7 -0.4
v -1.3 0.8 -0.4
v -1.2 0.3 -0.4
v -1.2 0.6 -0.4
v -1.2 0.7 -0.4
v 1.2 0.3 -0.4
v 1.2 0.7 -0.4
v 1.3 0.2 -0.4
v 1.3 0.3 -0.4
v 1.3 0.7 -0.4
v 1.3 0.8 -0.4
v 1.4 0.1 -0.4
v 1.4 0.2 -0.4
v 1.4 0.3 -0.4
v 1.4 0.7 -0.4
v 1.4 0.8 -0.4
v 1.4 0.9 -0.4
v 1.5 0.8 -0.4
v 1.5 0.9 -0.4
v 1.6 0.1 -0.4
v 1.6 0.2 -0.4
v 1.6 0.3 -0.4
v 1.6 0.7 -0.4
v 1.6 0.8 -0.4
v 1.6 0.9 -0.4
v 1.7 0.2 -0.4
v 1.7 0.3 -0.4
v 1.7 0.7 -0.4
v 1.7 0.8 -0.4
v 1.8 0.3 -0.4
v 1.8 0.7 -0.4
v -1.7 0.3 -0.5
v -1.7 0.7 -0.5
v -1.6 0.2 -0.5
v -1.6 0.3 -0.5
v -1.6 0.4 -0.5
v -1.6 0.6 -0.5
v -1.6 0.7 -0.5
v -1.6 0.8 -0.5
v -1.5 0.3 -0.5
v -1.5 0.4 -0.5
v -1.5 0.5 -0.5
v -1.5 0.6 -0.5
v -1.5 0.7 -0.5
v -1.4 0.2 -0.5
v -1.4 0.3 -0.5
v -1.4 0.4 -0.5
v -1.4 0.5 -0.5
v -1.4 0.6 -0.5
v -1.4 0.7 -0.5
v -1.4 0.8 -0.5
v -1.3 0.3 -0.5
v -1.3 0.7 -0.5
v 1.3 0.3 -0.5
v 1.3 0.7 -0.5
v 1.4 0.2 -0.5
v 1.4 0.3 -0.5
v 1.4 0.4 -0.5
v 1.4 0.5 -0.5
v 1.4 0.6 -0.5
v 1.4 0.7 -0.5
v 1.4 0.8 -0.5
v 1.5 0.3 -0.5
v 1.5 0.4 -0.5
v 1.5 0.5 -0.5
v 1.5 0.6 -0.5
v 1.5 0.7 -0.5
v 1.6 0.2 -0.5
v 1.6 0.3 -0.5
v 1.6 0.4 -0.5
v 1.6 0.5 -0.5
v 1.6 0.6 -0.5
v 1.6 0.7 -0.5
v 1.6 0.8 -0.5
v 1.7 0.3 -0.5
v 1.7 0.7 -0.5
v -1 1.3 -0.8
v -1 1.5 -0.8
v -0.9 1.2 -0.8
v -0.9 1.3 -0.8
v -0.9 1.5 -0.8
v -0.9 1.6 -0.8
v -0.8 1.2 -0.8
v -0.8 1.3 -0.8
v -0.8 1.5 -0.8
v -0.8 1.6 -0.8
v 0.8 1.2 -0.8
v 0.8 1.3 -0.8
v 0.8 1.5 -0.8
v 0.8 1.6 -0.8
v 0.9 1.2 -0.8
v 0.9 1.3 -0.8
v 0.9 1.5 -0.8
v 0.9 1.6 -0.8
v 1 1.3 -0.8
v 1 1.5 -0.8
v -0.9 1.3 -0.9
v -0.9 1.5 -0.9
v -0.8 1.1 -0.9
v -0.8 1.2 -0.9
v -0.8 1.3 -0.9
v -0.8 1.5 -0.9
v -0.8 1.6 -0.9
v -0.8 1.7 -0.9
v -0.7 1.1 -0.9
v -0.7 1.2 -0.9
v -0.7 1.6 -0.9
v -0.7 1.7 -0.9
v 0.7 1.1 -0.9
v 0.7 1.2 -0.9
v 0.7 1.6 -0.9
v 0.7 1.7 -0.9
v 0.8 1.1 -0.9
v 0.8 1.2 -0.9
v 0.8 1.3 -0.9
v 0.8 1.5 -0.9
v 0.8 1.6 -0.9
v 0.8 1.7 -0.9
v 0.9 1.3 -0.9
v 0.9 1.5 -0.9
v -0.8 1.2 -1
v -0.8 1.6 -1
v -0.7 1.1 -1
v -0.7 1.2 -1
v -0.7 1.6 -1
v -0.7 1.7 -1
v -0.6 0.7 -1
v -0.6 0.8 -1
v -0.6 1.1 -1
v -0.6 1.7 -1
v -0.6 2 -1
v -0.6 2.1 -1
v -0.5 0.7 -1
v -0.5 0.8 -1
v -0.5 2 -1
v -0.5 2.1 -1
v 0.5 0.7 -1
v 0.5 0.8 -1
v 0.5 2 -1
v 0.5 2.1 -1
v 0.6 0.7 -1
v 0.6 0.8 -1
v 0.6 1.1 -1
v 0.6 1.7 -1
v 0.6 2 -1
v 0.6 2.1 -1
v 0.7 1.1 -1
v 0.7 1.2 -1
v 0.7 1.6 -1
v 0.7 1.7 -1
v 0.8 1.2 -1
v 0.8 1.6 -1
v -0.6 0.8 -1.1
v -0.6 0.9 -1.1
v -0.6 1.9 -1.1
v -0.6 2 -1.1
v -0.5 0.7 -1.1
v -0.5 0.8 -1.1
v -0.5 0.9 -1.1
v -0.5 1.9 -1.1
v -0.5 2 -1.1
v -0.5 2.1 -1.1
v -0.4 0.7 -1.1
v -0.4 0.8 -1.1
v -0.4 2 -1.1
v -0.4 2.1 -1.1
v 0.4 0.7 -1.1
v 0.4 0.8 -1.1
v 0.4 2 -1.1
v 0.4 2.1 -1.1
v 0.5 0.7 -1.1
v 0.5 0.8 -1.1
v 0.5 0.9 -1.1
v 0.5 1.9 -1.1
v 0.5 2 -1.1
v 0.5 2.1 -1.1
v 0.6 0.8 -1.1
v 0.6 0.9 -1.1
v 0.6 1.9 -1.1
v 0.6 2 -1.1
v -0.6 0.9 -1.2
v -0.6 1 -1.2
v -0.6 1.8 -1.2
v -0.6 1.9 -1.2
v -0.5 0.8 -1.2
v -0.5 0.9 -1.2
v -0.5 1 -1.2
v -0.5 1.8 -1.2
v -0.5 1.9 -1.2
v -0.5 2 -1.2
v -0.4 0.7 -1.2
v -0.4 0.8 -1.2
v -0.4 0.9 -1.2
v -0.4 1.9 -1.2
v -0.4 2 -1.2
v -0.4 2.1 -1.2
v -0.3 0.7 -1.2
v -0.3 0.8 -1.2
v -0.3 2 -1.2
v -0.3 2.1 -1.2
v 0.3 0.7 -1.2
v 0.3 0.8 -1.2
v 0.3 2 -1.2
v 0.3 2.1 -1.2
v 0.4 0.7 -1.2
v 0.4 0.8 -1.2
v 0.4 0.9 -1.2
v 0.4 1.9 -1.2
v 0.4 2 -1.2
v 0.4 2.1 -1.2
v 0.5 0.8 -1.2
v 0.5 0.9 -1.2
v 0.5 1 -1.2
v 0.5 1.8 -1.2
v 0.5 1.9 -1.2
v 0.5 2 -1.2
v 0.6 0.9 -1.2
v 0.6 1 -1.2
v 0.6 1.8 -1.2
v 0.6 1.9 -1.2
v -0.6 1 -1.3
v -0.6 1.1 -1.3
v -0.6 1.4 -1.3
v -0.6 1.5 -1.3
v -0.6 1.7 -1.3
v -0.6 1.8 -1.3
v -0.5 0.9 -1.3
v -0.5 1 -1.3
v -0.5 1.1 -1.3
v -0.5 1.4 -1.3
v -0.5 1.5 -1.3
v -0.5 1.7 -1.3
v -0.5 1.8 -1.3
v -0.5 1.9 -1.3
v -0.4 0.8 -1.3
v -0.4 0.9 -1.3
v -0.4 1 -1.3
v -0.4 1.1 -1.3
v -0.4 1.7 -1.3
v -0.4 1.8 -1.3
v -0.4 1.9 -1.3
v -0.4 2 -1.3
v -0.3 0.7 -1.3
v -0.3 0.8 -1.3
v -0.3 0.9 -1.3
v -0.3 1 -1.3
v -0.3 1.8 -1.3
v -0.3 1.9 -1.3
v -0.3 2 -1.3
v -0.3 2.1 -1.3
v -0.2 0.8 -1.3
v -0.2 0.9 -1.3
v -0.2 1.9 -1.3
v -0.2 2 -1.3
v -0.0999999 0.7 -1.3
v -0.0999999 0.8 -1.3
v -0.0999999 2 -1.3
v -0.0999999 2.1 -1.3
v 2.38419e-07 0.7 -1.3
v 2.38419e-07 0.8 -1.3
v 2.38419e-07 2 -1.3
v 2.38419e-07 2.1 -1.3
v 0.1 2 -1.3
v 0.1 2.1 -1.3
v 0.2 0.8 -1.3
v 0.2 0.9 -1.3
v 0.2 1.9 -1.3
v 0.2 2 -1.3
v 0.2 2.1 -1.3
v 0.3 0.7 -1.3
v 0.3 0.8 -1.3
v 0.3 0.9 -1.3
v 0.3 1 -1.3
v 0.3 1.8 -1.3
v 0.3 1.9 -1.3
v 0.3 2 -1.3
v 0.3 2.1 -1.3
v 0.4 0.8 -1.3
v 0.4 0.9 -1.3
v 0.4 1 -1.3
v 0.4 1.1 -1.3
v 0.4 1.7 -1.3
v 0.4 1.8 -1.3
v 0.4 1.9 -1.3
v 0.4 2 -1.3
v 0.5 0.9 -1.3
v 0.5 1 -1.3
v 0.5 1.1 -1.3
v 0.5 1.2 -1.3
v 0.5 1.3 -1.3
v 0.5 1.4 -1.3
v 0.5 1.5 -1.3
v 0.5 1.7 -1.3
v 0.5 1.8 -1.3
v 0.5 1.9 -1.3
v 0.6 1 -1.3
v 0.6 1.2 -1.3
v 0.6 1.3 -1.3
v 0.6 1.4 -1.3
v 0.6 1.5 -1.3
v 0.6 1.7 -1.3
v 0.6 1.8 -1.3
v -0.5 1.1 -1.4
v -0.5 1.7 -1.4
v -0.4 1 -1.4
v -0.4 1.1 -1.4
v -0.4 1.2 -1.4
v -0.4 1.3 -1.4
v -0.4 1.4 -1.4
v -0.4 1.5 -1.4
v -0.4 1.6 -1.4
v -0.4 1.7 -1.4
v -0.4 1.8 -1.4
v -0.3 0.9 -1.4
v -0.3 1 -1.4
v -0.3 1.1 -1.4
v -0.3 1.2 -1.4
v -0.3 1.3 -1.4
v -0.3 1.4 -1.4
v -0.3 1.5 -1.4
v -0.3 1.6 -1.4
v -0.3 1.7 -1.4
v -0.3 1.8 -1.4
v -0.3 1.9 -1.4
v -0.2 0.8 -1.4
v -0.2 0.9 -1.4
v -0.2 1 -1.4
v -0.2 1.1 -1.4
v -0.2 1.2 -1.4
v -0.2 1.3 -1.4
v -0.2 1.4 -1.4
v -0.2 1.5 -1.4
v -0.2 1.6 -1.4
v -0.2 1.7 -1.4
v -0.2 1.8 -1.4
v -0.2 1.9 -1.4
v -0.2 2 -1.4
v -0.0999999 0.9 -1.4
v -0.0999999 1 -1.4
v -0.0999999 1.1 -1.4
v -0.0999999 1.2 -1.4
v -0.0999999 1.3 -1.4
v -0.0999999 1.4 -1.4
v -0.0999999 1.5 -1.4
v -0.0999999 1.6 -1.4
v -0.0999999 1.7 -1.4
v -0.0999999 1.8 -1.4
v -0.0999999 1.9 -1.4
v 2.38419e-07 0.9 -1.4
v 2.38419e-07 1 -1.4
v 2.38419e-07 1.1 -1.4
v 2.38419e-07 1.2 -1.4
v 2.38419e-07 1.3 -1.4
v 2.38419e-07 1.4 -1.4
v 2.38419e-07 1.5 -1.4
v 2.38419e-07 1.6 -1.4
v 2.38419e-07 1.7 -1.4
v 2.38419e-07 1.8 -1.4
v 2.38419e-07 1.9 -1.4
v 0.1 0.9 -1.4
v 0.1 1 -1.4
v 0.1 1.1 -1.4
v 0.1 1.2 -1.4
v 0.1 1.3 -1.4
v 0.1 1.4 -1.4
v 0.1 1.5 -1.4
v 0.1 1.6 -1.4
v 0.1 1.7 -1.4
v 0.1 1.8 -1.4
v 0.1 1.9 -1.4
v 0.2 0.8 -1.4
v 0.2 0.9 -1.4
v 0.2 1 -1.4
v 0.2 1.1 -1.4
v 0.2 1.2 -1.4
v 0.2 1.3 -1.4
v 0.2 1.4 -1.4
v 0.2 1.5 -1.4
v 0.2 1.6 -1.4
v 0.2 1.7 -1.4
v 0.2 1.8 -1.4
v 0.2 1.9 -1.4
v 0.2 2 -1.4
v 0.3 0.9 -1.4
v 0.3 1 -1.4
v 0.3 1.1 -1.4
v 0.3 1.2 -1.4
v 0.3 1.3 -1.4
v 0.3 1.4 -1.4
v 0.3 1.5 -1.4
v 0.3 1.6 -1.4
v 0.3 1.7 -1.4
v 0.3 1.8 -1.4
v 0.3 1.9 -1.4
v 0.4 1 -1.4
v 0.4 1.1 -1.4
v 0.4 1.2 -1.4
v 0.4 1.3 -1.4
v 0.4 1.5 -1.4
v 0.4 1.6 -1.4
v 0.4 1.7 -1.4
v 0.4 1.8 -1.4
v 0.5 1.1 -1.4
v 0.5 1.7 -1.4
v -2 -0.1 1.4
v -1.7 -0.1 1.4
v -1.3 -0.1 1.4
v -1 -0.1 1.4
v 1 -0.1 1.4
v 1.3 -0.1 1.4
v 1.7 -0.1 1.4
v 2 -0.1 1.4
v -2 -0.1 1.3
v -1.8 -0.1 1.3
v -1.2 -0.1 1.3
v -1 -0.1 1.3
v 1 -0.1 1.3
v 1.2 -0.1 1.3
v 1.8 -0.1 1.3
v 2 -0.1 1.3
v -2 -0.1 1.2
v -1.8 -0.1 1.2
v -1.7 -0.1 1.2
v -1.3 -0.1 1.2
v -1.2 -0.1 1.2
v -1 -0.1 1.2
v 1 -0.1 1.2
v 1.2 -0.1 1.2
v 1.3 -0.1 1.2
v 1.7 -0.1 1.2
v 1.8 -0.1 1.2
v 2 -0.1 1.2
v -1.8 -0.1 1
v -1.2 -0.1 1
v 1.2 -0.1 1
v 1.8 -0.1 1
v -2 0.1 1.2
v -1.8 0.1 1.2
v -1.2 0.1 1.2
v -1 0.1 1.2
v 1 0.1 1.2
v 1.2 0.1 1.2
v 1.8 0.1 1.2
v 2 0.1 1.2
v -2 0.1 1
v -1.8 0.1 1
v -1.2 0.1 1
v -1 0.1 1
v 1 0.1 1
v 1.2 0.1 1
v 1.8 0.1 1
v 2 0.1 1
v -1.8 0.1 -0.2
v -1.7 0.1 -0.2
v -1.3 0.1 -0.2
v -1.2 0.1 -0.2
v 1.2 0.1 -0.2
v 1.3 0.1 -0.2
v 1.7 0.1 -0.2
v 1.8 0.1 -0.2
v -1.7 0.1 -0.3
v -1.6 0.1 -0.3
v -1.4 0.1 -0.3
v -1.3 0.1 -0.3
v 1.3 0.1 -0.3
v 1.4 0.1 -0.3
v 1.6 0.1 -0.3
v 1.7 0.1 -0.3
v -1.6 0.1 -0.4
v -1.4 0.1 -0.4
v 1.4 0.1 -0.4
v 1.6 0.1 -0.4
v -1.8 0.2 -0.2
v -1.7 0.2 -0.2
v -1.3 0.2 -0.2
v -1.2 0.2 -0.2
v 1.2 0.2 -0.2
v 1.3 0.2 -0.2
v 1.7 0.2 -0.2
v 1.8 0.2 -0.2
v -1.8 0.2 -0.3
v -1.7 0.2 -0.3
v -1.6 0.2 -0.3
v -1.4 0.2 -0.3
v -1.3 0.2 -0.3
v -1.2 0.2 -0.3
v 1.2 0.2 -0.3
v 1.3 0.2 -0.3
v 1.4 0.2 -0.3
v 1.6 0.2 -0.3
v 1.7 0.2 -0.3
v 1.8 0.2 -0.3
v -1.7 0.2 -0.4
v -1.6 0.2 -0.4
v -1.4 0.2 -0.4
v -1.3 0.2 -0.4
v 1.3 0.2 -0.4
v 1.4 0.2 -0.4
v 1.6 0.2 -0.4
v 1.7 0.2 -0.4
v -1.6 0.2 -0.5
v -1.4 0.2 -0.5
v 1.4 0.2 -0.5
v 1.6 0.2 -0.5
v -2 0.3 1
v -1.8 0.3 1
v -1.2 0.3 1
v -1 0.3 1
v 1 0.3 1
v 1.2 0.3 1
v 1.8 0.3 1
v 2 0.3 1
v -2 0.3 0.8
v -1.8 0.3 0.8
v -1.2 0.3 0.8
v -1 0.3 0.8
v 1 0.3 0.8
v 1.2 0.3 0.8
v 1.8 0.3 0.8
v 2 0.3 0.8
v -1.8 0.3 -0.3
v -1.7 0.3 -0.3
v -1.3 0.3 -0.3
v -1.2 0.3 -0.3
v 1.2 0.3 -0.3
v 1.3 0.3 -0.3
v 1.7 0.3 -0.3
v 1.8 0.3 -0.3
v -1.8 0.3 -0.4
v -1.7 0.3 -0.4
v -1.6 0.3 -0.4
v -1.4 0.3 -0.4
v -1.3 0.3 -0.4
v -1.2 0.3 -0.4
v 1.2 0.3 -0.4
v 1.3 0.3 -0.4
v 1.4 0.3 -0.4
v 1.6 0.3 -0.4
v 1.7 0.3 -0.4
v 1.8 0.3 -0.4
v -1.7 0.3 -0.5
v -1.6 0.3 -0.5
v -1.4 0.3 -0.5
v -1.3 0.3 -0.5
v 1.3 0.3 -0.5
v 1.4 0.3 -0.5
v 1.6 0.3 -0.5
v 1.7 0.3 -0.5
v -1.6 0.7 1.3
v -1.4 0.7 1.3
v 1.4 0.7 1.3
v 1.6 0.7 1.3
v -1.6 0.7 1.2
v -1.4 0.7 1.2
v 1.4 0.7 1.2
v 1.6 0.7 1.2
v -0.4 0.7 0.4
v 0.4 0.7 0.4
v -0.5 0.7 0.3
v -0.4 0.7 0.3
v 0.4 0.7 0.3
v 0.5 0.7 0.3
v -0.6 0.7 0.2
v -0.5 0.7 0.2
v 0.5 0.7 0.2
v 0.6 0.7 0.2
v 0.5 0.7 -0.9
v 0.6 0.7 -0.9
v -0.6 0.7 -1
v -0.5 0.7 -1
v 0.4 0.7 -1
v 0.5 0.7 -1
v 0.6 0.7 -1
v -0.5 0.7 -1.1
v -0.4 0.7 -1.1
v 0.4 0.7 -1.1
v 0.5 0.7 -1.1
v -0.4 0.7 -1.2
v -0.3 0.7 -1.2
v -0.0999999 0.7 -1.2
v 2.38419e-07 0.7 -1.2
v 0.3 0.7 -1.2
v 0.4 0.7 -1.2
v -0.3 0.7 -1.3
v -0.0999999 0.7 -1.3
v 2.38419e-07 0.7 -1.3
v 0.3 0.7 -1.3
v -0.5 0.8 0.4
v -0.4 0.8 0.4
v 0.4 0.8 0.4
v 0.5 0.8 0.4
v -0.6 0.8 0.3
v -0.5 0.8 0.3
v -0.4 0.8 0.3
v 0.4 0.8 0.3
v 0.5 0.8 0.3
v 0.6 0.8 0.3
v -0.6 0.8 0.2
v -0.5 0.8 0.2
v 0.5 0.8 0.2
v 0.6 0.8 0.2
v -0.6 0.8 -1
v -0.5 0.8 -1
v 0.5 0.8 -1
v 0.6 0.8 -1
v -0.6 0.8 -1.1
v -0.5 0.8 -1.1
v -0.4 0.8 -1.1
v 0.4 0.8 -1.1
v 0.5 0.8 -1.1
v 0.6 0.8 -1.1
v -0.5 0.8 -1.2
v -0.4 0.8 -1.2
v -0.3 0.8 -1.2
v 0.3 0.8 -1.2
v 0.4 0.8 -1.2
v 0.5 0.8 -1.2
v -0.4 0.8 -1.3
v -0.3 0.8 -1.3
v -0.2 0.8 -1.3
v -0.0999999 0.8 -1.3
v 2.38419e-07 0.8 -1.3
v 0.2 0.8 -1.3
v 0.3 0.8 -1.3
v 0.4 0.8 -1.3
v -0.2 0.8 -1.4
v 0.2 0.8 -1.4
v -1.8 0.9 1.4
v -1.2 0.9 1.4
v 1.2 0.9 1.4
v 1.8 0.9 1.4
v -1.8 0.9 1.3
v -1.2 0.9 1.3
v 1.2 0.9 1.3
v 1.8 0.9 1.3
v -0.4 0.9 0.6
v 0.4 0.9 0.6
v -0.6 0.9 0.4
v -0.5 0.9 0.4
v -0.4 0.9 0.4
v 0.4 0.9 0.4
v 0.5 0.9 0.4
v 0.6 0.9 0.4
v -0.6 0.9 0.3
v -0.5 0.9 0.3
v 0.5 0.9 0.3
v 0.6 0.9 0.3
v -0.6 0.9 -1.1
v -0.5 0.9 -1.1
v 0.5 0.9 -1.1
v 0.6 0.9 -1.1
v -0.6 0.9 -1.2
v -0.5 0.9 -1.2
v -0.4 0.9 -1.2
v 0.4 0.9 -1.2
v 0.5 0.9 -1.2
v 0.6 0.9 -1.2
v -0.5 0.9 -1.3
v -0.4 0.9 -1.3
v -0.3 0.9 -1.3
v -0.2 0.9 -1.3
v 0.2 0.9 -1.3
v 0.3 0.9 -1.3
v 0.4 0.9 -1.3
v 0.5 0.9 -1.3
v -0.3 0.9 -1.4
v -0.2 0.9 -1.4
v 0.2 0.9 -1.4
v 0.3 0.9 -1.4
v -0.6 1 -1.2
v -0.5 1 -1.2
v 0.5 1 -1.2
v 0.6 1 -1.2
v -0.6 1 -1.3
v -0.5 1 -1.3
v -0.4 1 -1.3
v -0.3 1 -1.3
v 0.3 1 -1.3
v 0.4 1 -1.3
v 0.5 1 -1.3
v 0.6 1 -1.3
v -0.4 1 -1.4
v -0.3 1 -1.4
v 0.3 1 -1.4
v 0.4 1 -1.4
v -1.4 1.1 0
v -1.3 1.1 0
v -1.2 1.1 0
v 1.2 1.1 0
v 1.3 1.1 0
v 1.4 1.1 0
v -1.4 1.1 -0.2
v -1.3 1.1 -0.2
v -1.2 1.1 -0.2
v 1.2 1.1 -0.2
v 1.3 1.1 -0.2
v 1.4 1.1 -0.2
v -0.7 1.1 -0.4
v -0.6 1.1 -0.4
v 0.6 1.1 -0.4
v 0.7 1.1 -0.4
v -0.8 1.1 -0.5
v -0.7 1.1 -0.5
v 0.7 1.1 -0.5
v 0.8 1.1 -0.5
v -0.8 1.1 -0.9
v -0.7 1.1 -0.9
v 0.7 1.1 -0.9
v 0.8 1.1 -0.9
v -0.7 1.1 -1
v -0.6 1.1 -1
v 0.6 1.1 -1
v 0.7 1.1 -1
v -0.5 1.1 -1.3
v -0.4 1.1 -1.3
v 0.4 1.1 -1.3
v 0.5 1.1 -1.3
v -0.5 1.1 -1.4
v -0.4 1.1 -1.4
v 0.4 1.1 -1.4
v 0.5 1.1 -1.4
v -0.8 1.2 -0.4
v -0.7 1.2 -0.4
v 0.7 1.2 -0.4
v 0.8 1.2 -0.4
v -0.8 1.2 -0.5
v -0.7 1.2 -0.5
v 0.7 1.2 -0.5
v 0.8 1.2 -0.5
v -0.9 1.2 -0.6
v -0.8 1.2 -0.6
v 0.8 1.2 -0.6
v 0.9 1.2 -0.6
v -0.9 1.2 -0.8
v -0.8 1.2 -0.8
v 0.8 1.2 -0.8
v 0.9 1.2 -0.8
v -0.8 1.2 -0.9
v -0.7 1.2 -0.9
v 0.7 1.2 -0.9
v 0.8 1.2 -0.9
v -0.8 1.2 -1
v -0.7 1.2 -1
v 0.7 1.2 -1
v 0.8 1.2 -1
v -0.9 1.3 -0.5
v -0.8 1.3 -0.5
v 0.8 1.3 -0.5
v 0.9 1.3 -0.5
v -1 1.3 -0.6
v -0.9 1.3 -0.6
v -0.8 1.3 -0.6
v 0.8 1.3 -0.6
v 0.9 1.3 -0.6
v 1 1.3 -0.6
v -1 1.3 -0.8
v -0.9 1.3 -0.8
v -0.8 1.3 -0.8
v 0.8 1.3 -0.8
v 0.9 1.3 -0.8
v 1 1.3 -0.8
v -0.9 1.3 -0.9
v -0.8 1.3 -0.9
v 0.8 1.3 -0.9
v 0.9 1.3 -0.9
v -0.2 1.7 0.6
v 0.2 1.7 0.6
v -0.2 1.7 0.4
v 0.2 1.7 0.4
v -1.8 0.1 1.4
v -1.2 0.1 1.4
v 1.2 0.1 1.4
v 1.8 0.1 1.4
v -1.8 0.1 1.3
v -1.2 0.1 1.3
v 1.2 0.1 1.3
v 1.8 0.1 1.3
v -1.6 0.3 1.3
v -1.4 0.3 1.3
v 1.4 0.3 1.3
v 1.6 0.3 1.3
v -1.6 0.3 1.2
v -1.4 0.3 1.2
v 1.4 0.3 1.2
v 1.6 0.3 1.2
v -2 0.7 1
v -1.8 0.7 1
v -1.2 0.7 1
v -1 0.7 1
v 1 0.7 1
v 1.2 0.7 1
v 1.8 0.7 1
v 2 0.7 1
v -2 0.7 0.8
v -1.8 0.7 0.8
v -1.2 0.7 0.8
v -1 0.7 0.8
v 1 0.7 0.8
v 1.2 0.7 0.8
v 1.8 0.7 0.8
v 2 0.7 0.8
v -1.8 0.7 -0.3
v -1.7 0.7 -0.3
v -1.3 0.7 -0.3
v -1.2 0.7 -0.3
v 1.2 0.7 -0.3
v 1.3 0.7 -0.3
v 1.7 0.7 -0.3
v 1.8 0.7 -0.3
v -1.8 0.7 -0.4
v -1.7 0.7 -0.4
v -1.6 0.7 -0.4
v -1.4 0.7 -0.4
v -1.3 0.7 -0.4
v -1.2 0.7 -0.4
v 1.2 0.7 -0.4
v 1.3 0.7 -0.4
v 1.4 0.7 -0.4
v 1.6 0.7 -0.4
v 1.7 0.7 -0.4
v 1.8 0.7 -0.4
v -1.7 0.7 -0.5
v -1.6 0.7 -0.5
v -1.4 0.7 -0.5
v -1.3 0.7 -0.5
v 1.3 0.7 -0.5
v 1.4 0.7 -0.5
v 1.6 0.7 -0.5
v 1.7 0.7 -0.5
v -1.8 0.8 -0.2
v -1.7 0.8 -0.2
v -1.3 0.8 -0.2
v -1.2 0.8 -0.2
v 1.2 0.8 -0.2
v 1.3 0.8 -0.2
v 1.7 0.8 -0.2
v 1.8 0.8 -0.2
v -1.8 0.8 -0.3
v -1.7 0.8 -0.3
v -1.6 0.8 -0.3
v -1.4 0.8 -0.3
v -1.3 0.8 -0.3
v -1.2 0.8 -0.3
v 1.2 0.8 -0.3
v 1.3 0.8 -0.3
v 1.4 0.8 -0.3
v 1.6 0.8 -0.3
v 1.7 0.8 -0.3
v 1.8 0.8 -0.3
v -1.7 0.8 -0.4
v -1.6 0.8 -0.4
v -1.5 0.8 -0.4
v -1.4 0.8 -0.4
v -1.3 0.8 -0.4
v 1.3 0.8 -0.4
v 1.4 0.8 -0.4
v 1.5 0.8 -0.4
v 1.6 0.8 -0.4
v 1.7 0.8 -0.4
v -1.6 0.8 -0.5
v -1.4 0.8 -0.5
v 1.4 0.8 -0.5
v 1.6 0.8 -0.5
v -2 0.9 1.2
v -1.8 0.9 1.2
v -1.2 0.9 1.2
v -1 0.9 1.2
v 1 0.9 1.2
v 1.2 0.9 1.2
v 1.8 0.9 1.2
v 2 0.9 1.2
v -2 0.9 1
v -1.8 0.9 1
v -1.7 0.9 1
v -1.6 0.9 1
v -1.4 0.9 1
v -1.2 0.9 1
v -1 0.9 1
v 1 0.9 1
v 1.2 0.9 1
v 1.4 0.9 1
v 1.6 0.9 1
v 1.7 0.9 1
v 1.8 0.9 1
v 2 0.9 1
v -1.8 0.9 0.9
v -1.7 0.9 0.9
v -1.6 0.9 0.9
v -1.4 0.9 0.9
v -1.3 0.9 0.9
v -1.2 0.9 0.9
v 1.4 0.9 0.9
v 1.6 0.9 0.9
v 1.7 0.9 0.9
v 1.8 0.9 0.9
v -1.7 0.9 0.8
v -1.6 0.9 0.8
v -1.5 0.9 0.8
v -1.4 0.9 0.8
v -1.3 0.9 0.8
v -1.2 0.9 0.8
v 1.2 0.9 0.8
v 1.3 0.9 0.8
v 1.4 0.9 0.8
v 1.6 0.9 0.8
v 1.7 0.9 0.8
v -1.8 0.9 0.7
v -1.7 0.9 0.7
v -1.3 0.9 0.7
v -1.2 0.9 0.7
v 1.2 0.9 0.7
v 1.3 0.9 0.7
v 1.4 0.9 0.7
v 1.6 0.9 0.7
v 1.7 0.9 0.7
v -1.8 0.9 0.6
v -1.7 0.9 0.6
v -1.6 0.9 0.6
v -1.5 0.9 0.6
v -1.4 0.9 0.6
v -1.3 0.9 0.6
v 1.3 0.9 0.6
v 1.4 0.9 0.6
v 1.6 0.9 0.6
v 1.7 0.9 0.6
v -1.8 0.9 0.5
v -1.7 0.9 0.5
v -1.6 0.9 0.5
v -1.5 0.9 0.5
v -1.4 0.9 0.5
v -1.3 0.9 0.5
v 1.3 0.9 0.5
v 1.4 0.9 0.5
v 1.5 0.9 0.5
v 1.6 0.9 0.5
v 1.7 0.9 0.5
v -1.8 0.9 0.4
v -1.7 0.9 0.4
v -1.6 0.9 0.4
v -1.5 0.9 0.4
v -1.4 0.9 0.4
v -1.3 0.9 0.4
v -1.2 0.9 0.4
v 1.2 0.9 0.4
v 1.3 0.9 0.4
v 1.4 0.9 0.4
v 1.5 0.9 0.4
v 1.6 0.9 0.4
v 1.7 0.9 0.4
v -1.8 0.9 0.3
v -1.6 0.9 0.3
v -1.5 0.9 0.3
v -1.4 0.9 0.3
v -1.3 0.9 0.3
v -1.2 0.9 0.3
v 1.2 0.9 0.3
v 1.3 0.9 0.3
v 1.4 0.9 0.3
v 1.5 0.9 0.3
v 1.6 0.9 0.3
v 1.7 0.9 0.3
v -1.8 0.9 0.2
v -1.6 0.9 0.2
v -1.4 0.9 0.2
v -1.3 0.9 0.2
v -1.2 0.9 0.2
v 1.3 0.9 0.2
v 1.4 0.9 0.2
v 1.6 0.9 0.2
v 1.7 0.9 0.2
v -1.8 0.9 0.1
v -1.7 0.9 0.1
v -1.6 0.9 0.1
v -1.5 0.9 0.1
v -1.4 0.9 0.1
v -1.3 0.9 0.1
v -1.2 0.9 0.1
v 1.2 0.9 0.1
v 1.3 0.9 0.1
v 1.4 0.9 0.1
v 1.5 0.9 0.1
v 1.6 0.9 0.1
v 1.7 0.9 0.1
v -1.8 0.9 0
v -1.7 0.9 0
v -1.6 0.9 0
v -1.4 0.9 0
v -1.3 0.9 0
v 1.2 0.9 0
v 1.3 0.9 0
v 1.4 0.9 0
v 1.5 0.9 0
v 1.6 0.9 0
v 1.7 0.9 0
v 1.8 0.9 0
v -1.8 0.9 -0.1
v -1.7 0.9 -0.1
v 1.7 0.9 -0.1
v 1.8 0.9 -0.1
v -1.8 0.9 -0.2
v -1.7 0.9 -0.2
v -1.6 0.9 -0.2
v -1.5 0.9 -0.2
v -1.4 0.9 -0.2
v -1.3 0.9 -0.2
v -1.2 0.9 -0.2
v 1.2 0.9 -0.2
v 1.3 0.9 -0.2
v 1.4 0.9 -0.2
v 1.6 0.9 -0.2
v 1.7 0.9 -0.2
v 1.8 0.9 -0.2
v -1.7 0.9 -0.3
v -1.6 0.9 -0.3
v -1.5 0.9 -0.3
v -1.4 0.9 -0.3
v -1.3 0.9 -0.3
v 1.3 0.9 -0.3
v 1.4 0.9 -0.3
v 1.5 0.9 -0.3
v 1.6 0.9 -0.3
v 1.7 0.9 -0.3
v -1.6 0.9 -0.4
v -1.5 0.9 -0.4
v -1.4 0.9 -0.4
v 1.4 0.9 -0.4
v 1.5 0.9 -0.4
v 1.6 0.9 -0.4
v -2 1.1 1.4
v -1.7 1.1 1.4
v -1.3 1.1 1.4
v -1 1.1 1.4
v 1 1.1 1.4
v 1.3 1.1 1.4
v 1.7 1.1 1.4
v 2 1.1 1.4
v -2 1.1 1.3
v -1.8 1.1 1.3
v -1.7 1.1 1.3
v -1.6 1.1 1.3
v -1.4 1.1 1.3
v -1.3 1.1 1.3
v -1.2 1.1 1.3
v -1 1.1 1.3
v 1 1.1 1.3
v 1.2 1.1 1.3
v 1.3 1.1 1.3
v 1.4 1.1 1.3
v 1.6 1.1 1.3
v 1.7 1.1 1.3
v 1.8 1.1 1.3
v 2 1.1 1.3
v -2 1.1 1.2
v -1.8 1.1 1.2
v -1.7 1.1 1.2
v -1.6 1.1 1.2
v -1.4 1.1 1.2
v -1.3 1.1 1.2
v -1.2 1.1 1.2
v -1 1.1 1.2
v 1 1.1 1.2
v 1.2 1.1 1.2
v 1.3 1.1 1.2
v 1.4 1.1 1.2
v 1.6 1.1 1.2
v 1.7 1.1 1.2
v 1.8 1.1 1.2
v 2 1.1 1.2
v -1.7 1.1 1.1
v -1.6 1.1 1.1
v -1.4 1.1 1.1
v -1.3 1.1 1.1
v 1.3 1.1 1.1
v 1.4 1.1 1.1
v 1.6 1.1 1.1
v 1.7 1.1 1.1
v -1.8 1.1 1
v -1.6 1.1 1
v -1.4 1.1 1
v -1.2 1.1 1
v 1.2 1.1 1
v 1.4 1.1 1
v 1.6 1.1 1
v 1.8 1.1 1
v -1.6 1.1 0.8
v -1.4 1.1 0.8
v 1.4 1.1 0.8
v 1.6 1.1 0.8
v -0.2 1.1 0.6
v 0.2 1.1 0.6
v -0.2 1.1 0.4
v 0.2 1.1 0.4
v -1.6 1.3 0
v -1.3 1.3 0
v -1.2 1.3 0
v 1.2 1.3 0
v 1.3 1.3 0
v 1.6 1.3 0
v -1.6 1.3 -0.2
v -1.3 1.3 -0.2
v -1.2 1.3 -0.2
v 1.2 1.3 -0.2
v 1.3 1.3 -0.2
v 1.6 1.3 -0.2
v -0.9 1.5 -0.5
v -0.8 1.5 -0.5
v 0.8 1.5 -0.5
v 0.9 1.5 -0.5
v -1 1.5 -0.6
v -0.9 1.5 -0.6
v -0.8 1.5 -0.6
v 0.8 1.5 -0.6
v 0.9 1.5 -0.6
v 1 1.5 -0.6
v -1 1.5 -0.8
v -0.9 1.5 -0.8
v -0.8 1.5 -0.8
v 0.8 1.5 -0.8
v 0.9 1.5 -0.8
v 1 1.5 -0.8
v -0.9 1.5 -0.9
v -0.8 1.5 -0.9
v 0.8 1.5 -0.9
v 0.9 1.5 -0.9
v -0.8 1.6 -0.4
v -0.7 1.6 -0.4
v 0.7 1.6 -0.4
v 0.8 1.6 -0.4
v -0.8 1.6 -0.5
v -0.7 1.6 -0.5
v 0.7 1.6 -0.5
v 0.8 1.6 -0.5
v -0.9 1.6 -0.6
v -0.8 1.6 -0.6
v 0.8 1.6 -0.6
v 0.9 1.6 -0.6
v -0.9 1.6 -0.8
v -0.8 1.6 -0.8
v 0.8 1.6 -0.8
v 0.9 1.6 -0.8
v -0.8 1.6 -0.9
v -0.7 1.6 -0.9
v 0.7 1.6 -0.9
v 0.8 1.6 -0.9
v -0.8 1.6 -1
v -0.7 1.6 -1
v 0.7 1.6 -1
v 0.8 1.6 -1
v -0.7 1.7 -0.4
v -0.6 1.7 -0.4
v 0.6 1.7 -0.4
v 0.7 1.7 -0.4
v -0.8 1.7 -0.5
v -0.7 1.7 -0.5
v 0.7 1.7 -0.5
v 0.8 1.7 -0.5
v -0.8 1.7 -0.9
v -0.7 1.7 -0.9
v 0.7 1.7 -0.9
v 0.8 1.7 -0.9
v -0.7 1.7 -1
v -0.6 1.7 -1
v 0.6 1.7 -1
v 0.7 1.7 -1
v -0.5 1.7 -1.3
v -0.4 1.7 -1.3
v 0.4 1.7 -1.3
v 0.5 1.7 -1.3
v -0.5 1.7 -1.4
v -0.4 1.7 -1.4
v 0.4 1.7 -1.4
v 0.5 1.7 -1.4
v -0.6 1.8 -1.2
v -0.5 1.8 -1.2
v 0.5 1.8 -1.2
v 0.6 1.8 -1.2
v -0.6 1.8 -1.3
v -0.5 1.8 -1.3
v -0.4 1.8 -1.3
v -0.3 1.8 -1.3
v 0.3 1.8 -1.3
v 0.4 1.8 -1.3
v 0.5 1.8 -1.3
v 0.6 1.8 -1.3
v -0.4 1.8 -1.4
v -0.3 1.8 -1.4
v 0.3 1.8 -1.4
v 0.4 1.8 -1.4
v -0.4 1.9 0.6
v 0.4 1.9 0.6
v -0.6 1.9 0.4
v -0.5 1.9 0.4
v -0.4 1.9 0.4
v 0.4 1.9 0.4
v 0.5 1.9 0.4
v 0.6 1.9 0.4
v -0.6 1.9 0.3
v -0.5 1.9 0.3
v 0.5 1.9 0.3
v 0.6 1.9 0.3
v -0.6 1.9 -1.1
v -0.5 1.9 -1.1
v 0.5 1.9 -1.1
v 0.6 1.9 -1.1
v -0.6 1.9 -1.2
v -0.5 1.9 -1.2
v -0.4 1.9 -1.2
v 0.4 1.9 -1.2
v 0.5 1.9 -1.2
v 0.6 1.9 -1.2
v -0.5 1.9 -1.3
v -0.4 1.9 -1.3
v -0.3 1.9 -1.3
v -0.2 1.9 -1.3
v 0.2 1.9 -1.3
v 0.3 1.9 -1.3
v 0.4 1.9 -1.3
v 0.5 1.9 -1.3
v -0.3 1.9 -1.4
v -0.2 1.9 -1.4
v 0.2 1.9 -1.4
v 0.3 1.9 -1.4
v -0.5 2 0.4
v -0.4 2 0.4
v 0.4 2 0.4
v 0.5 2 0.4
v -0.6 2 0.3
v -0.5 2 0.3
v -0.4 2 0.3
v 0.4 2 0.3
v 0.5 2 0.3
v 0.6 2 0.3
v -0.6 2 0.2
v -0.5 2 0.2
v 0.5 2 0.2
v 0.6 2 0.2
v -0.6 2 -1
v -0.5 2 -1
v 0.5 2 -1
v 0.6 2 -1
v -0.6 2 -1.1
v -0.5 2 -1.1
v -0.4 2 -1.1
v 0.4 2 -1.1
v 0.5 2 -1.1
v 0.6 2 -1.1
v -0.5 2 -1.2
v -0.4 2 -1.2
v -0.3 2 -1.2
v 0.3 2 -1.2
v 0.4 2 -1.2
v 0.5 2 -1.2
v -0.4 2 -1.3
v -0.3 2 -1.3
v -0.2 2 -1.3
v -0.0999999 2 -1.3
v 2.38419e-07 2 -1.3
v 0.1 2 -1.3
v 0.2 2 -1.3
v 0.3 2 -1.3
v 0.4 2 -1.3
v -0.2 2 -1.4
v 0.2 2 -1.4
v -0.4 2.1 0.4
v 0.2 2.1 0.4
v 0.3 2.1 0.4
v 0.4 2.1 0.4
v -0.5 2.1 0.3
v -0.4 2.1 0.3
v -0.3 2.1 0.3
v -0.2 2.1 0.3
v -0.0999999 2.1 0.3
v 2.38419e-07 2.1 0.3
v 0.1 2.1 0.3
v 0.2 2.1 0.3
v 0.3 2.1 0.3
v 0.4 2.1 0.3
v 0.5 2.1 0.3
v -0.6 2.1 0.2
v -0.5 2.1 0.2
v -0.4 2.1 0.2
v -0.3 2.1 0.2
v -0.2 2.1 0.2
v -0.0999999 2.1 0.2
v 2.38419e-07 2.1 0.2
v 0.1 2.1 0.2
v 0.2 2.1 0.2
v 0.3 2.1 0.2
v 0.4 2.1 0.2
v 0.5 2.1 0.2
v 0.6 2.1 0.2
v -0.5 2.1 0.1
v -0.4 2.1 0.1
v -0.2 2.1 0.1
v -0.0999999 2.1 0.1
v 2.38419e-07 2.1 0.1
v 0.1 2.1 0.1
v 0.2 2.1 0.1
v 0.3 2.1 0.1
v 0.4 2.1 0.1
v 0.5 2.1 0.1
v -0.2 2.1 0
v -0.0999999 2.1 0
v 2.38419e-07 2.1 0
v 0.1 2.1 0
v 0.2 2.1 0
v 0.3 2.1 0
v 0.4 2.1 0
v 0.5 2.1 0
v -0.5 2.1 -0.1
v -0.4 2.1 -0.1
v -0.3 2.1 -0.1
v 2.38419e-07 2.1 -0.1
v 0.1 2.1 -0.1
v 0.2 2.1 -0.1
v 0.3 2.1 -0.1
v 0.4 2.1 -0.1
v 0.5 2.1 -0.1
v 0.6 2.1 -0.1
v -0.6 2.1 -0.2
v -0.5 2.1 -0.2
v -0.4 2.1 -0.2
v -0.2 2.1 -0.2
v -0.0999999 2.1 -0.2
v 2.38419e-07 2.1 -0.2
v 0.1 2.1 -0.2
v 0.2 2.1 -0.2
v 0.3 2.1 -0.2
v 0.4 2.1 -0.2
v 0.5 2.1 -0.2
v 0.6 2.1 -0.2
v -0.6 2.1 -0.3
v -0.5 2.1 -0.3
v -0.4 2.1 -0.3
v -0.3 2.1 -0.3
v -0.2 2.1 -0.3
v -0.0999999 2.1 -0.3
v 2.38419e-07 2.1 -0.3
v 0.1 2.1 -0.3
v 0.2 2.1 -0.3
v 0.3 2.1 -0.3
v 0.4 2.1 -0.3
v 0.5 2.1 -0.3
v 0.6 2.1 -0.3
v -0.5 2.1 -0.4
v -0.4 2.1 -0.4
v -0.3 2.1 -0.4
v -0.2 2.1 -0.4
v -0.0999999 2.1 -0.4
v 2.38419e-07 2.1 -0.4
v 0.1 2.1 -0.4
v 0.2 2.1 -0.4
v 0.3 2.1 -0.4
v 0.4 2.1 -0.4
v 0.5 2.1 -0.4
v -0.4 2.1 -0.5
v -0.3 2.1 -0.5
v -0.2 2.1 -0.5
v -0.0999999 2.1 -0.5
v 2.38419e-07 2.1 -0.5
v 0.1 2.1 -0.5
v 0.2 2.1 -0.5
v 0.3 2.1 -0.5
v 0.4 2.1 -0.5
v 0.5 2.1 -0.5
v -0.5 2.1 -0.6
v -0.4 2.1 -0.6
v -0.3 2.1 -0.6
v -0.2 2.1 -0.6
v -0.0999999 2.1 -0.6
v 2.38419e-07 2.1 -0.6
v 0.1 2.1 -0.6
v 0.2 2.1 -0.6
v 0.3 2.1 -0.6
v 0.4 2.1 -0.6
v 0.5 2.1 -0.6
v -0.2 2.1 -0.7
v -0.0999999 2.1 -0.7
v 2.38419e-07 2.1 -0.7
v 0.2 2.1 -0.7
v 0.3 2.1 -0.7
v 0.4 2.1 -0.7
v 0.5 2.1 -0.7
v -0.6 2.1 -0.8
v -0.5 2.1 -0.8
v -0.4 2.1 -0.8
v -0.3 2.1 -0.8
v -0.2 2.1 -0.8
v -0.0999999 2.1 -0.8
v 2.38419e-07 2.1 -0.8
v 0.1 2.1 -0.8
v 0.2 2.1 -0.8
v 0.3 2.1 -0.8
v 0.4 2.1 -0.8
v 0.5 2.1 -0.8
v 0.6 2.1 -0.8
v -0.6 2.1 -0.9
v -0.5 2.1 -0.9
v -0.4 2.1 -0.9
v -0.3 2.1 -0.9
v -0.2 2.1 -0.9
v -0.0999999 2.1 -0.9
v 2.38419e-07 2.1 -0.9
v 0.1 2.1 -0.9
v 0.2 2.1 -0.9
v 0.3 2.1 -0.9
v 0.4 2.1 -0.9
v 0.5 2.1 -0.9
v 0.6 2.1 -0.9
v -0.6 2.1 -1
v -0.5 2.1 -1
v -0.4 2.1 -1
v -0.3 2.1 -1
v -0.2 2.1 -1
v -0.0999999 2.1 -1
v 2.38419e-07 2.1 -1
v 0.1 2.1 -1
v 0.2 2.1 -1
v 0.3 2.1 -1
v 0.4 2.1 -1
v 0.5 2.1 -1
v 0.6 2.1 -1
v -0.5 2.1 -1.1
v -0.4 2.1 -1.1
v -0.3 2.1 -1.1
v -0.2 2.1 -1.1
v 0.1 2.1 -1.1
v 0.2 2.1 -1.1
v 0.3 2.1 -1.1
v 0.4 2.1 -1.1
v 0.5 2.1 -1.1
v -0.4 2.1 -1.2
v -0.3 2.1 -1.2
v -0.2 2.1 -1.2
v -0.0999999 2.1 -1.2
v 2.38419e-07 2.1 -1.2
v 0.1 2.1 -1.2
v 0.2 2.1 -1.2
v 0.3 2.1 -1.2
v 0.4 2.1 -1.2
v -0.3 2.1 -1.3
v -0.0999999 2.1 -1.3
v 2.38419e-07 2.1 -1.3
v 0.1 2.1 -1.3
v 0.2 2.1 -1.3
v 0.3 2.1 -1.3

# faces
f 4/7/1 2/7/1 1/7/1
f 4/11/1 3/11/1 2/11/1
f 5/11/1 3/11/1 4/11/1
f 7/7/1 4/7/1 1/7/1
f 7/7/1 5/7/1 4/7/1
f 8/7/1 5/7/1 7/7/1
f 9/11/1 6/11/1 5/11/1
f 9/7/1 5/7/1 8/7/1
f 10/11/1 6/11/1 9/11/1
f 11/11/1 8/11/1 7/11/1
f 11/7/1 9/7/1 8/7/1
f 11/7/1 10/7/1 9/7/1
f 12/7/1 10/7/1 11/7/1
f 13/11/1 6/11/1 10/11/1
f 13/7/1 10/7/1 12/7/1
f 14/11/1 6/11/1 13/11/1
f 16/11/1 12/11/1 11/11/1
f 16/7/1 13/7/1 12/7/1
f 16/7/1 14/7/1 13/7/1
f 17/7/1 14/7/1 16/7/1
f 18/11/1 15/11/1 14/11/1
f 18/7/1 14/7/1 17/7/1
f 19/11/1 15/11/1 18/11/1
f 20/11/1 17/11/1 16/11/1
f 20/11/1 16/11/1 11/11/1
f 21/7/1 19/7/1 18/7/1
f 21/11/1 17/11/1 20/11/1
f 21/7/1 18/7/1 17/7/1
f 22/7/1 19/7/1 21/7/1
f 23/7/1 19/7/1 22/7/1
f 24/11/1 11/11/1 7/11/1
f 24/11/1 20/11/1 11/11/1
f 25/7/1 21/7/1 20/7/1
f 25/11/1 20/11/1 24/11/1
f 25/7/1 22/7/1 21/7/1
f 26/7/1 22/7/1 25/7/1
f 27/11/1 23/11/1 22/11/1
f 27/7/1 22/7/1 26/7/1
f 28/11/1 23/11/1 27/11/1
f 29/11/1 24/11/1 7/11/1
f 30/7/1 26/7/1 25/7/1
f 30/11/1 24/11/1 29/11/1
f 30/7/1 25/7/1 24/7/1
f 31/7/1 26/7/1 30/7/1
f 32/11/1 27/11/1 26/11/1
f 32/7/1 26/7/1 31/7/1
f 33/7/1 31/7/1 30/7/1
f 33/7/1 30/7/1 29/7/1
f 34/11/1 32/11/1 31/11/1
f 34/7/1 31/7/1 33/7/1
f 35/11/1 27/11/1 32/11/1
f 35/11/1 32/11/1 34/11/1
f 36/7/1 33/7/1 29/7/1
f 37/11/1 34/11/1 33/11/1
f 37/7/1 33/7/1 36/7/1
f 38/11/1 34/11/1 37/11/1
f 41/10/1 40/10/1 39/10/1
f 42/10/1 40/10/1 41/10/1
f 44/10/1 43/10/1 42/10/1
f 46/10/1 44/10/1 42/10/1
f 46/10/1 45/10/1 44/10/1
f 47/10/1 45/10/1 46/10/1
f 48/10/1 45/10/1 47/10/1
f 50/10/1 49/10/1 48/10/1
f 50/10/1 48/10/1 47/10/1
f 51/10/1 49/10/1 50/10/1
f 53/10/1 50/10/1 47/10/1
f 54/8/1 51/8/1 50/8/1
f 54/10/1 50/10/1 53/10/1
f 55/8/1 51/8/1 54/8/1
f 56/10/1 53/10/1 52/10/1
f 56/10/1 54/10/1 53/10/1
f 57/10/1 54/10/1 56/10/1
f 58/10/1 54/10/1 57/10/1
f 59/10/1 54/10/1 58/10/1
f 60/10/1 54/10/1 59/10/1
f 61/10/1 54/10/1 60/10/1
f 62/10/1 54/10/1 61/10/1
f 63/10/1 54/10/1 62/10/1
f 64/10/1 54/10/1 63/10/1
f 65/10/1 54/10/1 64/10/1
f 66/10/1 54/10/1 65/10/1
f 67/10/1 54/10/1 66/10/1
f 68/10/1 54/10/1 67/10/1
f 70/8/1 57/8/1 56/8/1
f 71/10/1 58/10/1 57/10/1
f 71/8/1 57/8/1 70/8/1
f 72/2/1 59/2/1 58/2/1
f 72/10/1 58/10/1 71/10/1
f 73/10/1 60/10/1 59/10/1
f 73/2/1 59/2/1 72/2/1
f 74/4/1 61/4/1 60/4/1
f 74/10/1 60/10/1 73/10/1
f 75/10/1 62/10/1 61/10/1
f 75/4/1 61/4/1 74/4/1
f 76/2/1 63/2/1 62/2/1
f 76/10/1 62/10/1 75/10/1
f 77/10/1 64/10/1 63/10/1
f 77/2/1 63/2/1 76/2/1
f 78/4/1 65/4/1 64/4/1
f 78/10/1 64/10/1 77/10/1
f 79/6/1 66/6/1 65/6/1
f 79/4/1 65/4/1 78/4/1
f 80/10/1 67/10/1 66/10/1
f 80/6/1 66/6/1 79/6/1
f 81/10/1 67/10/1 80/10/1
f 82/11/1 70/11/1 69/11/1
f 83/11/1 70/11/1 82/11/1
f 86/10/1 85/10/1 84/10/1
f 87/10/1 85/10/1 86/10/1
f 89/10/1 88/10/1 87/10/1
f 90/10/1 88/10/1 89/10/1
f 92/12/1 91/12/1 90/12/1
f 94/12/1 91/12/1 92/12/1
f 95/12/1 91/12/1 94/12/1
f 97/10/1 94/10/1 93/10/1
f 98/10/1 94/10/1 97/10/1
f 99/10/1 97/10/1 96/10/1
f 100/10/1 97/10/1 99/10/1
f 103/10/1 102/10/1 101/10/1
f 104/10/1 102/10/1 103/10/1
f 106/12/1 105/12/1 104/12/1
f 107/12/1 105/12/1 106/12/1
f 111/12/1 109/12/1 108/12/1
f 112/12/1 109/12/1 111/12/1
f 118/10/1 111/10/1 110/10/1
f 119/10/1 111/10/1 118/10/1
f 120/11/1 114/11/1 113/11/1
f 121/7/1 115/7/1 114/7/1
f 121/11/1 114/11/1 120/11/1
f 122/7/1 121/7/1 120/7/1
f 123/7/1 115/7/1 121/7/1
f 123/7/1 121/7/1 122/7/1
f 124/12/1 117/12/1 116/12/1
f 125/12/1 117/12/1 124/12/1
f 128/8/1 127/8/1 126/8/1
f 129/8/1 127/8/1 128/8/1
f 132/11/1 131/11/1 130/11/1
f 133/11/1 131/11/1 132/11/1
f 136/9/1 135/9/1 134/9/1
f 137/9/1 135/9/1 136/9/1
f 141/12/1 139/12/1 138/12/1
f 142/12/1 139/12/1 141/12/1
f 144/12/1 141/12/1 140/12/1
f 145/12/1 141/12/1 144/12/1
f 146/12/1 143/12/1 142/12/1
f 147/12/1 143/12/1 146/12/1
f 148/12/1 146/12/1 145/12/1
f 149/12/1 146/12/1 148/12/1
f 153/12/1 151/12/1 150/12/1
f 154/12/1 151/12/1 153/12/1
f 155/12/1 151/12/1 154/12/1
f 156/12/1 151/12/1 155/12/1
f 158/12/1 153/12/1 152/12/1
f 158/12/1 154/12/1 153/12/1
f 159/12/1 154/12/1 158/12/1
f 160/12/1 157/12/1 156/12/1
f 160/12/1 156/12/1 155/12/1
f 161/12/1 157/12/1 160/12/1
f 162/12/1 158/12/1 152/12/1
f 165/12/1 157/12/1 161/12/1
f 166/12/1 163/12/1 162/12/1
f 166/12/1 162/12/1 152/12/1
f 167/12/1 163/12/1 166/12/1
f 168/12/1 163/12/1 167/12/1
f 169/12/1 165/12/1 164/12/1
f 170/12/1 157/12/1 165/12/1
f 170/12/1 165/12/1 169/12/1
f 171/12/1 157/12/1 170/12/1
f 172/12/1 168/12/1 167/12/1
f 172/12/1 169/12/1 168/12/1
f 172/12/1 170/12/1 169/12/1
f 173/12/1 170/12/1 172/12/1
f 178/12/1 175/12/1 174/12/1
f 179/12/1 175/12/1 178/12/1
f 180/12/1 177/12/1 176/12/1
f 181/12/1 177/12/1 180/12/1
f 186/12/1 183/12/1 182/12/1
f 187/12/1 183/12/1 186/12/1
f 188/12/1 185/12/1 184/12/1
f 189/12/1 185/12/1 188/12/1
f 193/10/1 191/10/1 190/10/1
f 194/10/1 191/10/1 193/10/1
f 197/10/1 193/10/1 192/10/1
f 197/10/1 195/10/1 194/10/1
f 197/10/1 194/10/1 193/10/1
f 198/10/1 195/10/1 197/10/1
f 200/10/1 197/10/1 196/10/1
f 200/10/1 199/10/1 198/10/1
f 200/10/1 198/10/1 197/10/1
f 202/10/1 200/10/1 196/10/1
f 203/10/1 200/10/1 202/10/1
f 204/4/1 201/4/1 200/4/1
f 204/10/1 200/10/1 203/10/1
f 205/4/1 201/4/1 204/4/1
f 206/10/1 204/10/1 203/10/1
f 206/10/1 205/10/1 204/10/1
f 207/10/1 205/10/1 206/10/1
f 208/10/1 206/10/1 203/10/1
f 208/6/1 207/6/1 206/6/1
f 209/6/1 207/6/1 208/6/1
f 210/10/1 202/10/1 196/10/1
f 211/10/1 208/10/1 203/10/1
f 211/10/1 209/10/1 208/10/1
f 212/10/1 209/10/1 211/10/1
f 213/10/1 209/10/1 212/10/1
f 214/10/1 211/10/1 210/10/1
f 214/10/1 212/10/1 211/10/1
f 215/6/1 213/6/1 212/6/1
f 215/10/1 212/10/1 214/10/1
f 216/6/1 213/6/1 215/6/1
f 217/10/1 210/10/1 196/10/1
f 217/10/1 214/10/1 210/10/1
f 218/10/1 214/10/1 217/10/1
f 219/10/1 214/10/1 218/10/1
f 220/6/1 215/6/1 214/6/1
f 220/10/1 214/10/1 219/10/1
f 221/6/1 215/6/1 220/6/1
f 222/10/1 219/10/1 218/10/1
f 223/10/1 219/10/1 222/10/1
f 224/10/1 219/10/1 223/10/1
f 225/10/1 219/10/1 224/10/1
f 226/10/1 219/10/1 225/10/1
f 227/10/1 219/10/1 226/10/1
f 228/6/1 220/6/1 219/6/1
f 228/10/1 219/10/1 227/10/1
f 229/6/1 220/6/1 228/6/1
f 230/10/1 224/10/1 223/10/1
f 231/8/1 225/8/1 224/8/1
f 231/10/1 224/10/1 230/10/1
f 232/10/1 226/10/1 225/10/1
f 232/8/1 225/8/1 231/8/1
f 233/6/1 227/6/1 226/6/1
f 233/10/1 226/10/1 232/10/1
f 234/10/1 228/10/1 227/10/1
f 234/6/1 227/6/1 233/6/1
f 235/10/1 228/10/1 234/10/1
f 241/10/1 237/10/1 236/10/1
f 242/10/1 237/10/1 241/10/1
f 243/10/1 239/10/1 238/10/1
f 244/10/1 239/10/1 243/10/1
f 246/10/1 241/10/1 240/10/1
f 247/10/1 241/10/1 246/10/1
f 248/10/1 245/10/1 244/10/1
f 249/10/1 245/10/1 248/10/1
f 251/4/1 250/4/1 249/4/1
f 252/4/1 250/4/1 251/4/1
f 255/12/1 254/12/1 253/12/1
f 256/12/1 254/12/1 255/12/1
f 257/12/1 254/12/1 256/12/1
f 258/12/1 254/12/1 257/12/1
f 264/10/1 260/10/1 259/10/1
f 265/10/1 260/10/1 264/10/1
f 266/10/1 262/10/1 261/10/1
f 267/10/1 262/10/1 266/10/1
f 270/10/1 264/10/1 263/10/1
f 271/10/1 264/10/1 270/10/1
f 272/10/1 268/10/1 267/10/1
f 273/10/1 268/10/1 272/10/1
f 274/10/1 270/10/1 269/10/1
f 275/10/1 270/10/1 274/10/1
f 280/10/1 277/10/1 276/10/1
f 281/10/1 277/10/1 280/10/1
f 282/10/1 279/10/1 278/10/1
f 283/10/1 279/10/1 282/10/1
f 287/8/1 284/8/1 283/8/1
f 288/8/1 284/8/1 287/8/1
f 291/12/1 290/12/1 289/12/1
f 292/12/1 290/12/1 291/12/1
f 295/12/1 294/12/1 293/12/1
f 296/12/1 294/12/1 295/12/1
f 297/11/1 286/11/1 285/11/1
f 298/11/1 286/11/1 297/11/1
f 304/4/1 300/4/1 299/4/1
f 305/4/1 300/4/1 304/4/1
f 306/10/1 302/10/1 301/10/1
f 307/10/1 302/10/1 306/10/1
f 308/2/1 304/2/1 303/2/1
f 309/2/1 304/2/1 308/2/1
f 312/10/1 311/10/1 310/10/1
f 313/10/1 311/10/1 312/10/1
f 316/12/1 315/12/1 314/12/1
f 317/12/1 315/12/1 316/12/1
f 320/12/1 319/12/1 318/12/1
f 321/12/1 319/12/1 320/12/1
f 324/10/1 323/10/1 322/10/1
f 325/10/1 323/10/1 324/10/1
f 328/12/1 327/12/1 326/12/1
f 329/12/1 327/12/1 328/12/1
f 332/12/1 331/12/1 330/12/1
f 333/12/1 331/12/1 332/12/1
f 336/11/1 335/11/1 334/11/1
f 337/11/1 335/11/1 336/11/1
f 341/7/1 339/7/1 338/7/1
f 341/11/1 340/11/1 339/11/1
f 342/11/1 340/11/1 341/11/1
f 344/7/1 341/7/1 338/7/1
f 344/7/1 342/7/1 341/7/1
f 345/7/1 342/7/1 344/7/1
f 346/11/1 343/11/1 342/11/1
f 346/7/1 342/7/1 345/7/1
f 347/11/1 343/11/1 346/11/1
f 348/11/1 345/11/1 344/11/1
f 348/7/1 346/7/1 345/7/1
f 348/7/1 347/7/1 346/7/1
f 349/7/1 347/7/1 348/7/1
f 350/11/1 343/11/1 347/11/1
f 350/7/1 347/7/1 349/7/1
f 351/11/1 343/11/1 350/11/1
f 353/11/1 349/11/1 348/11/1
f 353/7/1 350/7/1 349/7/1
f 353/7/1 351/7/1 350/7/1
f 354/7/1 351/7/1 353/7/1
f 355/11/1 352/11/1 351/11/1
f 355/7/1 351/7/1 354/7/1
f 356/11/1 352/11/1 355/11/1
f 357/11/1 354/11/1 353/11/1
f 357/11/1 353/11/1 348/11/1
f 358/7/1 356/7/1 355/7/1
f 358/11/1 354/11/1 357/11/1
f 358/7/1 355/7/1 354/7/1
f 359/7/1 356/7/1 358/7/1
f 360/7/1 356/7/1 359/7/1
f 361/11/1 348/11/1 344/11/1
f 361/11/1 357/11/1 348/11/1
f 362/7/1 358/7/1 357/7/1
f 362/11/1 357/11/1 361/11/1
f 362/7/1 359/7/1 358/7/1
f 363/7/1 359/7/1 362/7/1
f 364/11/1 360/11/1 359/11/1
f 364/7/1 359/7/1 363/7/1
f 365/11/1 360/11/1 364/11/1
f 366/11/1 361/11/1 344/11/1
f 367/7/1 363/7/1 362/7/1
f 367/11/1 361/11/1 366/11/1
f 367/7/1 362/7/1 361/7/1
f 368/7/1 363/7/1 367/7/1
f 369/11/1 364/11/1 363/11/1
f 369/7/1 363/7/1 368/7/1
f 370/7/1 368/7/1 367/7/1
f 370/7/1 367/7/1 366/7/1
f 371/11/1 369/11/1 368/11/1
f 371/7/1 368/7/1 370/7/1
f 372/11/1 364/11/1 369/11/1
f 372/11/1 369/11/1 371/11/1
f 373/7/1 370/7/1 366/7/1
f 374/11/1 371/11/1 370/11/1
f 374/7/1 370/7/1 373/7/1
f 375/11/1 371/11/1 374/11/1
f 378/10/1 377/10/1 376/10/1
f 379/10/1 377/10/1 378/10/1
f 381/10/1 380/10/1 379/10/1
f 383/10/1 381/10/1 379/10/1
f 383/10/1 382/10/1 381/10/1
f 384/10/1 382/10/1 383/10/1
f 385/10/1 382/10/1 384/10/1
f 388/10/1 386/10/1 385/10/1
f 388/10/1 385/10/1 384/10/1
f 389/10/1 386/10/1 388/10/1
f 390/10/1 386/10/1 389/10/1
f 391/10/1 386/10/1 390/10/1
f 392/10/1 388/10/1 387/10/1
f 392/10/1 389/10/1 388/10/1
f 393/10/1 389/10/1 392/10/1
f 394/10/1 389/10/1 393/10/1
f 395/10/1 389/10/1 394/10/1
f 396/10/1 389/10/1 395/10/1
f 397/10/1 389/10/1 396/10/1
f 398/6/1 390/6/1 389/6/1
f 398/10/1 389/10/1 397/10/1
f 399/6/1 390/6/1 398/6/1
f 401/10/1 392/10/1 387/10/1
f 402/6/1 393/6/1 392/6/1
f 402/10/1 392/10/1 401/10/1
f 403/10/1 394/10/1 393/10/1
f 403/6/1 393/6/1 402/6/1
f 404/6/1 395/6/1 394/6/1
f 404/10/1 394/10/1 403/10/1
f 405/10/1 396/10/1 395/10/1
f 405/6/1 395/6/1 404/6/1
f 406/8/1 397/8/1 396/8/1
f 406/10/1 396/10/1 405/10/1
f 407/10/1 398/10/1 397/10/1
f 407/8/1 397/8/1 406/8/1
f 408/10/1 398/10/1 407/10/1
f 409/11/1 401/11/1 400/11/1
f 410/11/1 401/11/1 409/11/1
f 413/9/1 412/9/1 411/9/1
f 414/9/1 412/9/1 413/9/1
f 417/10/1 416/10/1 415/10/1
f 418/10/1 416/10/1 417/10/1
f 420/10/1 419/10/1 418/10/1
f 421/10/1 419/10/1 420/10/1
f 424/12/1 422/12/1 421/12/1
f 425/12/1 422/12/1 424/12/1
f 427/10/1 424/10/1 423/10/1
f 428/10/1 424/10/1 427/10/1
f 429/10/1 427/10/1 426/10/1
f 430/10/1 427/10/1 429/10/1
f 433/10/1 432/10/1 431/10/1
f 434/10/1 432/10/1 433/10/1
f 436/12/1 435/12/1 434/12/1
f 437/12/1 435/12/1 436/12/1
f 441/12/1 439/12/1 438/12/1
f 442/12/1 439/12/1 441/12/1
f 448/6/1 441/6/1 440/6/1
f 449/6/1 441/6/1 448/6/1
f 450/11/1 444/11/1 443/11/1
f 451/7/1 445/7/1 444/7/1
f 451/11/1 444/11/1 450/11/1
f 452/7/1 451/7/1 450/7/1
f 453/7/1 445/7/1 451/7/1
f 453/7/1 451/7/1 452/7/1
f 454/12/1 447/12/1 446/12/1
f 455/12/1 447/12/1 454/12/1
f 458/8/1 457/8/1 456/8/1
f 459/8/1 457/8/1 458/8/1
f 462/11/1 461/11/1 460/11/1
f 463/11/1 461/11/1 462/11/1
f 464/11/2 465/11/2 466/11/2
f 466/11/2 465/11/2 467/11/2
f 468/8/2 469/8/2 470/8/2
f 470/8/2 469/8/2 471/8/2
f 472/10/2 473/10/2 474/10/2
f 474/10/2 473/10/2 475/10/2
f 475/12/2 476/12/2 477/12/2
f 477/12/2 476/12/2 478/12/2
f 479/12/2 480/12/2 482/12/2
f 482/12/2 480/12/2 483/12/2
f 481/6/2 482/6/2 489/6/2
f 489/6/2 482/6/2 490/6/2
f 484/11/2 485/11/2 491/11/2
f 485/7/2 486/7/2 492/7/2
f 491/11/2 485/11/2 492/11/2
f 491/7/2 492/7/2 493/7/2
f 492/7/2 486/7/2 494/7/2
f 493/7/2 492/7/2 494/7/2
f 487/12/2 488/12/2 495/12/2
f 495/12/2 488/12/2 496/12/2
f 497/10/2 498/10/2 499/10/2
f 499/10/2 498/10/2 500/10/2
f 500/10/2 501/10/2 502/10/2
f 502/10/2 501/10/2 503/10/2
f 503/12/2 504/12/2 505/12/2
f 505/12/2 504/12/2 507/12/2
f 507/12/2 504/12/2 508/12/2
f 506/10/2 507/10/2 510/10/2
f 510/10/2 507/10/2 511/10/2
f 509/10/2 510/10/2 512/10/2
f 512/10/2 510/10/2 513/10/2
f 514/10/2 515/10/2 516/10/2
f 516/10/2 515/10/2 517/10/2
f 517/10/2 518/10/2 519/10/2
f 517/10/2 519/10/2 521/10/2
f 519/10/2 520/10/2 521/10/2
f 521/10/2 520/10/2 522/10/2
f 522/10/2 520/10/2 523/10/2
f 523/10/2 524/10/2 525/10/2
f 522/10/2 523/10/2 525/10/2
f 525/10/2 524/10/2 526/10/2
f 522/10/2 525/10/2 528/10/2
f 525/6/2 526/6/2 529/6/2
f 528/10/2 525/10/2 529/10/2
f 529/6/2 526/6/2 530/6/2
f 527/10/2 528/10/2 531/10/2
f 528/10/2 529/10/2 531/10/2
f 531/10/2 529/10/2 532/10/2
f 532/10/2 529/10/2 533/10/2
f 533/10/2 529/10/2 534/10/2
f 534/10/2 529/10/2 535/10/2
f 535/10/2 529/10/2 536/10/2
f 536/10/2 529/10/2 537/10/2
f 537/10/2 529/10/2 538/10/2
f 538/10/2 529/10/2 539/10/2
f 527/10/2 531/10/2 541/10/2
f 531/6/2 532/6/2 542/6/2
f 541/10/2 531/10/2 542/10/2
f 532/8/2 533/8/2 543/8/2
f 542/6/2 532/6/2 543/6/2
f 533/10/2 534/10/2 544/10/2
f 543/8/2 533/8/2 544/8/2
f 534/4/2 535/4/2 545/4/2
f 544/10/2 534/10/2 545/10/2
f 535/10/2 536/10/2 546/10/2
f 545/4/2 535/4/2 546/4/2
f 536/2/2 537/2/2 547/2/2
f 546/10/2 536/10/2 547/10/2
f 537/10/2 538/10/2 548/10/2
f 547/2/2 537/2/2 548/2/2
f 548/10/2 538/10/2 549/10/2
f 540/11/2 541/11/2 550/11/2
f 550/11/2 541/11/2 551/11/2
f 552/9/2 553/9/2 554/9/2
f 554/9/2 553/9/2 555/9/2
f 556/7/2 557/7/2 559/7/2
f 557/11/2 558/11/2 559/11/2
f 559/11/2 558/11/2 560/11/2
f 556/7/2 559/7/2 562/7/2
f 559/7/2 560/7/2 562/7/2
f 562/7/2 560/7/2 563/7/2
f 560/11/2 561/11/2 564/11/2
f 563/7/2 560/7/2 564/7/2
f 564/11/2 561/11/2 565/11/2
f 562/11/2 563/11/2 566/11/2
f 563/7/2 564/7/2 566/7/2
f 564/7/2 565/7/2 566/7/2
f 566/7/2 565/7/2 567/7/2
f 565/11/2 561/11/2 568/11/2
f 567/7/2 565/7/2 568/7/2
f 568/11/2 561/11/2 569/11/2
f 566/11/2 567/11/2 571/11/2
f 567/7/2 568/7/2 571/7/2
f 568/7/2 569/7/2 571/7/2
f 571/7/2 569/7/2 572/7/2
f 569/11/2 570/11/2 573/11/2
f 572/7/2 569/7/2 573/7/2
f 573/11/2 570/11/2 574/11/2
f 571/11/2 572/11/2 575/11/2
f 566/11/2 571/11/2 575/11/2
f 573/7/2 574/7/2 576/7/2
f 575/11/2 572/11/2 576/11/2
f 572/7/2 573/7/2 576/7/2
f 576/7/2 574/7/2 577/7/2
f 577/7/2 574/7/2 578/7/2
f 562/11/2 566/11/2 579/11/2
f 566/11/2 575/11/2 579/11/2
f 575/7/2 576/7/2 580/7/2
f 579/11/2 575/11/2 580/11/2
f 576/7/2 577/7/2 580/7/2
f 580/7/2 577/7/2 581/7/2
f 577/11/2 578/11/2 582/11/2
f 581/7/2 577/7/2 582/7/2
f 582/11/2 578/11/2 583/11/2
f 562/11/2 579/11/2 584/11/2
f 580/7/2 581/7/2 585/7/2
f 584/11/2 579/11/2 585/11/2
f 579/7/2 580/7/2 585/7/2
f 585/7/2 581/7/2 586/7/2
f 581/11/2 582/11/2 587/11/2
f 586/7/2 581/7/2 587/7/2
f 585/7/2 586/7/2 588/7/2
f 584/7/2 585/7/2 588/7/2
f 586/11/2 587/11/2 589/11/2
f 588/7/2 586/7/2 589/7/2
f 587/11/2 582/11/2 590/11/2
f 589/11/2 587/11/2 590/11/2
f 584/7/2 588/7/2 591/7/2
f 588/11/2 589/11/2 592/11/2
f 591/7/2 588/7/2 592/7/2
f 592/11/2 589/11/2 593/11/2
f 594/11/2 595/11/2 596/11/2
f 596/11/2 595/11/2 597/11/2
f 598/12/2 599/12/2 600/12/2
f 600/12/2 599/12/2 601/12/2
f 602/12/2 603/12/2 604/12/2
f 604/12/2 603/12/2 605/12/2
f 606/10/2 607/10/2 608/10/2
f 608/10/2 607/10/2 609/10/2
f 610/12/2 611/12/2 612/12/2
f 612/12/2 611/12/2 613/12/2
f 614/12/2 615/12/2 616/12/2
f 616/12/2 615/12/2 617/12/2
f 618/10/2 619/10/2 620/10/2
f 620/10/2 619/10/2 621/10/2
f 622/10/2 623/10/2 626/10/2
f 626/10/2 623/10/2 627/10/2
f 624/10/2 625/10/2 628/10/2
f 628/10/2 625/10/2 629/10/2
f 629/6/2 630/6/2 633/6/2
f 633/6/2 630/6/2 634/6/2
f 635/12/2 636/12/2 637/12/2
f 637/12/2 636/12/2 638/12/2
f 639/12/2 640/12/2 641/12/2
f 641/12/2 640/12/2 642/12/2
f 631/11/2 632/11/2 643/11/2
f 643/11/2 632/11/2 644/11/2
f 645/10/2 646/10/2 650/10/2
f 650/10/2 646/10/2 651/10/2
f 647/10/2 648/10/2 652/10/2
f 652/10/2 648/10/2 653/10/2
f 649/10/2 650/10/2 654/10/2
f 654/10/2 650/10/2 655/10/2
f 656/10/2 657/10/2 661/10/2
f 661/10/2 657/10/2 662/10/2
f 658/4/2 659/4/2 663/4/2
f 663/4/2 659/4/2 664/4/2
f 660/10/2 661/10/2 666/10/2
f 666/10/2 661/10/2 667/10/2
f 664/10/2 665/10/2 668/10/2
f 668/10/2 665/10/2 669/10/2
f 669/10/2 670/10/2 671/10/2
f 671/10/2 670/10/2 672/10/2
f 673/12/2 674/12/2 675/12/2
f 675/12/2 674/12/2 676/12/2
f 676/12/2 674/12/2 677/12/2
f 677/12/2 674/12/2 678/12/2
f 678/12/2 674/12/2 679/12/2
f 679/12/2 674/12/2 680/12/2
f 681/10/2 682/10/2 686/10/2
f 686/10/2 682/10/2 687/10/2
f 683/10/2 684/10/2 688/10/2
f 688/10/2 684/10/2 689/10/2
f 685/10/2 686/10/2 692/10/2
f 692/10/2 686/10/2 693/10/2
f 689/10/2 690/10/2 694/10/2
f 694/10/2 690/10/2 695/10/2
f 691/4/2 692/4/2 696/4/2
f 696/4/2 692/4/2 697/4/2
f 698/10/2 699/10/2 702/10/2
f 699/4/2 700/4/2 703/4/2
f 702/10/2 699/10/2 703/10/2
f 703/4/2 700/4/2 704/4/2
f 701/10/2 702/10/2 707/10/2
f 704/10/2 705/10/2 707/10/2
f 703/10/2 704/10/2 707/10/2
f 702/10/2 703/10/2 707/10/2
f 707/10/2 705/10/2 708/10/2
f 706/10/2 707/10/2 710/10/2
f 708/10/2 709/10/2 710/10/2
f 707/10/2 708/10/2 710/10/2
f 706/10/2 710/10/2 712/10/2
f 710/10/2 711/10/2 712/10/2
f 712/10/2 711/10/2 713/10/2
f 713/10/2 711/10/2 714/10/2
f 714/10/2 711/10/2 715/10/2
f 713/10/2 714/10/2 716/10/2
f 714/6/2 715/6/2 716/6/2
f 716/6/2 715/6/2 717/6/2
f 713/10/2 716/10/2 718/10/2
f 716/10/2 717/10/2 718/10/2
f 718/10/2 717/10/2 719/10/2
f 713/10/2 718/10/2 720/10/2
f 718/4/2 719/4/2 720/4/2
f 720/4/2 719/4/2 721/4/2
f 706/10/2 712/10/2 722/10/2
f 713/10/2 720/10/2 723/10/2
f 720/10/2 721/10/2 723/10/2
f 723/10/2 721/10/2 724/10/2
f 724/10/2 721/10/2 725/10/2
f 722/10/2 723/10/2 726/10/2
f 723/10/2 724/10/2 726/10/2
f 724/8/2 725/8/2 726/8/2
f 726/8/2 725/8/2 727/8/2
f 706/10/2 722/10/2 728/10/2
f 722/10/2 726/10/2 728/10/2
f 728/10/2 726/10/2 729/10/2
f 729/10/2 726/10/2 730/10/2
f 730/10/2 726/10/2 731/10/2
f 729/10/2 730/10/2 732/10/2
f 732/10/2 730/10/2 733/10/2
f 733/10/2 730/10/2 734/10/2
f 734/10/2 730/10/2 735/10/2
f 735/10/2 730/10/2 736/10/2
f 736/10/2 730/10/2 737/10/2
f 737/10/2 730/10/2 738/10/2
f 738/10/2 730/10/2 739/10/2
f 739/10/2 730/10/2 740/10/2
f 733/10/2 734/10/2 741/10/2
f 734/8/2 735/8/2 742/8/2
f 741/10/2 734/10/2 742/10/2
f 735/2/2 736/2/2 743/2/2
f 742/8/2 735/8/2 743/8/2
f 736/10/2 737/10/2 744/10/2
f 743/2/2 736/2/2 744/2/2
f 737/2/2 738/2/2 745/2/2
f 744/10/2 737/10/2 745/10/2
f 738/10/2 739/10/2 746/10/2
f 745/2/2 738/2/2 746/2/2
f 746/10/2 739/10/2 747/10/2
f 748/12/2 749/12/2 752/12/2
f 752/12/2 749/12/2 753/12/2
f 750/12/2 751/12/2 754/12/2
f 754/12/2 751/12/2 755/12/2
f 756/12/2 757/12/2 760/12/2
f 760/12/2 757/12/2 761/12/2
f 758/12/2 759/12/2 762/12/2
f 762/12/2 759/12/2 763/12/2
f 764/12/2 765/12/2 767/12/2
f 767/12/2 765/12/2 768/12/2
f 768/12/2 765/12/2 769/12/2
f 769/12/2 765/12/2 770/12/2
f 766/12/2 767/12/2 772/12/2
f 767/12/2 768/12/2 772/12/2
f 772/12/2 768/12/2 773/12/2
f 770/12/2 771/12/2 774/12/2
f 769/12/2 770/12/2 774/12/2
f 774/12/2 771/12/2 775/12/2
f 766/12/2 772/12/2 776/12/2
f 775/12/2 771/12/2 779/12/2
f 776/12/2 777/12/2 780/12/2
f 766/12/2 776/12/2 780/12/2
f 780/12/2 777/12/2 781/12/2
f 781/12/2 777/12/2 782/12/2
f 778/12/2 779/12/2 783/12/2
f 779/12/2 771/12/2 784/12/2
f 783/12/2 779/12/2 784/12/2
f 784/12/2 771/12/2 785/12/2
f 781/12/2 782/12/2 786/12/2
f 782/12/2 783/12/2 786/12/2
f 783/12/2 784/12/2 786/12/2
f 786/12/2 784/12/2 787/12/2
f 788/12/2 789/12/2 791/12/2
f 791/12/2 789/12/2 792/12/2
f 790/12/2 791/12/2 794/12/2
f 794/12/2 791/12/2 795/12/2
f 792/12/2 793/12/2 796/12/2
f 796/12/2 793/12/2 797/12/2
f 795/12/2 796/12/2 798/12/2
f 798/12/2 796/12/2 799/12/2
f 800/9/2 801/9/2 802/9/2
f 802/9/2 801/9/2 803/9/2
f 804/11/2 805/11/2 806/11/2
f 806/11/2 805/11/2 807/11/2
f 808/8/2 809/8/2 810/8/2
f 810/8/2 809/8/2 811/8/2
f 812/10/2 813/10/2 814/10/2
f 814/10/2 813/10/2 815/10/2
f 815/12/2 816/12/2 817/12/2
f 817/12/2 816/12/2 818/12/2
f 819/12/2 820/12/2 822/12/2
f 822/12/2 820/12/2 823/12/2
f 821/10/2 822/10/2 829/10/2
f 829/10/2 822/10/2 830/10/2
f 824/11/2 825/11/2 831/11/2
f 825/7/2 826/7/2 832/7/2
f 831/11/2 825/11/2 832/11/2
f 831/7/2 832/7/2 833/7/2
f 832/7/2 826/7/2 834/7/2
f 833/7/2 832/7/2 834/7/2
f 827/12/2 828/12/2 835/12/2
f 835/12/2 828/12/2 836/12/2
f 837/10/2 838/10/2 839/10/2
f 839/10/2 838/10/2 840/10/2
f 840/10/2 841/10/2 842/10/2
f 842/10/2 841/10/2 843/10/2
f 843/12/2 844/12/2 846/12/2
f 846/12/2 844/12/2 847/12/2
f 845/10/2 846/10/2 849/10/2
f 849/10/2 846/10/2 850/10/2
f 848/6/2 849/6/2 851/6/2
f 851/6/2 849/6/2 852/6/2
f 853/10/2 854/10/2 855/10/2
f 855/10/2 854/10/2 856/10/2
f 856/10/2 857/10/2 858/10/2
f 856/10/2 858/10/2 860/10/2
f 858/10/2 859/10/2 860/10/2
f 860/10/2 859/10/2 861/10/2
f 861/10/2 859/10/2 862/10/2
f 862/10/2 863/10/2 865/10/2
f 861/10/2 862/10/2 865/10/2
f 865/10/2 863/10/2 866/10/2
f 866/10/2 863/10/2 867/10/2
f 867/10/2 863/10/2 868/10/2
f 864/10/2 865/10/2 869/10/2
f 865/10/2 866/10/2 869/10/2
f 869/10/2 866/10/2 870/10/2
f 870/10/2 866/10/2 871/10/2
f 871/10/2 866/10/2 872/10/2
f 866/4/2 867/4/2 873/4/2
f 872/10/2 866/10/2 873/10/2
f 873/4/2 867/4/2 874/4/2
f 869/4/2 870/4/2 876/4/2
f 870/10/2 871/10/2 877/10/2
f 876/4/2 870/4/2 877/4/2
f 871/6/2 872/6/2 878/6/2
f 877/10/2 871/10/2 878/10/2
f 872/10/2 873/10/2 879/10/2
f 878/6/2 872/6/2 879/6/2
f 879/10/2 873/10/2 880/10/2
f 875/11/2 876/11/2 881/11/2
f 881/11/2 876/11/2 882/11/2
f 883/7/2 884/7/2 886/7/2
f 884/11/2 885/11/2 886/11/2
f 886/11/2 885/11/2 887/11/2
f 883/7/2 886/7/2 889/7/2
f 886/7/2 887/7/2 889/7/2
f 889/7/2 887/7/2 890/7/2
f 887/11/2 888/11/2 891/11/2
f 890/7/2 887/7/2 891/7/2
f 891/11/2 888/11/2 892/11/2
f 889/11/2 890/11/2 893/11/2
f 890/7/2 891/7/2 893/7/2
f 891/7/2 892/7/2 893/7/2
f 893/7/2 892/7/2 894/7/2
f 892/11/2 888/11/2 895/11/2
f 894/7/2 892/7/2 895/7/2
f 895/11/2 888/11/2 896/11/2
f 893/11/2 894/11/2 898/11/2
f 894/7/2 895/7/2 898/7/2
f 895/7/2 896/7/2 898/7/2
f 898/7/2 896/7/2 899/7/2
f 896/11/2 897/11/2 900/11/2
f 899/7/2 896/7/2 900/7/2
f 900/11/2 897/11/2 901/11/2
f 898/11/2 899/11/2 902/11/2
f 893/11/2 898/11/2 902/11/2
f 900/7/2 901/7/2 903/7/2
f 902/11/2 899/11/2 903/11/2
f 899/7/2 900/7/2 903/7/2
f 903/7/2 901/7/2 904/7/2
f 904/7/2 901/7/2 905/7/2
f 889/11/2 893/11/2 906/11/2
f 893/11/2 902/11/2 906/11/2
f 902/7/2 903/7/2 907/7/2
f 906/11/2 902/11/2 907/11/2
f 903/7/2 904/7/2 907/7/2
f 907/7/2 904/7/2 908/7/2
f 904/11/2 905/11/2 909/11/2
f 908/7/2 904/7/2 909/7/2
f 909/11/2 905/11/2 910/11/2
f 889/11/2 906/11/2 911/11/2
f 907/7/2 908/7/2 912/7/2
f 911/11/2 906/11/2 912/11/2
f 906/7/2 907/7/2 912/7/2
f 912/7/2 908/7/2 913/7/2
f 908/11/2 909/11/2 914/11/2
f 913/7/2 908/7/2 914/7/2
f 912/7/2 913/7/2 915/7/2
f 911/7/2 912/7/2 915/7/2
f 913/11/2 914/11/2 916/11/2
f 915/7/2 913/7/2 916/7/2
f 914/11/2 909/11/2 917/11/2
f 916/11/2 914/11/2 917/11/2
f 911/7/2 915/7/2 918/7/2
f 915/11/2 916/11/2 919/11/2
f 918/7/2 915/7/2 919/7/2
f 919/11/2 916/11/2 920/11/2
f 925/7/3 922/7/3 921/7/3
f 926/11/3 923/11/3 922/11/3
f 926/7/3 922/7/3 925/7/3
f 927/7/3 924/7/3 923/7/3
f 927/11/3 923/11/3 926/11/3
f 928/7/3 924/7/3 927/7/3
f 929/11/3 926/11/3 925/11/3
f 929/11/3 927/11/3 926/11/3
f 929/11/3 928/11/3 927/11/3
f 930/11/3 928/11/3 929/11/3
f 931/7/3 925/7/3 921/7/3
f 932/11/3 929/11/3 925/11/3
f 932/7/3 925/7/3 931/7/3
f 933/7/3 924/7/3 928/7/3
f 933/11/3 928/11/3 930/11/3
f 934/7/3 924/7/3 933/7/3
f 935/11/3 932/11/3 931/11/3
f 936/11/3 929/11/3 932/11/3
f 936/11/3 932/11/3 935/11/3
f 937/11/3 933/11/3 930/11/3
f 937/11/3 934/11/3 933/11/3
f 938/11/3 934/11/3 937/11/3
f 939/11/3 929/11/3 936/11/3
f 940/11/3 937/11/3 930/11/3
f 941/7/3 936/7/3 935/7/3
f 941/11/3 940/11/3 939/11/3
f 941/11/3 939/11/3 936/11/3
f 942/11/3 940/11/3 941/11/3
f 943/11/3 940/11/3 942/11/3
f 944/11/3 937/11/3 940/11/3
f 944/11/3 940/11/3 943/11/3
f 944/7/3 938/7/3 937/7/3
f 945/7/3 942/7/3 941/7/3
f 945/7/3 941/7/3 935/7/3
f 946/11/3 943/11/3 942/11/3
f 946/7/3 942/7/3 945/7/3
f 947/7/3 944/7/3 943/7/3
f 947/11/3 943/11/3 946/11/3
f 948/7/3 938/7/3 944/7/3
f 948/7/3 944/7/3 947/7/3
f 953/7/3 950/7/3 949/7/3
f 954/11/3 951/11/3 950/11/3
f 954/7/3 950/7/3 953/7/3
f 955/7/3 952/7/3 951/7/3
f 955/11/3 951/11/3 954/11/3
f 956/7/3 952/7/3 955/7/3
f 957/11/3 954/11/3 953/11/3
f 957/11/3 955/11/3 954/11/3
f 957/11/3 956/11/3 955/11/3
f 958/11/3 956/11/3 957/11/3
f 959/7/3 953/7/3 949/7/3
f 960/11/3 957/11/3 953/11/3
f 960/7/3 953/7/3 959/7/3
f 961/7/3 952/7/3 956/7/3
f 961/11/3 956/11/3 958/11/3
f 962/7/3 952/7/3 961/7/3
f 963/11/3 960/11/3 959/11/3
f 964/11/3 957/11/3 960/11/3
f 964/11/3 960/11/3 963/11/3
f 965/11/3 961/11/3 958/11/3
f 965/11/3 962/11/3 961/11/3
f 966/11/3 962/11/3 965/11/3
f 967/11/3 957/11/3 964/11/3
f 968/11/3 965/11/3 958/11/3
f 969/7/3 964/7/3 963/7/3
f 969/11/3 968/11/3 967/11/3
f 969/11/3 967/11/3 964/11/3
f 970/11/3 968/11/3 969/11/3
f 971/11/3 968/11/3 970/11/3
f 972/11/3 965/11/3 968/11/3
f 972/11/3 968/11/3 971/11/3
f 972/7/3 966/7/3 965/7/3
f 973/7/3 970/7/3 969/7/3
f 973/7/3 969/7/3 963/7/3
f 974/11/3 971/11/3 970/11/3
f 974/7/3 970/7/3 973/7/3
f 975/7/3 972/7/3 971/7/3
f 975/11/3 971/11/3 974/11/3
f 976/7/3 966/7/3 972/7/3
f 976/7/3 972/7/3 975/7/3
f 979/8/3 978/8/3 977/8/3
f 980/8/3 978/8/3 979/8/3
f 981/8/3 979/8/3 977/8/3
f 982/8/3 978/8/3 980/8/3
f 983/8/3 981/8/3 977/8/3
f 983/8/3 982/8/3 981/8/3
f 984/8/3 978/8/3 982/8/3
f 984/8/3 982/8/3 983/8/3
f 987/8/3 986/8/3 985/8/3
f 988/8/3 986/8/3 987/8/3
f 989/8/3 987/8/3 985/8/3
f 990/8/3 986/8/3 988/8/3
f 991/8/3 989/8/3 985/8/3
f 991/8/3 990/8/3 989/8/3
f 992/8/3 986/8/3 990/8/3
f 992/8/3 990/8/3 991/8/3
f 995/8/3 994/8/3 993/8/3
f 996/8/3 994/8/3 995/8/3
f 999/8/3 998/8/3 997/8/3
f 1000/8/3 998/8/3 999/8/3
f 1003/11/3 1002/11/3 1001/11/3
f 1004/11/3 1002/11/3 1003/11/3
f 1005/11/3 1003/11/3 1001/11/3
f 1006/11/3 1002/11/3 1004/11/3
f 1007/11/3 1005/11/3 1001/11/3
f 1007/11/3 1006/11/3 1005/11/3
f 1008/11/3 1002/11/3 1006/11/3
f 1008/11/3 1006/11/3 1007/11/3
f 1012/10/3 1010/10/3 1009/10/3
f 1013/10/3 1010/10/3 1012/10/3
f 1016/10/3 1012/10/3 1011/10/3
f 1016/10/3 1014/10/3 1013/10/3
f 1016/10/3 1013/10/3 1012/10/3
f 1017/10/3 1014/10/3 1016/10/3
f 1018/10/3 1014/10/3 1017/10/3
f 1019/10/3 1014/10/3 1018/10/3
f 1023/9/3 1022/9/3 1021/9/3
f 1024/9/3 1022/9/3 1023/9/3
f 1025/10/3 1020/10/3 1019/10/3
f 1025/10/3 1019/10/3 1018/10/3
f 1026/10/3 1020/10/3 1025/10/3
f 1027/10/3 1025/10/3 1018/10/3
f 1027/8/3 1026/8/3 1025/8/3
f 1028/8/3 1026/8/3 1027/8/3
f 1029/10/3 1016/10/3 1015/10/3
f 1029/10/3 1017/10/3 1016/10/3
f 1030/10/3 1017/10/3 1029/10/3
f 1031/10/3 1017/10/3 1030/10/3
f 1032/10/3 1028/10/3 1027/10/3
f 1032/10/3 1027/10/3 1018/10/3
f 1033/10/3 1028/10/3 1032/10/3
f 1034/10/3 1028/10/3 1033/10/3
f 1035/10/3 1031/10/3 1030/10/3
f 1035/10/3 1033/10/3 1032/10/3
f 1035/10/3 1032/10/3 1031/10/3
f 1036/10/3 1033/10/3 1035/10/3
f 1037/10/3 1033/10/3 1036/10/3
f 1038/10/3 1033/10/3 1037/10/3
f 1039/10/3 1037/10/3 1036/10/3
f 1040/10/3 1037/10/3 1039/10/3
f 1046/10/3 1042/10/3 1041/10/3
f 1047/10/3 1042/10/3 1046/10/3
f 1048/10/3 1044/10/3 1043/10/3
f 1049/10/3 1044/10/3 1048/10/3
f 1051/10/3 1046/10/3 1045/10/3
f 1052/10/3 1046/10/3 1051/10/3
f 1053/10/3 1050/10/3 1049/10/3
f 1054/10/3 1050/10/3 1053/10/3
f 1059/10/3 1056/10/3 1055/10/3
f 1060/10/3 1056/10/3 1059/10/3
f 1063/10/3 1058/10/3 1057/10/3
f 1064/10/3 1058/10/3 1063/10/3
f 1065/10/3 1061/10/3 1060/10/3
f 1066/10/3 1061/10/3 1065/10/3
f 1067/10/3 1063/10/3 1062/10/3
f 1068/10/3 1063/10/3 1067/10/3
f 1073/10/3 1070/10/3 1069/10/3
f 1074/10/3 1070/10/3 1073/10/3
f 1075/10/3 1072/10/3 1071/10/3
f 1076/10/3 1072/10/3 1075/10/3
f 1081/10/3 1078/10/3 1077/10/3
f 1082/10/3 1078/10/3 1081/10/3
f 1083/10/3 1080/10/3 1079/10/3
f 1084/10/3 1080/10/3 1083/10/3
f 1087/12/3 1086/12/3 1085/12/3
f 1088/12/3 1086/12/3 1087/12/3
f 1089/12/3 1086/12/3 1088/12/3
f 1090/12/3 1086/12/3 1089/12/3
f 1091/9/3 1090/9/3 1089/9/3
f 1092/9/3 1090/9/3 1091/9/3
f 1095/9/3 1094/9/3 1093/9/3
f 1096/9/3 1094/9/3 1095/9/3
f 1098/12/3 1096/12/3 1095/12/3
f 1099/12/3 1098/12/3 1097/12/3
f 1100/12/3 1098/12/3 1099/12/3
f 1101/12/3 1096/12/3 1098/12/3
f 1101/12/3 1098/12/3 1100/12/3
f 1105/12/3 1103/12/3 1102/12/3
f 1106/12/3 1103/12/3 1105/12/3
f 1108/12/3 1105/12/3 1104/12/3
f 1108/12/3 1107/12/3 1106/12/3
f 1108/12/3 1106/12/3 1105/12/3
f 1109/12/3 1107/12/3 1108/12/3
f 1112/12/3 1111/12/3 1110/12/3
f 1113/12/3 1111/12/3 1112/12/3
f 1114/12/3 1111/12/3 1113/12/3
f 1115/12/3 1111/12/3 1114/12/3
f 1116/12/3 1114/12/3 1113/12/3
f 1117/12/3 1114/12/3 1116/12/3
f 1122/12/3 1119/12/3 1118/12/3
f 1123/12/3 1119/12/3 1122/12/3
f 1126/12/3 1121/12/3 1120/12/3
f 1127/12/3 1121/12/3 1126/12/3
f 1128/12/3 1125/12/3 1124/12/3
f 1129/12/3 1125/12/3 1128/12/3
f 1134/12/3 1131/12/3 1130/12/3
f 1135/12/3 1131/12/3 1134/12/3
f 1138/12/3 1133/12/3 1132/12/3
f 1139/12/3 1133/12/3 1138/12/3
f 1140/12/3 1137/12/3 1136/12/3
f 1141/12/3 1137/12/3 1140/12/3
f 1145/9/3 1143/9/3 1142/9/3
f 1146/9/3 1143/9/3 1145/9/3
f 1148/12/3 1145/12/3 1144/12/3
f 1149/12/3 1145/12/3 1148/12/3
f 1150/12/3 1147/12/3 1146/12/3
f 1151/12/3 1147/12/3 1150/12/3
f 1156/12/3 1153/12/3 1152/12/3
f 1157/12/3 1153/12/3 1156/12/3
f 1158/12/3 1155/12/3 1154/12/3
f 1159/12/3 1155/12/3 1158/12/3
f 1160/9/3 1158/9/3 1157/9/3
f 1161/9/3 1158/9/3 1160/9/3
f 1162/11/4 1163/11/4 1166/11/4
f 1166/11/4 1163/11/4 1167/11/4
f 1164/11/4 1165/11/4 1168/11/4
f 1168/11/4 1165/11/4 1169/11/4
f 1170/11/4 1171/11/4 1174/11/4
f 1174/11/4 1171/11/4 1175/11/4
f 1172/11/4 1173/11/4 1176/11/4
f 1176/11/4 1173/11/4 1177/11/4
f 1178/11/4 1179/11/4 1182/11/4
f 1182/11/4 1179/11/4 1183/11/4
f 1180/11/4 1181/11/4 1184/11/4
f 1184/11/4 1181/11/4 1185/11/4
f 1186/11/4 1187/11/4 1190/11/4
f 1190/11/4 1187/11/4 1191/11/4
f 1188/11/4 1189/11/4 1192/11/4
f 1192/11/4 1189/11/4 1193/11/4
f 1194/11/4 1195/11/4 1199/11/4
f 1199/11/4 1195/11/4 1200/11/4
f 1196/11/4 1197/11/4 1201/11/4
f 1201/11/4 1197/11/4 1202/11/4
f 1202/11/4 1197/11/4 1203/11/4
f 1203/11/4 1204/11/4 1205/11/4
f 1205/11/4 1204/11/4 1206/11/4
f 1206/11/4 1204/11/4 1207/11/4
f 1207/11/4 1204/11/4 1208/11/4
f 1198/10/4 1199/10/4 1212/10/4
f 1212/10/4 1199/10/4 1213/10/4
f 1210/11/4 1211/11/4 1216/11/4
f 1209/11/4 1210/11/4 1216/11/4
f 1216/11/4 1211/11/4 1217/11/4
f 1213/11/4 1214/11/4 1218/11/4
f 1218/11/4 1214/11/4 1219/11/4
f 1215/11/4 1216/11/4 1220/11/4
f 1220/11/4 1216/11/4 1221/11/4
f 1222/11/4 1223/11/4 1227/11/4
f 1227/11/4 1223/11/4 1228/11/4
f 1224/11/4 1225/11/4 1229/11/4
f 1229/11/4 1225/11/4 1230/11/4
f 1230/11/4 1231/11/4 1232/11/4
f 1232/11/4 1231/11/4 1233/11/4
f 1233/11/4 1231/11/4 1234/11/4
f 1235/11/4 1236/11/4 1238/11/4
f 1236/11/4 1237/11/4 1238/11/4
f 1226/10/4 1227/10/4 1239/10/4
f 1239/10/4 1227/10/4 1240/10/4
f 1238/11/4 1237/11/4 1244/11/4
f 1244/11/4 1237/11/4 1245/11/4
f 1240/11/4 1241/11/4 1246/11/4
f 1246/11/4 1241/11/4 1247/11/4
f 1242/11/4 1243/11/4 1248/11/4
f 1243/11/4 1244/11/4 1248/11/4
f 1248/11/4 1244/11/4 1249/11/4
f 1250/11/4 1251/11/4 1254/11/4
f 1251/7/4 1252/7/4 1254/7/4
f 1252/11/4 1253/11/4 1255/11/4
f 1254/7/4 1252/7/4 1255/7/4
f 1250/11/4 1254/11/4 1256/11/4
f 1254/11/4 1255/11/4 1256/11/4
f 1255/11/4 1253/11/4 1257/11/4
f 1256/11/4 1255/11/4 1257/11/4
f 1258/7/4 1259/7/4 1260/7/4
f 1260/7/4 1259/7/4 1261/7/4
f 1261/7/4 1259/7/4 1262/7/4
f 1263/11/4 1264/11/4 1265/11/4
f 1265/11/4 1264/11/4 1266/11/4
f 1263/11/4 1265/11/4 1267/11/4
f 1265/7/4 1266/7/4 1268/7/4
f 1267/11/4 1265/11/4 1268/11/4
f 1266/11/4 1264/11/4 1269/11/4
f 1268/7/4 1266/7/4 1269/7/4
f 1269/11/4 1264/11/4 1270/11/4
f 1271/11/4 1272/11/4 1275/11/4
f 1272/7/4 1273/7/4 1275/7/4
f 1273/11/4 1274/11/4 1276/11/4
f 1275/7/4 1273/7/4 1276/7/4
f 1271/11/4 1275/11/4 1277/11/4
f 1275/11/4 1276/11/4 1277/11/4
f 1276/11/4 1274/11/4 1278/11/4
f 1277/11/4 1276/11/4 1278/11/4
f 1279/7/4 1280/7/4 1281/7/4
f 1281/7/4 1280/7/4 1282/7/4
f 1283/11/4 1284/11/4 1285/11/4
f 1285/11/4 1284/11/4 1286/11/4
f 1283/11/4 1285/11/4 1287/11/4
f 1285/7/4 1286/7/4 1288/7/4
f 1287/11/4 1285/11/4 1288/11/4
f 1286/11/4 1284/11/4 1289/11/4
f 1288/7/4 1286/7/4 1289/7/4
f 1289/11/4 1284/11/4 1290/11/4
f 1291/10/4 1292/10/4 1295/10/4
f 1295/10/4 1292/10/4 1296/10/4
f 1293/10/4 1294/10/4 1297/10/4
f 1297/10/4 1294/10/4 1298/10/4
f 1299/12/4 1300/12/4 1301/12/4
f 1301/12/4 1300/12/4 1302/12/4
f 1302/12/4 1300/12/4 1303/12/4
f 1303/12/4 1300/12/4 1308/12/4
f 1308/12/4 1300/12/4 1309/12/4
f 1304/10/4 1305/10/4 1310/10/4
f 1310/10/4 1305/10/4 1311/10/4
f 1306/10/4 1307/10/4 1312/10/4
f 1312/10/4 1307/10/4 1313/10/4
f 1308/9/4 1309/9/4 1314/9/4
f 1314/9/4 1309/9/4 1315/9/4
f 1316/10/4 1317/10/4 1322/10/4
f 1322/10/4 1317/10/4 1323/10/4
f 1318/10/4 1319/10/4 1324/10/4
f 1324/10/4 1319/10/4 1325/10/4
f 1320/9/4 1321/9/4 1326/9/4
f 1326/9/4 1321/9/4 1327/9/4
f 1326/12/4 1327/12/4 1329/12/4
f 1328/12/4 1329/12/4 1330/12/4
f 1329/12/4 1327/12/4 1331/12/4
f 1330/12/4 1329/12/4 1331/12/4
f 1332/10/4 1333/10/4 1336/10/4
f 1336/10/4 1333/10/4 1337/10/4
f 1334/10/4 1335/10/4 1338/10/4
f 1338/10/4 1335/10/4 1339/10/4
f 1340/10/4 1341/10/4 1345/10/4
f 1345/10/4 1341/10/4 1346/10/4
f 1342/10/4 1343/10/4 1347/10/4
f 1347/10/4 1343/10/4 1348/10/4
f 1344/10/4 1345/10/4 1350/10/4
f 1350/10/4 1345/10/4 1351/10/4
f 1348/10/4 1349/10/4 1352/10/4
f 1352/10/4 1349/10/4 1353/10/4
f 1354/10/4 1355/10/4 1358/10/4
f 1358/10/4 1355/10/4 1359/10/4
f 1356/10/4 1357/10/4 1362/10/4
f 1362/10/4 1357/10/4 1363/10/4
f 1359/10/4 1360/10/4 1364/10/4
f 1364/10/4 1360/10/4 1365/10/4
f 1361/10/4 1362/10/4 1366/10/4
f 1366/10/4 1362/10/4 1367/10/4
f 1368/10/4 1369/10/4 1373/10/4
f 1373/10/4 1369/10/4 1374/10/4
f 1370/6/4 1371/6/4 1375/6/4
f 1375/6/4 1371/6/4 1376/6/4
f 1372/10/4 1373/10/4 1378/10/4
f 1378/10/4 1373/10/4 1379/10/4
f 1376/10/4 1377/10/4 1380/10/4
f 1380/10/4 1377/10/4 1381/10/4
f 1382/10/4 1383/10/4 1386/10/4
f 1386/10/4 1383/10/4 1387/10/4
f 1384/6/4 1385/6/4 1390/6/4
f 1390/6/4 1385/6/4 1391/6/4
f 1387/10/4 1388/10/4 1392/10/4
f 1392/10/4 1388/10/4 1393/10/4
f 1389/4/4 1390/4/4 1394/4/4
f 1394/4/4 1390/4/4 1395/4/4
f 1396/10/4 1397/10/4 1400/10/4
f 1397/8/4 1398/8/4 1401/8/4
f 1400/10/4 1397/10/4 1401/10/4
f 1401/8/4 1398/8/4 1402/8/4
f 1399/10/4 1400/10/4 1405/10/4
f 1405/10/4 1400/10/4 1406/10/4
f 1402/10/4 1403/10/4 1407/10/4
f 1407/10/4 1403/10/4 1408/10/4
f 1408/10/4 1409/10/4 1410/10/4
f 1410/10/4 1409/10/4 1411/10/4
f 1404/10/4 1405/10/4 1412/10/4
f 1412/10/4 1405/10/4 1413/10/4
f 1410/6/4 1411/6/4 1416/6/4
f 1416/6/4 1411/6/4 1417/6/4
f 1413/10/4 1414/10/4 1418/10/4
f 1418/10/4 1414/10/4 1419/10/4
f 1415/10/4 1416/10/4 1421/10/4
f 1421/10/4 1416/10/4 1422/10/4
f 1419/10/4 1420/10/4 1423/10/4
f 1420/6/4 1421/6/4 1424/6/4
f 1423/10/4 1420/10/4 1424/10/4
f 1424/6/4 1421/6/4 1425/6/4
f 1426/10/4 1427/10/4 1429/10/4
f 1429/10/4 1427/10/4 1430/10/4
f 1428/10/4 1429/10/4 1433/10/4
f 1433/10/4 1429/10/4 1434/10/4
f 1430/10/4 1431/10/4 1435/10/4
f 1435/10/4 1431/10/4 1436/10/4
f 1436/6/4 1437/6/4 1438/6/4
f 1438/6/4 1437/6/4 1439/6/4
f 1432/10/4 1433/10/4 1440/10/4
f 1440/10/4 1433/10/4 1441/10/4
f 1438/10/4 1439/10/4 1444/10/4
f 1444/10/4 1439/10/4 1445/10/4
f 1441/10/4 1442/10/4 1446/10/4
f 1446/10/4 1442/10/4 1447/10/4
f 1443/10/4 1444/10/4 1448/10/4
f 1448/10/4 1444/10/4 1449/10/4
f 1447/10/4 1448/10/4 1450/10/4
f 1450/10/4 1448/10/4 1451/10/4
f 1452/12/4 1453/12/4 1455/12/4
f 1455/12/4 1453/12/4 1456/12/4
f 1456/12/4 1453/12/4 1457/12/4
f 1457/12/4 1453/12/4 1458/12/4
f 1454/12/4 1455/12/4 1460/12/4
f 1455/3/4 1456/3/4 1460/3/4
f 1456/1/4 1457/1/4 1461/1/4
f 1460/3/4 1456/3/4 1461/3/4
f 1461/1/4 1457/1/4 1462/1/4
f 1457/9/4 1458/9/4 1463/9/4
f 1462/1/4 1457/1/4 1463/1/4
f 1458/12/4 1459/12/4 1464/12/4
f 1463/9/4 1458/9/4 1464/9/4
f 1454/12/4 1460/12/4 1465/12/4
f 1460/9/4 1461/9/4 1466/9/4
f 1465/12/4 1460/12/4 1466/12/4
f 1461/5/4 1462/5/4 1467/5/4
f 1466/9/4 1461/9/4 1467/9/4
f 1462/9/4 1463/9/4 1468/9/4
f 1467/5/4 1462/5/4 1468/5/4
f 1463/3/4 1464/3/4 1469/3/4
f 1468/9/4 1463/9/4 1469/9/4
f 1464/12/4 1459/12/4 1470/12/4
f 1469/3/4 1464/3/4 1470/3/4
f 1470/12/4 1459/12/4 1471/12/4
f 1466/12/4 1467/12/4 1472/12/4
f 1469/12/4 1470/12/4 1472/12/4
f 1467/12/4 1468/12/4 1472/12/4
f 1468/12/4 1469/12/4 1472/12/4
f 1472/12/4 1470/12/4 1473/12/4
f 1474/12/4 1475/12/4 1477/12/4
f 1477/12/4 1475/12/4 1478/12/4
f 1478/12/4 1475/12/4 1479/12/4
f 1479/12/4 1475/12/4 1480/12/4
f 1480/12/4 1475/12/4 1481/12/4
f 1476/12/4 1477/12/4 1483/12/4
f 1477/9/4 1478/9/4 1483/9/4
f 1478/1/4 1479/1/4 1484/1/4
f 1483/9/4 1478/9/4 1484/9/4
f 1479/9/4 1480/9/4 1485/9/4
f 1484/1/4 1479/1/4 1485/1/4
f 1480/3/4 1481/3/4 1486/3/4
f 1485/9/4 1480/9/4 1486/9/4
f 1481/12/4 1482/12/4 1487/12/4
f 1486/3/4 1481/3/4 1487/3/4
f 1476/12/4 1483/12/4 1488/12/4
f 1483/5/4 1484/5/4 1489/5/4
f 1488/12/4 1483/12/4 1489/12/4
f 1484/9/4 1485/9/4 1490/9/4
f 1489/5/4 1484/5/4 1490/5/4
f 1485/1/4 1486/1/4 1491/1/4
f 1490/9/4 1485/9/4 1491/9/4
f 1486/9/4 1487/9/4 1492/9/4
f 1491/1/4 1486/1/4 1492/1/4
f 1487/12/4 1482/12/4 1493/12/4
f 1492/9/4 1487/9/4 1493/9/4
f 1493/12/4 1482/12/4 1494/12/4
f 1489/12/4 1490/12/4 1495/12/4
f 1492/12/4 1493/12/4 1495/12/4
f 1490/12/4 1491/12/4 1495/12/4
f 1491/12/4 1492/12/4 1495/12/4
f 1495/12/4 1493/12/4 1496/12/4
f 1497/9/4 1498/9/4 1500/9/4
f 1500/9/4 1498/9/4 1501/9/4
f 1499/12/4 1500/12/4 1503/12/4
f 1503/12/4 1500/12/4 1504/12/4
f 1501/12/4 1502/12/4 1505/12/4
f 1505/12/4 1502/12/4 1506/12/4
f 1507/12/4 1508/12/4 1511/12/4
f 1511/12/4 1508/12/4 1512/12/4
f 1509/12/4 1510/12/4 1513/12/4
f 1513/12/4 1510/12/4 1514/12/4
f 1512/9/4 1513/9/4 1515/9/4
f 1515/9/4 1513/9/4 1516/9/4
f 1517/12/4 1518/12/4 1521/12/4
f 1521/12/4 1518/12/4 1522/12/4
f 1519/12/4 1520/12/4 1525/12/4
f 1525/12/4 1520/12/4 1526/12/4
f 1523/12/4 1524/12/4 1527/12/4
f 1527/12/4 1524/12/4 1528/12/4
f 1529/12/4 1530/12/4 1533/12/4
f 1533/12/4 1530/12/4 1534/12/4
f 1531/12/4 1532/12/4 1537/12/4
f 1537/12/4 1532/12/4 1538/12/4
f 1535/12/4 1536/12/4 1539/12/4
f 1539/12/4 1536/12/4 1540/12/4
f 1541/12/4 1542/12/4 1544/12/4
f 1544/12/4 1542/12/4 1545/12/4
f 1543/12/4 1544/12/4 1549/12/4
f 1544/12/4 1545/12/4 1549/12/4
f 1545/12/4 1546/12/4 1549/12/4
f 1549/12/4 1546/12/4 1550/12/4
f 1547/10/4 1548/10/4 1553/10/4
f 1553/10/4 1548/10/4 1554/10/4
f 1551/10/4 1552/10/4 1555/10/4
f 1555/10/4 1552/10/4 1556/10/4
f 1557/4/4 1558/4/4 1561/4/4
f 1561/4/4 1558/4/4 1562/4/4
f 1559/10/4 1560/10/4 1565/10/4
f 1565/10/4 1560/10/4 1566/10/4
f 1563/12/4 1564/12/4 1567/12/4
f 1567/12/4 1564/12/4 1568/12/4
f 1568/12/4 1564/12/4 1569/12/4
f 1569/12/4 1564/12/4 1570/12/4
f 1568/12/4 1569/12/4 1571/12/4
f 1571/12/4 1569/12/4 1572/12/4
f 1573/10/4 1574/10/4 1578/10/4
f 1578/10/4 1574/10/4 1579/10/4
f 1575/6/4 1576/6/4 1580/6/4
f 1580/6/4 1576/6/4 1581/6/4
f 1577/10/4 1578/10/4 1583/10/4
f 1583/10/4 1578/10/4 1584/10/4
f 1581/10/4 1582/10/4 1585/10/4
f 1585/10/4 1582/10/4 1586/10/4
f 1587/4/4 1588/4/4 1591/4/4
f 1591/4/4 1588/4/4 1592/4/4
f 1589/4/4 1590/4/4 1595/4/4
f 1595/4/4 1590/4/4 1596/4/4
f 1592/10/4 1593/10/4 1597/10/4
f 1597/10/4 1593/10/4 1598/10/4
f 1594/10/4 1595/10/4 1599/10/4
f 1599/10/4 1595/10/4 1600/10/4
f 1601/10/4 1602/10/4 1606/10/4
f 1606/10/4 1602/10/4 1607/10/4
f 1603/6/4 1604/6/4 1608/6/4
f 1608/6/4 1604/6/4 1609/6/4
f 1605/10/4 1606/10/4 1612/10/4
f 1612/10/4 1606/10/4 1613/10/4
f 1609/10/4 1610/10/4 1614/10/4
f 1614/10/4 1610/10/4 1615/10/4
f 1611/10/4 1612/10/4 1617/10/4
f 1617/10/4 1612/10/4 1618/10/4
f 1615/2/4 1616/2/4 1619/2/4
f 1619/2/4 1616/2/4 1620/2/4
f 1621/10/4 1622/10/4 1625/10/4
f 1625/10/4 1622/10/4 1626/10/4
f 1623/10/4 1624/10/4 1629/10/4
f 1629/10/4 1624/10/4 1630/10/4
f 1626/10/4 1627/10/4 1631/10/4
f 1631/10/4 1627/10/4 1632/10/4
f 1628/10/4 1629/10/4 1635/10/4
f 1635/10/4 1629/10/4 1636/10/4
f 1632/10/4 1633/10/4 1637/10/4
f 1637/10/4 1633/10/4 1638/10/4
f 1634/10/4 1635/10/4 1639/10/4
f 1639/10/4 1635/10/4 1640/10/4
f 1641/4/4 1642/4/4 1648/4/4
f 1642/10/4 1643/10/4 1649/10/4
f 1648/4/4 1642/4/4 1649/4/4
f 1643/6/4 1644/6/4 1650/6/4
f 1649/10/4 1643/10/4 1650/10/4
f 1644/10/4 1645/10/4 1651/10/4
f 1650/6/4 1644/6/4 1651/6/4
f 1645/6/4 1646/6/4 1652/6/4
f 1651/10/4 1645/10/4 1652/10/4
f 1652/6/4 1646/6/4 1653/6/4
f 1647/4/4 1648/4/4 1656/4/4
f 1648/10/4 1649/10/4 1657/10/4
f 1656/4/4 1648/4/4 1657/4/4
f 1657/10/4 1649/10/4 1658/10/4
f 1653/10/4 1654/10/4 1659/10/4
f 1652/10/4 1653/10/4 1659/10/4
f 1659/10/4 1654/10/4 1660/10/4
f 1660/10/4 1654/10/4 1661/10/4
f 1655/8/4 1656/8/4 1664/8/4
f 1656/10/4 1657/10/4 1665/10/4
f 1664/8/4 1656/8/4 1665/8/4
f 1665/10/4 1657/10/4 1666/10/4
f 1660/10/4 1661/10/4 1667/10/4
f 1661/4/4 1662/4/4 1668/4/4
f 1667/10/4 1661/10/4 1668/10/4
f 1668/4/4 1662/4/4 1669/4/4
f 1663/10/4 1664/10/4 1671/10/4
f 1664/10/4 1665/10/4 1671/10/4
f 1671/10/4 1665/10/4 1672/10/4
f 1669/10/4 1670/10/4 1673/10/4
f 1668/10/4 1669/10/4 1673/10/4
f 1673/10/4 1670/10/4 1674/10/4
f 1663/10/4 1671/10/4 1675/10/4
f 1675/10/4 1671/10/4 1676/10/4
f 1674/10/4 1670/10/4 1677/10/4
f 1677/10/4 1670/10/4 1678/10/4
f 1675/4/4 1676/4/4 1679/4/4
f 1679/4/4 1676/4/4 1680/4/4
f 1677/6/4 1678/6/4 1681/6/4
f 1681/6/4 1678/6/4 1682/6/4
f 1681/10/4 1682/10/4 1683/10/4
f 1683/10/4 1682/10/4 1684/10/4
f 1679/10/4 1680/10/4 1685/10/4
f 1683/2/4 1684/2/4 1688/2/4
f 1688/2/4 1684/2/4 1689/2/4
f 1685/10/4 1686/10/4 1690/10/4
f 1679/10/4 1685/10/4 1690/10/4
f 1690/10/4 1686/10/4 1691/10/4
f 1691/10/4 1686/10/4 1692/10/4
f 1687/6/4 1688/6/4 1695/6/4
f 1688/10/4 1689/10/4 1696/10/4
f 1695/6/4 1688/6/4 1696/6/4
f 1696/10/4 1689/10/4 1697/10/4
f 1691/6/4 1692/6/4 1698/6/4
f 1692/10/4 1693/10/4 1699/10/4
f 1698/6/4 1692/6/4 1699/6/4
f 1699/10/4 1693/10/4 1700/10/4
f 1694/6/4 1695/6/4 1703/6/4
f 1695/10/4 1696/10/4 1704/10/4
f 1703/6/4 1695/6/4 1704/6/4
f 1704/10/4 1696/10/4 1705/10/4
f 1699/10/4 1700/10/4 1706/10/4
f 1700/4/4 1701/4/4 1707/4/4
f 1706/10/4 1700/10/4 1707/10/4
f 1707/4/4 1701/4/4 1708/4/4
f 1702/10/4 1703/10/4 1713/10/4
f 1703/10/4 1704/10/4 1713/10/4
f 1713/10/4 1704/10/4 1714/10/4
f 1714/10/4 1704/10/4 1715/10/4
f 1707/10/4 1708/10/4 1716/10/4
f 1708/10/4 1709/10/4 1716/10/4
f 1709/6/4 1710/6/4 1717/6/4
f 1716/10/4 1709/10/4 1717/10/4
f 1710/10/4 1711/10/4 1718/10/4
f 1717/6/4 1710/6/4 1718/6/4
f 1711/4/4 1712/4/4 1719/4/4
f 1718/10/4 1711/10/4 1719/10/4
f 1712/10/4 1713/10/4 1720/10/4
f 1719/4/4 1712/4/4 1720/4/4
f 1713/8/4 1714/8/4 1721/8/4
f 1720/10/4 1713/10/4 1721/10/4
f 1721/8/4 1714/8/4 1722/8/4
f 1723/12/4 1724/12/4 1726/12/4
f 1726/12/4 1724/12/4 1727/12/4
f 1727/12/4 1724/12/4 1728/12/4
f 1728/12/4 1724/12/4 1729/12/4
f 1729/12/4 1724/12/4 1730/12/4
f 1730/12/4 1724/12/4 1731/12/4
f 1731/12/4 1724/12/4 1732/12/4
f 1725/12/4 1726/12/4 1735/12/4
f 1726/12/4 1727/12/4 1735/12/4
f 1735/12/4 1727/12/4 1736/12/4
f 1727/5/4 1728/5/4 1737/5/4
f 1736/12/4 1727/12/4 1737/12/4
f 1728/9/4 1729/9/4 1738/9/4
f 1737/5/4 1728/5/4 1738/5/4
f 1729/3/4 1730/3/4 1739/3/4
f 1738/9/4 1729/9/4 1739/9/4
f 1730/9/4 1731/9/4 1740/9/4
f 1739/3/4 1730/3/4 1740/3/4
f 1732/12/4 1733/12/4 1741/12/4
f 1740/9/4 1731/9/4 1741/9/4
f 1731/12/4 1732/12/4 1741/12/4
f 1741/12/4 1733/12/4 1742/12/4
f 1742/12/4 1733/12/4 1743/12/4
f 1734/12/4 1735/12/4 1746/12/4
f 1735/12/4 1736/12/4 1746/12/4
f 1746/12/4 1736/12/4 1747/12/4
f 1736/7/4 1737/7/4 1748/7/4
f 1747/12/4 1736/12/4 1748/12/4
f 1737/9/4 1738/9/4 1749/9/4
f 1748/7/4 1737/7/4 1749/7/4
f 1738/3/4 1739/3/4 1750/3/4
f 1749/9/4 1738/9/4 1750/9/4
f 1739/1/4 1740/1/4 1751/1/4
f 1750/3/4 1739/3/4 1751/3/4
f 1740/9/4 1741/9/4 1752/9/4
f 1751/1/4 1740/1/4 1752/1/4
f 1741/9/4 1742/9/4 1752/9/4
f 1752/9/4 1742/9/4 1753/9/4
f 1743/12/4 1744/12/4 1754/12/4
f 1753/9/4 1742/9/4 1754/9/4
f 1742/12/4 1743/12/4 1754/12/4
f 1754/12/4 1744/12/4 1755/12/4
f 1755/12/4 1744/12/4 1756/12/4
f 1746/12/4 1747/12/4 1758/12/4
f 1745/12/4 1746/12/4 1758/12/4
f 1747/9/4 1748/9/4 1759/9/4
f 1758/12/4 1747/12/4 1759/12/4
f 1748/1/4 1749/1/4 1760/1/4
f 1759/9/4 1748/9/4 1760/9/4
f 1749/5/4 1750/5/4 1761/5/4
f 1760/1/4 1749/1/4 1761/1/4
f 1750/9/4 1751/9/4 1762/9/4
f 1761/5/4 1750/5/4 1762/5/4
f 1751/7/4 1752/7/4 1763/7/4
f 1762/9/4 1751/9/4 1763/9/4
f 1752/9/4 1753/9/4 1764/9/4
f 1763/7/4 1752/7/4 1764/7/4
f 1753/3/4 1754/3/4 1765/3/4
f 1764/9/4 1753/9/4 1765/9/4
f 1754/1/4 1755/1/4 1766/1/4
f 1765/3/4 1754/3/4 1766/3/4
f 1756/12/4 1757/12/4 1767/12/4
f 1766/1/4 1755/1/4 1767/1/4
f 1755/12/4 1756/12/4 1767/12/4
f 1767/12/4 1757/12/4 1768/12/4
f 1745/12/4 1758/12/4 1769/12/4
f 1758/3/4 1759/3/4 1769/3/4
f 1759/9/4 1760/9/4 1770/9/4
f 1769/3/4 1759/3/4 1770/3/4
f 1760/3/4 1761/3/4 1771/3/4
f 1770/9/4 1760/9/4 1771/9/4
f 1762/9/4 1763/9/4 1772/9/4
f 1771/3/4 1761/3/4 1772/3/4
f 1761/9/4 1762/9/4 1772/9/4
f 1763/9/4 1764/9/4 1772/9/4
f 1772/9/4 1764/9/4 1773/9/4
f 1773/9/4 1764/9/4 1774/9/4
f 1764/5/4 1765/5/4 1775/5/4
f 1774/9/4 1764/9/4 1775/9/4
f 1765/9/4 1766/9/4 1776/9/4
f 1775/5/4 1765/5/4 1776/5/4
f 1766/5/4 1767/5/4 1777/5/4
f 1776/9/4 1766/9/4 1777/9/4
f 1767/9/4 1768/9/4 1778/9/4
f 1777/5/4 1767/5/4 1778/5/4
f 1768/12/4 1757/12/4 1779/12/4
f 1778/9/4 1768/9/4 1779/9/4
f 1745/12/4 1769/12/4 1780/12/4
f 1769/9/4 1770/9/4 1780/9/4
f 1770/7/4 1771/7/4 1781/7/4
f 1780/9/4 1770/9/4 1781/9/4
f 1771/9/4 1772/9/4 1782/9/4
f 1781/7/4 1771/7/4 1782/7/4
f 1772/9/4 1773/9/4 1782/9/4
f 1782/9/4 1773/9/4 1783/9/4
f 1773/5/4 1774/5/4 1784/5/4
f 1783/9/4 1773/9/4 1784/9/4
f 1774/3/4 1775/3/4 1785/3/4
f 1784/5/4 1774/5/4 1785/5/4
f 1775/9/4 1776/9/4 1786/9/4
f 1785/3/4 1775/3/4 1786/3/4
f 1776/5/4 1777/5/4 1787/5/4
f 1786/9/4 1776/9/4 1787/9/4
f 1777/9/4 1778/9/4 1788/9/4
f 1787/5/4 1777/5/4 1788/5/4
f 1778/7/4 1779/7/4 1789/7/4
f 1788/9/4 1778/9/4 1789/9/4
f 1779/12/4 1757/12/4 1790/12/4
f 1789/7/4 1779/7/4 1790/7/4
f 1745/12/4 1780/12/4 1791/12/4
f 1780/12/4 1781/12/4 1791/12/4
f 1791/12/4 1781/12/4 1792/12/4
f 1781/1/4 1782/1/4 1793/1/4
f 1792/12/4 1781/12/4 1793/12/4
f 1782/5/4 1783/5/4 1794/5/4
f 1793/1/4 1782/1/4 1794/1/4
f 1783/3/4 1784/3/4 1795/3/4
f 1794/5/4 1783/5/4 1795/5/4
f 1784/9/4 1785/9/4 1796/9/4
f 1795/3/4 1784/3/4 1796/3/4
f 1785/1/4 1786/1/4 1797/1/4
f 1796/9/4 1785/9/4 1797/9/4
f 1786/9/4 1787/9/4 1798/9/4
f 1797/1/4 1786/1/4 1798/1/4
f 1787/7/4 1788/7/4 1799/7/4
f 1798/9/4 1787/9/4 1799/9/4
f 1788/9/4 1789/9/4 1800/9/4
f 1799/7/4 1788/7/4 1800/7/4
f 1789/12/4 1790/12/4 1801/12/4
f 1800/9/4 1789/9/4 1801/9/4
f 1790/12/4 1757/12/4 1802/12/4
f 1801/12/4 1790/12/4 1802/12/4
f 1802/12/4 1757/12/4 1803/12/4
f 1793/12/4 1794/12/4 1804/12/4
f 1792/12/4 1793/12/4 1804/12/4
f 1804/12/4 1794/12/4 1805/12/4
f 1794/1/4 1795/1/4 1806/1/4
f 1805/12/4 1794/12/4 1806/12/4
f 1796/9/4 1797/9/4 1807/9/4
f 1806/1/4 1795/1/4 1807/1/4
f 1795/9/4 1796/9/4 1807/9/4
f 1807/9/4 1797/9/4 1808/9/4
f 1797/3/4 1798/3/4 1809/3/4
f 1808/9/4 1797/9/4 1809/9/4
f 1798/9/4 1799/9/4 1810/9/4
f 1809/3/4 1798/3/4 1810/3/4
f 1799/9/4 1800/9/4 1810/9/4
f 1810/9/4 1800/9/4 1811/9/4
f 1800/12/4 1801/12/4 1812/12/4
f 1811/9/4 1800/9/4 1812/9/4
f 1801/12/4 1802/12/4 1812/12/4
f 1812/12/4 1802/12/4 1813/12/4
f 1813/12/4 1802/12/4 1814/12/4
f 1805/12/4 1806/12/4 1815/12/4
f 1806/12/4 1807/12/4 1815/12/4
f 1815/12/4 1807/12/4 1816/12/4
f 1807/3/4 1808/3/4 1817/3/4
f 1816/12/4 1807/12/4 1817/12/4
f 1808/9/4 1809/9/4 1818/9/4
f 1817/3/4 1808/3/4 1818/3/4
f 1809/9/4 1810/9/4 1818/9/4
f 1810/5/4 1811/5/4 1819/5/4
f 1818/9/4 1810/9/4 1819/9/4
f 1812/12/4 1813/12/4 1820/12/4
f 1819/5/4 1811/5/4 1820/5/4
f 1811/12/4 1812/12/4 1820/12/4
f 1820/12/4 1813/12/4 1821/12/4
f 1821/12/4 1813/12/4 1822/12/4
f 1816/12/4 1817/12/4 1823/12/4
f 1817/12/4 1818/12/4 1823/12/4
f 1820/12/4 1821/12/4 1823/12/4
f 1819/12/4 1820/12/4 1823/12/4
f 1818/12/4 1819/12/4 1823/12/4
f 1823/12/4 1821/12/4 1824/12/4
f 1833/7/5 1826/7/5 1825/7/5
f 1834/7/5 1826/7/5 1833/7/5
f 1835/7/5 1828/7/5 1827/7/5
f 1836/7/5 1828/7/5 1835/7/5
f 1837/7/5 1830/7/5 1829/7/5
f 1838/7/5 1830/7/5 1837/7/5
f 1839/7/5 1832/7/5 1831/7/5
f 1840/7/5 1832/7/5 1839/7/5
f 1841/11/5 1834/11/5 1833/11/5
f 1842/7/5 1826/7/5 1834/7/5
f 1842/11/5 1834/11/5 1841/11/5
f 1843/11/5 1827/11/5 1826/11/5
f 1843/7/5 1826/7/5 1842/7/5
f 1844/7/5 1835/7/5 1827/7/5
f 1844/11/5 1827/11/5 1843/11/5
f 1845/11/5 1836/11/5 1835/11/5
f 1845/7/5 1835/7/5 1844/7/5
f 1846/11/5 1836/11/5 1845/11/5
f 1847/11/5 1838/11/5 1837/11/5
f 1848/7/5 1830/7/5 1838/7/5
f 1848/11/5 1838/11/5 1847/11/5
f 1849/11/5 1831/11/5 1830/11/5
f 1849/7/5 1830/7/5 1848/7/5
f 1850/7/5 1839/7/5 1831/7/5
f 1850/11/5 1831/11/5 1849/11/5
f 1851/11/5 1840/11/5 1839/11/5
f 1851/7/5 1839/7/5 1850/7/5
f 1852/11/5 1840/11/5 1851/11/5
f 1853/10/5 1844/10/5 1843/10/5
f 1853/10/5 1845/10/5 1844/10/5
f 1853/10/5 1843/10/5 1842/10/5
f 1854/10/5 1845/10/5 1853/10/5
f 1855/10/5 1851/10/5 1850/10/5
f 1855/10/5 1850/10/5 1849/10/5
f 1855/10/5 1849/10/5 1848/10/5
f 1856/10/5 1851/10/5 1855/10/5
f 1865/11/5 1858/11/5 1857/11/5
f 1866/11/5 1858/11/5 1865/11/5
f 1867/11/5 1860/11/5 1859/11/5
f 1868/11/5 1860/11/5 1867/11/5
f 1869/11/5 1862/11/5 1861/11/5
f 1870/11/5 1862/11/5 1869/11/5
f 1871/11/5 1864/11/5 1863/11/5
f 1872/11/5 1864/11/5 1871/11/5
f 1873/10/5 1867/10/5 1866/10/5
f 1874/10/5 1867/10/5 1873/10/5
f 1875/10/5 1867/10/5 1874/10/5
f 1876/10/5 1867/10/5 1875/10/5
f 1877/10/5 1871/10/5 1870/10/5
f 1878/10/5 1871/10/5 1877/10/5
f 1879/10/5 1871/10/5 1878/10/5
f 1880/10/5 1871/10/5 1879/10/5
f 1881/10/5 1875/10/5 1874/10/5
f 1882/10/5 1875/10/5 1881/10/5
f 1883/10/5 1875/10/5 1882/10/5
f 1884/10/5 1875/10/5 1883/10/5
f 1885/10/5 1879/10/5 1878/10/5
f 1886/10/5 1879/10/5 1885/10/5
f 1887/10/5 1879/10/5 1886/10/5
f 1888/10/5 1879/10/5 1887/10/5
f 1889/10/5 1883/10/5 1882/10/5
f 1890/10/5 1883/10/5 1889/10/5
f 1891/10/5 1887/10/5 1886/10/5
f 1892/10/5 1887/10/5 1891/10/5
f 1901/10/5 1894/10/5 1893/10/5
f 1902/10/5 1894/10/5 1901/10/5
f 1905/10/5 1896/10/5 1895/10/5
f 1906/10/5 1896/10/5 1905/10/5
f 1907/10/5 1898/10/5 1897/10/5
f 1908/10/5 1898/10/5 1907/10/5
f 1911/10/5 1900/10/5 1899/10/5
f 1912/10/5 1900/10/5 1911/10/5
f 1913/10/5 1903/10/5 1902/10/5
f 1914/10/5 1903/10/5 1913/10/5
f 1915/10/5 1905/10/5 1904/10/5
f 1916/10/5 1905/10/5 1915/10/5
f 1917/10/5 1909/10/5 1908/10/5
f 1918/10/5 1909/10/5 1917/10/5
f 1919/10/5 1911/10/5 1910/10/5
f 1920/10/5 1911/10/5 1919/10/5
f 1921/12/5 1915/12/5 1914/12/5
f 1922/12/5 1915/12/5 1921/12/5
f 1923/12/5 1919/12/5 1918/12/5
f 1924/12/5 1919/12/5 1923/12/5
f 1933/11/5 1926/11/5 1925/11/5
f 1934/11/5 1926/11/5 1933/11/5
f 1935/11/5 1928/11/5 1927/11/5
f 1936/11/5 1928/11/5 1935/11/5
f 1937/11/5 1930/11/5 1929/11/5
f 1938/11/5 1930/11/5 1937/11/5
f 1939/11/5 1932/11/5 1931/11/5
f 1940/11/5 1932/11/5 1939/11/5
f 1949/10/5 1942/10/5 1941/10/5
f 1950/10/5 1942/10/5 1949/10/5
f 1953/10/5 1944/10/5 1943/10/5
f 1954/10/5 1944/10/5 1953/10/5
f 1955/10/5 1946/10/5 1945/10/5
f 1956/10/5 1946/10/5 1955/10/5
f 1959/10/5 1948/10/5 1947/10/5
f 1960/10/5 1948/10/5 1959/10/5
f 1961/12/5 1951/12/5 1950/12/5
f 1962/12/5 1951/12/5 1961/12/5
f 1963/12/5 1953/12/5 1952/12/5
f 1964/12/5 1953/12/5 1963/12/5
f 1965/12/5 1957/12/5 1956/12/5
f 1966/12/5 1957/12/5 1965/12/5
f 1967/12/5 1959/12/5 1958/12/5
f 1968/12/5 1959/12/5 1967/12/5
f 1973/8/5 1970/8/5 1969/8/5
f 1974/8/5 1970/8/5 1973/8/5
f 1975/8/5 1972/8/5 1971/8/5
f 1976/8/5 1972/8/5 1975/8/5
f 1980/10/5 1978/10/5 1977/10/5
f 1981/10/5 1978/10/5 1980/10/5
f 1984/10/5 1980/10/5 1979/10/5
f 1984/10/5 1982/10/5 1981/10/5
f 1984/10/5 1981/10/5 1980/10/5
f 1985/10/5 1982/10/5 1984/10/5
f 1987/10/5 1984/10/5 1983/10/5
f 1987/10/5 1986/10/5 1985/10/5
f 1987/10/5 1985/10/5 1984/10/5
f 1988/10/5 1986/10/5 1987/10/5
f 1989/10/5 1987/10/5 1983/10/5
f 1990/10/5 1987/10/5 1989/10/5
f 1991/10/5 1987/10/5 1990/10/5
f 1992/4/5 1988/4/5 1987/4/5
f 1992/10/5 1987/10/5 1991/10/5
f 1993/4/5 1988/4/5 1992/4/5
f 1994/10/5 1991/10/5 1990/10/5
f 1995/10/5 1991/10/5 1994/10/5
f 1996/4/5 1992/4/5 1991/4/5
f 1996/10/5 1991/10/5 1995/10/5
f 1997/4/5 1992/4/5 1996/4/5
f 1998/10/5 1996/10/5 1995/10/5
f 1999/10/5 1996/10/5 1998/10/5
f 2000/10/5 1996/10/5 1999/10/5
f 2001/10/5 1996/10/5 2000/10/5
f 2002/10/5 1996/10/5 2001/10/5
f 2003/10/5 1996/10/5 2002/10/5
f 2004/10/5 2000/10/5 1999/10/5
f 2005/4/5 2001/4/5 2000/4/5
f 2005/10/5 2000/10/5 2004/10/5
f 2006/10/5 2002/10/5 2001/10/5
f 2006/4/5 2001/4/5 2005/4/5
f 2007/10/5 2002/10/5 2006/10/5
f 2013/10/5 2009/10/5 2008/10/5
f 2014/10/5 2009/10/5 2013/10/5
f 2015/10/5 2011/10/5 2010/10/5
f 2016/10/5 2011/10/5 2015/10/5
f 2018/10/5 2013/10/5 2012/10/5
f 2019/10/5 2013/10/5 2018/10/5
f 2020/10/5 2017/10/5 2016/10/5
f 2021/10/5 2017/10/5 2020/10/5
f 2026/10/5 2023/10/5 2022/10/5
f 2027/10/5 2023/10/5 2026/10/5
f 2030/10/5 2025/10/5 2024/10/5
f 2031/10/5 2025/10/5 2030/10/5
f 2032/10/5 2028/10/5 2027/10/5
f 2033/10/5 2028/10/5 2032/10/5
f 2036/10/5 2030/10/5 2029/10/5
f 2037/10/5 2030/10/5 2036/10/5
f 2038/8/5 2034/8/5 2033/8/5
f 2039/8/5 2034/8/5 2038/8/5
f 2044/6/5 2036/6/5 2035/6/5
f 2045/6/5 2036/6/5 2044/6/5
f 2046/12/5 2043/12/5 2042/12/5
f 2046/12/5 2041/12/5 2040/12/5
f 2046/12/5 2042/12/5 2041/12/5
f 2047/12/5 2043/12/5 2046/12/5
f 2052/11/5 2049/11/5 2048/11/5
f 2053/11/5 2049/11/5 2052/11/5
f 2054/11/5 2051/11/5 2050/11/5
f 2055/11/5 2051/11/5 2054/11/5
f 2060/11/5 2057/11/5 2056/11/5
f 2061/11/5 2057/11/5 2060/11/5
f 2064/10/5 2059/10/5 2058/10/5
f 2065/10/5 2059/10/5 2064/10/5
f 2066/10/5 2063/10/5 2062/10/5
f 2067/10/5 2063/10/5 2066/10/5
f 2072/10/5 2069/10/5 2068/10/5
f 2073/10/5 2069/10/5 2072/10/5
f 2076/10/5 2071/10/5 2070/10/5
f 2077/10/5 2071/10/5 2076/10/5
f 2078/4/5 2074/4/5 2073/4/5
f 2079/4/5 2074/4/5 2078/4/5
f 2084/10/5 2076/10/5 2075/10/5
f 2085/10/5 2076/10/5 2084/10/5
f 2086/12/5 2081/12/5 2080/12/5
f 2087/12/5 2081/12/5 2086/12/5
f 2088/12/5 2083/12/5 2082/12/5
f 2089/12/5 2083/12/5 2088/12/5
f 2094/4/5 2091/4/5 2090/4/5
f 2095/4/5 2091/4/5 2094/4/5
f 2100/10/5 2093/10/5 2092/10/5
f 2101/10/5 2093/10/5 2100/10/5
f 2102/12/5 2097/12/5 2096/12/5
f 2103/12/5 2097/12/5 2102/12/5
f 2104/12/5 2099/12/5 2098/12/5
f 2105/12/5 2099/12/5 2104/12/5
f 2112/12/5 2107/12/5 2106/12/5
f 2113/9/5 2108/9/5 2107/9/5
f 2113/12/5 2107/12/5 2112/12/5
f 2114/9/5 2108/9/5 2113/9/5
f 2115/9/5 2110/9/5 2109/9/5
f 2116/12/5 2111/12/5 2110/12/5
f 2116/9/5 2110/9/5 2115/9/5
f 2117/12/5 2111/12/5 2116/12/5
f 2123/12/5 2119/12/5 2118/12/5
f 2124/12/5 2121/12/5 2120/12/5
f 2126/12/5 2123/12/5 2122/12/5
f 2127/12/5 2119/12/5 2123/12/5
f 2127/12/5 2123/12/5 2126/12/5
f 2128/12/5 2125/12/5 2124/12/5
f 2128/12/5 2124/12/5 2120/12/5
f 2129/12/5 2125/12/5 2128/12/5
f 2130/12/5 2119/12/5 2127/12/5
f 2131/12/5 2119/12/5 2130/12/5
f 2132/12/5 2128/12/5 2120/12/5
f 2133/12/5 2128/12/5 2132/12/5
f 2138/12/5 2135/12/5 2134/12/5
f 2139/12/5 2135/12/5 2138/12/5
f 2140/12/5 2137/12/5 2136/12/5
f 2141/12/5 2137/12/5 2140/12/5
f 2146/12/5 2143/12/5 2142/12/5
f 2147/12/5 2143/12/5 2146/12/5
f 2148/12/5 2145/12/5 2144/12/5
f 2149/12/5 2145/12/5 2148/12/5
f 2154/12/5 2151/12/5 2150/12/5
f 2155/12/5 2151/12/5 2154/12/5
f 2156/12/5 2153/12/5 2152/12/5
f 2157/12/5 2153/12/5 2156/12/5
f 2162/12/5 2159/12/5 2158/12/5
f 2163/12/5 2159/12/5 2162/12/5
f 2164/12/5 2161/12/5 2160/12/5
f 2165/12/5 2161/12/5 2164/12/5
f 2171/12/5 2167/12/5 2166/12/5
f 2172/12/5 2167/12/5 2171/12/5
f 2173/12/5 2169/12/5 2168/12/5
f 2174/12/5 2169/12/5 2173/12/5
f 2176/9/5 2171/9/5 2170/9/5
f 2177/9/5 2171/9/5 2176/9/5
f 2180/9/5 2175/9/5 2174/9/5
f 2181/9/5 2175/9/5 2180/9/5
f 2182/12/5 2178/12/5 2177/12/5
f 2183/12/5 2178/12/5 2182/12/5
f 2184/12/5 2180/12/5 2179/12/5
f 2185/12/5 2180/12/5 2184/12/5
f 2188/11/5 2187/11/5 2186/11/5
f 2189/11/5 2187/11/5 2188/11/5
f 2190/11/6 2191/11/6 2194/11/6
f 2194/11/6 2191/11/6 2195/11/6
f 2192/11/6 2193/11/6 2196/11/6
f 2196/11/6 2193/11/6 2197/11/6
f 2198/8/6 2199/8/6 2202/8/6
f 2202/8/6 2199/8/6 2203/8/6
f 2200/8/6 2201/8/6 2204/8/6
f 2204/8/6 2201/8/6 2205/8/6
f 2206/11/6 2207/11/6 2214/11/6
f 2214/11/6 2207/11/6 2215/11/6
f 2208/11/6 2209/11/6 2216/11/6
f 2216/11/6 2209/11/6 2217/11/6
f 2210/11/6 2211/11/6 2218/11/6
f 2218/11/6 2211/11/6 2219/11/6
f 2212/11/6 2213/11/6 2220/11/6
f 2220/11/6 2213/11/6 2221/11/6
f 2222/8/6 2223/8/6 2230/8/6
f 2230/8/6 2223/8/6 2231/8/6
f 2224/6/6 2225/6/6 2234/6/6
f 2234/6/6 2225/6/6 2235/6/6
f 2226/10/6 2227/10/6 2236/10/6
f 2236/10/6 2227/10/6 2237/10/6
f 2228/10/6 2229/10/6 2240/10/6
f 2240/10/6 2229/10/6 2241/10/6
f 2231/12/6 2232/12/6 2242/12/6
f 2242/12/6 2232/12/6 2243/12/6
f 2233/12/6 2234/12/6 2244/12/6
f 2244/12/6 2234/12/6 2245/12/6
f 2237/12/6 2238/12/6 2246/12/6
f 2246/12/6 2238/12/6 2247/12/6
f 2239/12/6 2240/12/6 2248/12/6
f 2248/12/6 2240/12/6 2249/12/6
f 2250/10/6 2251/10/6 2258/10/6
f 2258/10/6 2251/10/6 2259/10/6
f 2252/10/6 2253/10/6 2262/10/6
f 2262/10/6 2253/10/6 2263/10/6
f 2254/6/6 2255/6/6 2264/6/6
f 2264/6/6 2255/6/6 2265/6/6
f 2256/4/6 2257/4/6 2268/4/6
f 2268/4/6 2257/4/6 2269/4/6
f 2259/10/6 2260/10/6 2270/10/6
f 2270/10/6 2260/10/6 2271/10/6
f 2261/10/6 2262/10/6 2273/10/6
f 2273/10/6 2262/10/6 2274/10/6
f 2265/10/6 2266/10/6 2275/10/6
f 2275/10/6 2266/10/6 2276/10/6
f 2267/10/6 2268/10/6 2278/10/6
f 2278/10/6 2268/10/6 2279/10/6
f 2271/12/6 2272/12/6 2280/12/6
f 2272/12/6 2273/12/6 2280/12/6
f 2280/12/6 2273/12/6 2281/12/6
f 2276/12/6 2277/12/6 2282/12/6
f 2277/12/6 2278/12/6 2282/12/6
f 2282/12/6 2278/12/6 2283/12/6
f 2284/11/6 2285/11/6 2292/11/6
f 2292/11/6 2285/11/6 2293/11/6
f 2286/11/6 2287/11/6 2297/11/6
f 2297/11/6 2287/11/6 2298/11/6
f 2288/11/6 2289/11/6 2299/11/6
f 2299/11/6 2289/11/6 2300/11/6
f 2290/11/6 2291/11/6 2304/11/6
f 2304/11/6 2291/11/6 2305/11/6
f 2293/8/6 2294/8/6 2306/8/6
f 2294/10/6 2295/10/6 2307/10/6
f 2306/8/6 2294/8/6 2307/8/6
f 2307/10/6 2295/10/6 2308/10/6
f 2296/10/6 2297/10/6 2309/10/6
f 2309/10/6 2297/10/6 2310/10/6
f 2310/10/6 2297/10/6 2311/10/6
f 2300/10/6 2301/10/6 2312/10/6
f 2302/10/6 2303/10/6 2313/10/6
f 2303/4/6 2304/4/6 2314/4/6
f 2313/10/6 2303/10/6 2314/10/6
f 2314/4/6 2304/4/6 2315/4/6
f 2307/4/6 2308/4/6 2316/4/6
f 2306/10/6 2307/10/6 2316/10/6
f 2316/4/6 2308/4/6 2317/4/6
f 2309/2/6 2310/2/6 2319/2/6
f 2310/6/6 2311/6/6 2320/6/6
f 2319/2/6 2310/2/6 2320/2/6
f 2320/6/6 2311/6/6 2321/6/6
f 2300/10/6 2312/10/6 2322/10/6
f 2322/10/6 2312/10/6 2323/10/6
f 2323/10/6 2312/10/6 2324/10/6
f 2314/10/6 2315/10/6 2325/10/6
f 2313/10/6 2314/10/6 2325/10/6
f 2325/10/6 2315/10/6 2326/10/6
f 2317/10/6 2318/10/6 2327/10/6
f 2306/10/6 2316/10/6 2327/10/6
f 2316/10/6 2317/10/6 2327/10/6
f 2327/10/6 2318/10/6 2328/10/6
f 2320/8/6 2321/8/6 2329/8/6
f 2319/10/6 2320/10/6 2329/10/6
f 2329/8/6 2321/8/6 2330/8/6
f 2322/6/6 2323/6/6 2331/6/6
f 2323/4/6 2324/4/6 2332/4/6
f 2331/6/6 2323/6/6 2332/6/6
f 2324/10/6 2325/10/6 2333/10/6
f 2332/4/6 2324/4/6 2333/4/6
f 2325/4/6 2326/4/6 2334/4/6
f 2333/10/6 2325/10/6 2334/10/6
f 2326/10/6 2315/10/6 2335/10/6
f 2334/4/6 2326/4/6 2335/4/6
f 2327/2/6 2328/2/6 2336/2/6
f 2328/10/6 2318/10/6 2337/10/6
f 2336/2/6 2328/2/6 2337/2/6
f 2337/10/6 2318/10/6 2338/10/6
f 2318/2/6 2319/2/6 2339/2/6
f 2338/10/6 2318/10/6 2339/10/6
f 2329/10/6 2330/10/6 2340/10/6
f 2339/2/6 2319/2/6 2340/2/6
f 2319/10/6 2329/10/6 2340/10/6
f 2340/10/6 2330/10/6 2341/10/6
f 2333/10/6 2334/10/6 2342/10/6
f 2332/10/6 2333/10/6 2342/10/6
f 2331/10/6 2332/10/6 2342/10/6
f 2334/10/6 2335/10/6 2342/10/6
f 2342/10/6 2335/10/6 2343/10/6
f 2343/10/6 2335/10/6 2344/10/6
f 2335/10/6 2315/10/6 2345/10/6
f 2344/10/6 2335/10/6 2345/10/6
f 2336/10/6 2337/10/6 2346/10/6
f 2337/4/6 2338/4/6 2347/4/6
f 2346/10/6 2337/10/6 2347/10/6
f 2338/10/6 2339/10/6 2348/10/6
f 2347/4/6 2338/4/6 2348/4/6
f 2339/10/6 2340/10/6 2348/10/6
f 2348/10/6 2340/10/6 2349/10/6
f 2340/6/6 2341/6/6 2350/6/6
f 2349/10/6 2340/10/6 2350/10/6
f 2341/10/6 2330/10/6 2351/10/6
f 2350/6/6 2341/6/6 2351/6/6
f 2331/10/6 2342/10/6 2352/10/6
f 2342/6/6 2343/6/6 2352/6/6
f 2343/10/6 2344/10/6 2353/10/6
f 2352/6/6 2343/6/6 2353/6/6
f 2353/10/6 2344/10/6 2354/10/6
f 2344/8/6 2345/8/6 2355/8/6
f 2354/10/6 2344/10/6 2355/10/6
f 2345/10/6 2315/10/6 2356/10/6
f 2355/8/6 2345/8/6 2356/8/6
f 2346/4/6 2347/4/6 2357/4/6
f 2347/10/6 2348/10/6 2358/10/6
f 2357/4/6 2347/4/6 2358/4/6
f 2348/8/6 2349/8/6 2359/8/6
f 2358/10/6 2348/10/6 2359/10/6
f 2349/10/6 2350/10/6 2360/10/6
f 2359/8/6 2349/8/6 2360/8/6
f 2350/10/6 2351/10/6 2360/10/6
f 2360/10/6 2351/10/6 2361/10/6
f 2351/10/6 2330/10/6 2362/10/6
f 2361/10/6 2351/10/6 2362/10/6
f 2362/10/6 2330/10/6 2363/10/6
f 2331/10/6 2352/10/6 2364/10/6
f 2352/4/6 2353/4/6 2365/4/6
f 2364/10/6 2352/10/6 2365/10/6
f 2353/10/6 2354/10/6 2366/10/6
f 2365/4/6 2353/4/6 2366/4/6
f 2354/6/6 2355/6/6 2367/6/6
f 2366/10/6 2354/10/6 2367/10/6
f 2355/10/6 2356/10/6 2368/10/6
f 2367/6/6 2355/6/6 2368/6/6
f 2356/10/6 2315/10/6 2369/10/6
f 2368/10/6 2356/10/6 2369/10/6
f 2358/10/6 2359/10/6 2370/10/6
f 2357/10/6 2358/10/6 2370/10/6
f 2359/10/6 2360/10/6 2370/10/6
f 2370/10/6 2360/10/6 2371/10/6
f 2360/6/6 2361/6/6 2372/6/6
f 2371/10/6 2360/10/6 2372/10/6
f 2361/10/6 2362/10/6 2373/10/6
f 2372/6/6 2361/6/6 2373/6/6
f 2362/4/6 2363/4/6 2374/4/6
f 2373/10/6 2362/10/6 2374/10/6
f 2374/4/6 2363/4/6 2375/4/6
f 2364/6/6 2365/6/6 2376/6/6
f 2365/10/6 2366/10/6 2377/10/6
f 2376/6/6 2365/6/6 2377/6/6
f 2366/8/6 2367/8/6 2378/8/6
f 2377/10/6 2366/10/6 2378/10/6
f 2367/10/6 2368/10/6 2379/10/6
f 2378/8/6 2367/8/6 2379/8/6
f 2368/6/6 2369/6/6 2380/6/6
f 2379/10/6 2368/10/6 2380/10/6
f 2369/10/6 2315/10/6 2381/10/6
f 2380/6/6 2369/6/6 2381/6/6
f 2370/2/6 2371/2/6 2382/2/6
f 2371/10/6 2372/10/6 2383/10/6
f 2382/2/6 2371/2/6 2383/2/6
f 2372/2/6 2373/2/6 2384/2/6
f 2373/8/6 2374/8/6 2384/8/6
f 2374/10/6 2375/10/6 2385/10/6
f 2384/8/6 2374/8/6 2385/8/6
f 2385/10/6 2375/10/6 2386/10/6
f 2379/10/6 2380/10/6 2387/10/6
f 2377/10/6 2378/10/6 2387/10/6
f 2378/10/6 2379/10/6 2387/10/6
f 2380/10/6 2381/10/6 2387/10/6
f 2376/10/6 2377/10/6 2387/10/6
f 2387/10/6 2381/10/6 2388/10/6
f 2388/10/6 2381/10/6 2389/10/6
f 2381/10/6 2315/10/6 2390/10/6
f 2389/10/6 2381/10/6 2390/10/6
f 2382/10/6 2383/10/6 2391/10/6
f 2391/10/6 2383/10/6 2392/10/6
f 2383/10/6 2372/10/6 2393/10/6
f 2392/10/6 2383/10/6 2393/10/6
f 2372/2/6 2384/2/6 2394/2/6
f 2393/10/6 2372/10/6 2394/10/6
f 2384/10/6 2385/10/6 2395/10/6
f 2394/2/6 2384/2/6 2395/2/6
f 2385/2/6 2386/2/6 2396/2/6
f 2395/10/6 2385/10/6 2396/10/6
f 2396/2/6 2386/2/6 2397/2/6
f 2376/10/6 2387/10/6 2398/10/6
f 2387/4/6 2388/4/6 2399/4/6
f 2398/10/6 2387/10/6 2399/10/6
f 2388/10/6 2389/10/6 2400/10/6
f 2399/4/6 2388/4/6 2400/4/6
f 2400/10/6 2389/10/6 2401/10/6
f 2389/8/6 2390/8/6 2402/8/6
f 2401/10/6 2389/10/6 2402/10/6
f 2390/10/6 2315/10/6 2403/10/6
f 2402/8/6 2390/8/6 2403/8/6
f 2391/4/6 2392/4/6 2404/4/6
f 2392/8/6 2393/8/6 2405/8/6
f 2404/4/6 2392/4/6 2405/4/6
f 2394/10/6 2395/10/6 2406/10/6
f 2405/8/6 2393/8/6 2406/8/6
f 2393/10/6 2394/10/6 2406/10/6
f 2395/4/6 2396/4/6 2407/4/6
f 2406/10/6 2395/10/6 2407/10/6
f 2396/10/6 2397/10/6 2408/10/6
f 2407/4/6 2396/4/6 2408/4/6
f 2398/8/6 2399/8/6 2409/8/6
f 2399/10/6 2400/10/6 2410/10/6
f 2409/8/6 2399/8/6 2410/8/6
f 2400/4/6 2401/4/6 2411/4/6
f 2410/10/6 2400/10/6 2411/10/6
f 2402/10/6 2403/10/6 2412/10/6
f 2411/4/6 2401/4/6 2412/4/6
f 2401/10/6 2402/10/6 2412/10/6
f 2412/10/6 2403/10/6 2413/10/6
f 2403/10/6 2315/10/6 2414/10/6
f 2413/10/6 2403/10/6 2414/10/6
f 2414/10/6 2315/10/6 2415/10/6
f 2404/6/6 2405/6/6 2416/6/6
f 2405/10/6 2406/10/6 2417/10/6
f 2416/6/6 2405/6/6 2417/6/6
f 2414/6/6 2415/6/6 2418/6/6
f 2413/10/6 2414/10/6 2418/10/6
f 2418/6/6 2415/6/6 2419/6/6
f 2416/10/6 2417/10/6 2420/10/6
f 2417/10/6 2406/10/6 2421/10/6
f 2420/10/6 2417/10/6 2421/10/6
f 2421/10/6 2406/10/6 2422/10/6
f 2407/10/6 2408/10/6 2424/10/6
f 2408/10/6 2397/10/6 2425/10/6
f 2424/10/6 2408/10/6 2425/10/6
f 2425/10/6 2397/10/6 2426/10/6
f 2410/10/6 2411/10/6 2427/10/6
f 2409/10/6 2410/10/6 2427/10/6
f 2427/10/6 2411/10/6 2428/10/6
f 2428/10/6 2411/10/6 2429/10/6
f 2413/10/6 2418/10/6 2430/10/6
f 2418/10/6 2419/10/6 2430/10/6
f 2430/10/6 2419/10/6 2431/10/6
f 2431/10/6 2419/10/6 2432/10/6
f 2421/10/6 2422/10/6 2433/10/6
f 2422/4/6 2423/4/6 2434/4/6
f 2433/10/6 2422/10/6 2434/10/6
f 2423/10/6 2424/10/6 2435/10/6
f 2434/4/6 2423/4/6 2435/4/6
f 2424/10/6 2425/10/6 2435/10/6
f 2435/10/6 2425/10/6 2436/10/6
f 2436/10/6 2425/10/6 2437/10/6
f 2428/10/6 2429/10/6 2438/10/6
f 2429/10/6 2430/10/6 2438/10/6
f 2438/10/6 2430/10/6 2439/10/6
f 2439/10/6 2430/10/6 2440/10/6
f 2430/6/6 2431/6/6 2441/6/6
f 2440/10/6 2430/10/6 2441/10/6
f 2441/6/6 2431/6/6 2442/6/6
f 2434/10/6 2435/10/6 2443/10/6
f 2435/6/6 2436/6/6 2444/6/6
f 2443/10/6 2435/10/6 2444/10/6
f 2444/6/6 2436/6/6 2445/6/6
f 2439/6/6 2440/6/6 2446/6/6
f 2440/10/6 2441/10/6 2447/10/6
f 2446/6/6 2440/6/6 2447/6/6
f 2447/10/6 2441/10/6 2448/10/6
f 2449/7/6 2450/7/6 2457/7/6
f 2457/7/6 2450/7/6 2458/7/6
f 2450/11/6 2451/11/6 2459/11/6
f 2458/7/6 2450/7/6 2459/7/6
f 2459/11/6 2451/11/6 2460/11/6
f 2460/11/6 2451/11/6 2461/11/6
f 2451/7/6 2452/7/6 2462/7/6
f 2461/11/6 2451/11/6 2462/11/6
f 2462/7/6 2452/7/6 2463/7/6
f 2463/7/6 2452/7/6 2464/7/6
f 2453/7/6 2454/7/6 2465/7/6
f 2465/7/6 2454/7/6 2466/7/6
f 2454/11/6 2455/11/6 2467/11/6
f 2466/7/6 2454/7/6 2467/7/6
f 2467/11/6 2455/11/6 2468/11/6
f 2468/11/6 2455/11/6 2469/11/6
f 2455/7/6 2456/7/6 2470/7/6
f 2469/11/6 2455/11/6 2470/11/6
f 2470/7/6 2456/7/6 2471/7/6
f 2471/7/6 2456/7/6 2472/7/6
f 2457/11/6 2458/11/6 2473/11/6
f 2458/7/6 2459/7/6 2474/7/6
f 2473/11/6 2458/11/6 2474/11/6
f 2459/7/6 2460/7/6 2474/7/6
f 2474/7/6 2460/7/6 2475/7/6
f 2460/11/6 2461/11/6 2476/11/6
f 2475/7/6 2460/7/6 2476/7/6
f 2461/7/6 2462/7/6 2477/7/6
f 2476/11/6 2461/11/6 2477/11/6
f 2462/7/6 2463/7/6 2477/7/6
f 2477/7/6 2463/7/6 2478/7/6
f 2463/11/6 2464/11/6 2479/11/6
f 2478/7/6 2463/7/6 2479/7/6
f 2479/11/6 2464/11/6 2480/11/6
f 2465/11/6 2466/11/6 2481/11/6
f 2466/7/6 2467/7/6 2482/7/6
f 2481/11/6 2466/11/6 2482/11/6
f 2467/7/6 2468/7/6 2482/7/6
f 2482/7/6 2468/7/6 2483/7/6
f 2468/11/6 2469/11/6 2484/11/6
f 2483/7/6 2468/7/6 2484/7/6
f 2469/7/6 2470/7/6 2485/7/6
f 2484/11/6 2469/11/6 2485/11/6
f 2470/7/6 2471/7/6 2485/7/6
f 2485/7/6 2471/7/6 2486/7/6
f 2471/11/6 2472/11/6 2487/11/6
f 2486/7/6 2471/7/6 2487/7/6
f 2487/11/6 2472/11/6 2488/11/6
f 2474/11/6 2475/11/6 2489/11/6
f 2477/7/6 2478/7/6 2489/7/6
f 2475/7/6 2476/7/6 2489/7/6
f 2476/7/6 2477/7/6 2489/7/6
f 2489/7/6 2478/7/6 2490/7/6
f 2490/7/6 2478/7/6 2491/7/6
f 2478/11/6 2479/11/6 2492/11/6
f 2491/7/6 2478/7/6 2492/7/6
f 2482/11/6 2483/11/6 2493/11/6
f 2484/7/6 2485/7/6 2493/7/6
f 2485/7/6 2486/7/6 2493/7/6
f 2483/7/6 2484/7/6 2493/7/6
f 2493/7/6 2486/7/6 2494/7/6
f 2494/7/6 2486/7/6 2495/7/6
f 2486/11/6 2487/11/6 2496/11/6
f 2495/7/6 2486/7/6 2496/7/6
f 2489/11/6 2490/11/6 2497/11/6
f 2474/11/6 2489/11/6 2497/11/6
f 2490/7/6 2491/7/6 2498/7/6
f 2497/11/6 2490/11/6 2498/11/6
f 2491/11/6 2492/11/6 2499/11/6
f 2498/7/6 2491/7/6 2499/7/6
f 2492/11/6 2479/11/6 2500/11/6
f 2499/11/6 2492/11/6 2500/11/6
f 2482/11/6 2493/11/6 2501/11/6
f 2493/11/6 2494/11/6 2501/11/6
f 2494/7/6 2495/7/6 2502/7/6
f 2501/11/6 2494/11/6 2502/11/6
f 2495/11/6 2496/11/6 2503/11/6
f 2502/7/6 2495/7/6 2503/7/6
f 2496/11/6 2487/11/6 2504/11/6
f 2503/11/6 2496/11/6 2504/11/6
f 2498/7/6 2499/7/6 2505/7/6
f 2505/7/6 2499/7/6 2506/7/6
f 2502/7/6 2503/7/6 2507/7/6
f 2507/7/6 2503/7/6 2508/7/6
f 2509/11/6 2510/11/6 2511/11/6
f 2511/11/6 2510/11/6 2512/11/6
f 2513/12/6 2514/12/6 2519/12/6
f 2514/9/6 2515/9/6 2520/9/6
f 2519/12/6 2514/12/6 2520/12/6
f 2520/9/6 2515/9/6 2521/9/6
f 2516/9/6 2517/9/6 2522/9/6
f 2517/12/6 2518/12/6 2523/12/6
f 2522/9/6 2517/9/6 2523/9/6
f 2523/12/6 2518/12/6 2524/12/6
f 2525/12/6 2526/12/6 2530/12/6
f 2530/12/6 2526/12/6 2531/12/6
f 2527/12/6 2528/12/6 2532/12/6
f 2532/12/6 2528/12/6 2533/12/6
f 2529/9/6 2530/9/6 2535/9/6
f 2535/9/6 2530/9/6 2536/9/6
f 2533/9/6 2534/9/6 2539/9/6
f 2539/9/6 2534/9/6 2540/9/6
f 2536/12/6 2537/12/6 2541/12/6
f 2541/12/6 2537/12/6 2542/12/6
f 2538/12/6 2539/12/6 2543/12/6
f 2543/12/6 2539/12/6 2544/12/6
f 2545/12/6 2546/12/6 2549/12/6
f 2549/12/6 2546/12/6 2550/12/6
f 2547/12/6 2548/12/6 2551/12/6
f 2551/12/6 2548/12/6 2552/12/6
f 2553/12/6 2554/12/6 2557/12/6
f 2557/12/6 2554/12/6 2558/12/6
f 2555/12/6 2556/12/6 2559/12/6
f 2559/12/6 2556/12/6 2560/12/6
f 2561/12/6 2562/12/6 2565/12/6
f 2565/12/6 2562/12/6 2566/12/6
f 2563/12/6 2564/12/6 2567/12/6
f 2567/12/6 2564/12/6 2568/12/6
f 2569/12/6 2570/12/6 2574/12/6
f 2571/12/6 2572/12/6 2575/12/6
f 2573/12/6 2574/12/6 2577/12/6
f 2574/12/6 2570/12/6 2578/12/6
f 2577/12/6 2574/12/6 2578/12/6
f 2575/12/6 2576/12/6 2579/12/6
f 2571/12/6 2575/12/6 2579/12/6
f 2579/12/6 2576/12/6 2580/12/6
f 2578/12/6 2570/12/6 2581/12/6
f 2581/12/6 2570/12/6 2582/12/6
f 2571/12/6 2579/12/6 2583/12/6
f 2583/12/6 2579/12/6 2584/12/6
f 2585/12/6 2586/12/6 2589/12/6
f 2589/12/6 2586/12/6 2590/12/6
f 2587/12/6 2588/12/6 2591/12/6
f 2591/12/6 2588/12/6 2592/12/6
f 2593/6/6 2594/6/6 2597/6/6
f 2597/6/6 2594/6/6 2598/6/6
f 2595/8/6 2596/8/6 2603/8/6
f 2603/8/6 2596/8/6 2604/8/6
f 2599/12/6 2600/12/6 2605/12/6
f 2605/12/6 2600/12/6 2606/12/6
f 2601/12/6 2602/12/6 2607/12/6
f 2607/12/6 2602/12/6 2608/12/6
f 2609/11/6 2610/11/6 2613/11/6
f 2613/11/6 2610/11/6 2614/11/6
f 2611/10/6 2612/10/6 2617/10/6
f 2617/10/6 2612/10/6 2618/10/6
f 2615/10/6 2616/10/6 2619/10/6
f 2619/10/6 2616/10/6 2620/10/6
f 2621/6/6 2622/6/6 2625/6/6
f 2625/6/6 2622/6/6 2626/6/6
f 2623/10/6 2624/10/6 2629/10/6
f 2629/10/6 2624/10/6 2630/10/6
f 2626/10/6 2627/10/6 2631/10/6
f 2631/10/6 2627/10/6 2632/10/6
f 2628/10/6 2629/10/6 2637/10/6
f 2637/10/6 2629/10/6 2638/10/6
f 2633/12/6 2634/12/6 2639/12/6
f 2639/12/6 2634/12/6 2640/12/6
f 2635/12/6 2636/12/6 2641/12/6
f 2641/12/6 2636/12/6 2642/12/6
f 2643/10/6 2644/10/6 2648/10/6
f 2648/10/6 2644/10/6 2649/10/6
f 2645/10/6 2646/10/6 2650/10/6
f 2650/10/6 2646/10/6 2651/10/6
f 2647/10/6 2648/10/6 2653/10/6
f 2653/10/6 2648/10/6 2654/10/6
f 2651/10/6 2652/10/6 2655/10/6
f 2655/10/6 2652/10/6 2656/10/6
f 2657/6/6 2658/6/6 2661/6/6
f 2661/6/6 2658/6/6 2662/6/6
f 2659/10/6 2660/10/6 2665/10/6
f 2665/10/6 2660/10/6 2666/10/6
f 2662/10/6 2663/10/6 2667/10/6
f 2667/10/6 2663/10/6 2668/10/6
f 2664/10/6 2665/10/6 2671/10/6
f 2671/10/6 2665/10/6 2672/10/6
f 2668/4/6 2669/4/6 2673/4/6
f 2673/4/6 2669/4/6 2674/4/6
f 2670/10/6 2671/10/6 2680/10/6
f 2680/10/6 2671/10/6 2681/10/6
f 2678/12/6 2679/12/6 2682/12/6
f 2675/12/6 2676/12/6 2682/12/6
f 2677/12/6 2678/12/6 2682/12/6
f 2676/12/6 2677/12/6 2682/12/6
f 2682/12/6 2679/12/6 2683/12/6
f 2684/10/6 2685/10/6 2689/10/6
f 2689/10/6 2685/10/6 2690/10/6
f 2690/10/6 2685/10/6 2691/10/6
f 2691/10/6 2685/10/6 2692/10/6
f 2692/10/6 2685/10/6 2693/10/6
f 2693/10/6 2685/10/6 2694/10/6
f 2685/8/6 2686/8/6 2695/8/6
f 2694/10/6 2685/10/6 2695/10/6
f 2686/10/6 2687/10/6 2696/10/6
f 2695/8/6 2686/8/6 2696/8/6
f 2696/10/6 2687/10/6 2697/10/6
f 2688/10/6 2689/10/6 2700/10/6
f 2689/10/6 2690/10/6 2700/10/6
f 2700/10/6 2690/10/6 2701/10/6
f 2690/8/6 2691/8/6 2702/8/6
f 2701/10/6 2690/10/6 2702/10/6
f 2691/10/6 2692/10/6 2703/10/6
f 2702/8/6 2691/8/6 2703/8/6
f 2692/6/6 2693/6/6 2704/6/6
f 2703/10/6 2692/10/6 2704/10/6
f 2693/10/6 2694/10/6 2705/10/6
f 2704/6/6 2693/6/6 2705/6/6
f 2694/4/6 2695/4/6 2706/4/6
f 2705/10/6 2694/10/6 2706/10/6
f 2695/10/6 2696/10/6 2707/10/6
f 2706/4/6 2695/4/6 2707/4/6
f 2696/6/6 2697/6/6 2708/6/6
f 2707/10/6 2696/10/6 2708/10/6
f 2697/10/6 2698/10/6 2709/10/6
f 2708/6/6 2697/6/6 2709/6/6
f 2709/10/6 2698/10/6 2710/10/6
f 2700/10/6 2701/10/6 2712/10/6
f 2699/10/6 2700/10/6 2712/10/6
f 2701/6/6 2702/6/6 2713/6/6
f 2712/10/6 2701/10/6 2713/10/6
f 2702/6/6 2703/6/6 2713/6/6
f 2703/4/6 2704/4/6 2714/4/6
f 2713/6/6 2703/6/6 2714/6/6
f 2704/10/6 2705/10/6 2715/10/6
f 2714/4/6 2704/4/6 2715/4/6
f 2705/8/6 2706/8/6 2716/8/6
f 2715/10/6 2705/10/6 2716/10/6
f 2707/10/6 2708/10/6 2717/10/6
f 2716/8/6 2706/8/6 2717/8/6
f 2706/10/6 2707/10/6 2717/10/6
f 2709/10/6 2710/10/6 2717/10/6
f 2710/10/6 2711/10/6 2717/10/6
f 2708/10/6 2709/10/6 2717/10/6
f 2717/10/6 2711/10/6 2718/10/6
f 2718/10/6 2711/10/6 2719/10/6
f 2719/10/6 2711/10/6 2720/10/6
f 2720/10/6 2711/10/6 2721/10/6
f 2713/10/6 2714/10/6 2722/10/6
f 2714/10/6 2715/10/6 2722/10/6
f 2715/2/6 2716/2/6 2723/2/6
f 2722/10/6 2715/10/6 2723/10/6
f 2716/10/6 2717/10/6 2724/10/6
f 2723/2/6 2716/2/6 2724/2/6
f 2717/6/6 2718/6/6 2725/6/6
f 2724/10/6 2717/10/6 2725/10/6
f 2718/10/6 2719/10/6 2726/10/6
f 2725/6/6 2718/6/6 2726/6/6
f 2719/8/6 2720/8/6 2727/8/6
f 2726/10/6 2719/10/6 2727/10/6
f 2720/6/6 2721/6/6 2728/6/6
f 2727/8/6 2720/8/6 2728/8/6
f 2721/10/6 2711/10/6 2729/10/6
f 2728/6/6 2721/6/6 2729/6/6
f 2712/8/6 2713/8/6 2730/8/6
f 2699/10/6 2712/10/6 2730/10/6
f 2713/10/6 2722/10/6 2731/10/6
f 2730/8/6 2713/8/6 2731/8/6
f 2731/10/6 2722/10/6 2732/10/6
f 2723/10/6 2724/10/6 2733/10/6
f 2724/10/6 2725/10/6 2733/10/6
f 2725/10/6 2726/10/6 2733/10/6
f 2733/10/6 2726/10/6 2734/10/6
f 2726/8/6 2727/8/6 2735/8/6
f 2734/10/6 2726/10/6 2735/10/6
f 2727/10/6 2728/10/6 2736/10/6
f 2735/8/6 2727/8/6 2736/8/6
f 2728/4/6 2729/4/6 2737/4/6
f 2736/10/6 2728/10/6 2737/10/6
f 2729/10/6 2711/10/6 2738/10/6
f 2737/4/6 2729/4/6 2738/4/6
f 2738/10/6 2711/10/6 2739/10/6
f 2699/10/6 2730/10/6 2740/10/6
f 2731/6/6 2732/6/6 2741/6/6
f 2740/10/6 2730/10/6 2741/10/6
f 2730/6/6 2731/6/6 2741/6/6
f 2741/6/6 2732/6/6 2742/6/6
f 2722/8/6 2723/8/6 2743/8/6
f 2732/10/6 2722/10/6 2743/10/6
f 2723/10/6 2733/10/6 2744/10/6
f 2743/8/6 2723/8/6 2744/8/6
f 2733/6/6 2734/6/6 2745/6/6
f 2744/10/6 2733/10/6 2745/10/6
f 2734/10/6 2735/10/6 2746/10/6
f 2745/6/6 2734/6/6 2746/6/6
f 2735/10/6 2736/10/6 2746/10/6
f 2746/10/6 2736/10/6 2747/10/6
f 2736/6/6 2737/6/6 2748/6/6
f 2747/10/6 2736/10/6 2748/10/6
f 2737/10/6 2738/10/6 2749/10/6
f 2748/6/6 2737/6/6 2749/6/6
f 2738/8/6 2739/8/6 2750/8/6
f 2749/10/6 2738/10/6 2750/10/6
f 2750/8/6 2739/8/6 2751/8/6
f 2740/8/6 2741/8/6 2752/8/6
f 2741/4/6 2742/4/6 2753/4/6
f 2752/8/6 2741/8/6 2753/8/6
f 2742/6/6 2732/6/6 2754/6/6
f 2753/4/6 2742/4/6 2754/4/6
f 2743/10/6 2744/10/6 2755/10/6
f 2754/6/6 2732/6/6 2755/6/6
f 2732/10/6 2743/10/6 2755/10/6
f 2755/10/6 2744/10/6 2756/10/6
f 2744/6/6 2745/6/6 2757/6/6
f 2756/10/6 2744/10/6 2757/10/6
f 2746/10/6 2747/10/6 2758/10/6
f 2757/6/6 2745/6/6 2758/6/6
f 2745/10/6 2746/10/6 2758/10/6
f 2758/10/6 2747/10/6 2759/10/6
f 2747/2/6 2748/2/6 2760/2/6
f 2759/10/6 2747/10/6 2760/10/6
f 2748/10/6 2749/10/6 2761/10/6
f 2760/2/6 2748/2/6 2761/2/6
f 2749/10/6 2750/10/6 2761/10/6
f 2761/10/6 2750/10/6 2762/10/6
f 2750/2/6 2751/2/6 2763/2/6
f 2762/10/6 2750/10/6 2763/10/6
f 2763/2/6 2751/2/6 2764/2/6
f 2753/8/6 2754/8/6 2765/8/6
f 2752/10/6 2753/10/6 2765/10/6
f 2754/10/6 2755/10/6 2766/10/6
f 2765/8/6 2754/8/6 2766/8/6
f 2755/2/6 2756/2/6 2767/2/6
f 2766/10/6 2755/10/6 2767/10/6
f 2756/10/6 2757/10/6 2768/10/6
f 2767/2/6 2756/2/6 2768/2/6
f 2757/4/6 2758/4/6 2769/4/6
f 2768/10/6 2757/10/6 2769/10/6
f 2758/10/6 2759/10/6 2770/10/6
f 2769/4/6 2758/4/6 2770/4/6
f 2759/8/6 2760/8/6 2771/8/6
f 2770/10/6 2759/10/6 2771/10/6
f 2760/10/6 2761/10/6 2772/10/6
f 2771/8/6 2760/8/6 2772/8/6
f 2761/8/6 2762/8/6 2773/8/6
f 2772/10/6 2761/10/6 2773/10/6
f 2763/10/6 2764/10/6 2774/10/6
f 2773/8/6 2762/8/6 2774/8/6
f 2762/10/6 2763/10/6 2774/10/6
f 2774/10/6 2764/10/6 2775/10/6
f 2765/2/6 2766/2/6 2776/2/6
f 2766/2/6 2767/2/6 2776/2/6
f 2768/10/6 2769/10/6 2777/10/6
f 2776/2/6 2767/2/6 2777/2/6
f 2767/10/6 2768/10/6 2777/10/6
f 2777/10/6 2769/10/6 2778/10/6
f 2769/8/6 2770/8/6 2779/8/6
f 2778/10/6 2769/10/6 2779/10/6
f 2772/10/6 2773/10/6 2780/10/6
f 2779/8/6 2770/8/6 2780/8/6
f 2771/10/6 2772/10/6 2780/10/6
f 2770/10/6 2771/10/6 2780/10/6
f 2780/10/6 2773/10/6 2781/10/6
f 2781/10/6 2773/10/6 2782/10/6
f 2773/6/6 2774/6/6 2783/6/6
f 2782/10/6 2773/10/6 2783/10/6
f 2774/2/6 2775/2/6 2784/2/6
f 2783/6/6 2774/6/6 2784/6/6
f 2775/10/6 2764/10/6 2785/10/6
f 2784/2/6 2775/2/6 2785/2/6
f 2765/2/6 2776/2/6 2786/2/6
f 2752/10/6 2765/10/6 2786/10/6
f 2776/6/6 2777/6/6 2787/6/6
f 2786/2/6 2776/2/6 2787/2/6
f 2777/10/6 2778/10/6 2788/10/6
f 2787/6/6 2777/6/6 2788/6/6
f 2778/8/6 2779/8/6 2789/8/6
f 2788/10/6 2778/10/6 2789/10/6
f 2779/6/6 2780/6/6 2790/6/6
f 2789/8/6 2779/8/6 2790/8/6
f 2780/10/6 2781/10/6 2791/10/6
f 2790/6/6 2780/6/6 2791/6/6
f 2781/4/6 2782/4/6 2792/4/6
f 2791/10/6 2781/10/6 2792/10/6
f 2783/10/6 2784/10/6 2793/10/6
f 2792/4/6 2782/4/6 2793/4/6
f 2782/10/6 2783/10/6 2793/10/6
f 2793/10/6 2784/10/6 2794/10/6
f 2784/8/6 2785/8/6 2795/8/6
f 2794/10/6 2784/10/6 2795/10/6
f 2785/10/6 2764/10/6 2796/10/6
f 2795/8/6 2785/8/6 2796/8/6
f 2789/10/6 2790/10/6 2797/10/6
f 2787/10/6 2788/10/6 2797/10/6
f 2788/10/6 2789/10/6 2797/10/6
f 2790/2/6 2791/2/6 2798/2/6
f 2797/10/6 2790/10/6 2798/10/6
f 2791/10/6 2792/10/6 2799/10/6
f 2798/2/6 2791/2/6 2799/2/6
f 2792/10/6 2793/10/6 2799/10/6
f 2793/6/6 2794/6/6 2800/6/6
f 2799/10/6 2793/10/6 2800/10/6
f 2794/8/6 2795/8/6 2801/8/6
f 2800/6/6 2794/6/6 2801/6/6
f 2795/10/6 2796/10/6 2802/10/6
f 2801/8/6 2795/8/6 2802/8/6
f 2796/10/6 2764/10/6 2803/10/6
f 2802/10/6 2796/10/6 2803/10/6
f 2752/10/6 2786/10/6 2804/10/6
f 2786/8/6 2787/8/6 2805/8/6
f 2804/10/6 2786/10/6 2805/10/6
f 2787/10/6 2797/10/6 2806/10/6
f 2805/8/6 2787/8/6 2806/8/6
f 2806/10/6 2797/10/6 2807/10/6
f 2797/8/6 2798/8/6 2808/8/6
f 2807/10/6 2797/10/6 2808/10/6
f 2801/10/6 2802/10/6 2809/10/6
f 2808/8/6 2798/8/6 2809/8/6
f 2800/10/6 2801/10/6 2809/10/6
f 2799/10/6 2800/10/6 2809/10/6
f 2798/10/6 2799/10/6 2809/10/6
f 2809/10/6 2802/10/6 2810/10/6
f 2810/10/6 2802/10/6 2811/10/6
f 2811/10/6 2802/10/6 2812/10/6
f 2812/10/6 2802/10/6 2813/10/6
f 2802/6/6 2803/6/6 2814/6/6
f 2813/10/6 2802/10/6 2814/10/6
f 2803/10/6 2764/10/6 2815/10/6
f 2814/6/6 2803/6/6 2815/6/6
f 2815/10/6 2764/10/6 2816/10/6
f 2804/6/6 2805/6/6 2817/6/6
f 2806/10/6 2807/10/6 2818/10/6
f 2817/6/6 2805/6/6 2818/6/6
f 2805/10/6 2806/10/6 2818/10/6
f 2818/10/6 2807/10/6 2819/10/6
f 2807/2/6 2808/2/6 2820/2/6
f 2819/10/6 2807/10/6 2820/10/6
f 2808/10/6 2809/10/6 2821/10/6
f 2820/2/6 2808/2/6 2821/2/6
f 2809/2/6 2810/2/6 2822/2/6
f 2821/10/6 2809/10/6 2822/10/6
f 2810/10/6 2811/10/6 2823/10/6
f 2822/2/6 2810/2/6 2823/2/6
f 2811/8/6 2812/8/6 2824/8/6
f 2823/10/6 2811/10/6 2824/10/6
f 2812/2/6 2813/2/6 2825/2/6
f 2824/8/6 2812/8/6 2825/8/6
f 2813/10/6 2814/10/6 2826/10/6
f 2825/2/6 2813/2/6 2826/2/6
f 2814/10/6 2815/10/6 2826/10/6
f 2826/10/6 2815/10/6 2827/10/6
f 2815/2/6 2816/2/6 2828/2/6
f 2827/10/6 2815/10/6 2828/10/6
f 2828/2/6 2816/2/6 2829/2/6
f 2818/10/6 2819/10/6 2830/10/6
f 2817/10/6 2818/10/6 2830/10/6
f 2830/10/6 2819/10/6 2831/10/6
f 2819/8/6 2820/8/6 2832/8/6
f 2831/10/6 2819/10/6 2832/10/6
f 2820/10/6 2821/10/6 2833/10/6
f 2832/8/6 2820/8/6 2833/8/6
f 2821/6/6 2822/6/6 2834/6/6
f 2833/10/6 2821/10/6 2834/10/6
f 2822/10/6 2823/10/6 2835/10/6
f 2834/6/6 2822/6/6 2835/6/6
f 2823/2/6 2824/2/6 2836/2/6
f 2835/10/6 2823/10/6 2836/10/6
f 2824/10/6 2825/10/6 2837/10/6
f 2836/2/6 2824/2/6 2837/2/6
f 2825/8/6 2826/8/6 2838/8/6
f 2837/10/6 2825/10/6 2838/10/6
f 2826/6/6 2827/6/6 2839/6/6
f 2838/8/6 2826/8/6 2839/8/6
f 2828/10/6 2829/10/6 2840/10/6
f 2839/6/6 2827/6/6 2840/6/6
f 2827/10/6 2828/10/6 2840/10/6
f 2840/10/6 2829/10/6 2841/10/6
f 2841/10/6 2829/10/6 2842/10/6
f 2831/10/6 2832/10/6 2843/10/6
f 2832/2/6 2833/2/6 2844/2/6
f 2843/10/6 2832/10/6 2844/10/6
f 2834/10/6 2835/10/6 2845/10/6
f 2844/2/6 2833/2/6 2845/2/6
f 2833/10/6 2834/10/6 2845/10/6
f 2845/10/6 2835/10/6 2846/10/6
f 2837/4/6 2838/4/6 2847/4/6
f 2836/10/6 2837/10/6 2847/10/6
f 2839/10/6 2840/10/6 2848/10/6
f 2847/4/6 2838/4/6 2848/4/6
f 2838/10/6 2839/10/6 2848/10/6
f 2848/10/6 2840/10/6 2849/10/6
f 2840/4/6 2841/4/6 2850/4/6
f 2849/10/6 2840/10/6 2850/10/6
f 2850/4/6 2841/4/6 2851/4/6
f 2844/2/6 2845/2/6 2852/2/6
f 2845/4/6 2846/4/6 2853/4/6
f 2852/2/6 2845/2/6 2853/2/6
f 2846/10/6 2835/10/6 2854/10/6
f 2853/4/6 2846/4/6 2854/4/6
f 2835/8/6 2836/8/6 2855/8/6
f 2854/10/6 2835/10/6 2855/10/6
f 2836/10/6 2847/10/6 2856/10/6
f 2855/8/6 2836/8/6 2856/8/6
f 2847/6/6 2848/6/6 2857/6/6
f 2856/10/6 2847/10/6 2857/10/6
f 2848/8/6 2849/8/6 2858/8/6
f 2857/6/6 2848/6/6 2858/6/6
f 2849/10/6 2850/10/6 2859/10/6
f 2858/8/6 2849/8/6 2859/8/6
f 2859/10/6 2850/10/6 2860/10/6
f 2853/10/6 2854/10/6 2861/10/6
f 2854/10/6 2855/10/6 2861/10/6
f 2855/6/6 2856/6/6 2862/6/6
f 2861/10/6 2855/10/6 2862/10/6
f 2856/10/6 2857/10/6 2863/10/6
f 2862/6/6 2856/6/6 2863/6/6
f 2857/2/6 2858/2/6 2864/2/6
f 2863/10/6 2857/10/6 2864/10/6
f 2858/10/6 2859/10/6 2865/10/6
f 2864/2/6 2858/2/6 2865/2/6
f 2865/10/6 2859/10/6 2866/10/6
