# Blender 3.5.0
# www.blender.org
mtllib Metriod Megaman.mtl
o Metriod_Megaman
v 0.000000 1.259287 0.337045
v 0.110821 1.259489 0.309407
v 0.000000 1.384992 0.295877
v 0.152276 1.426510 0.228528
v 0.281530 1.325785 0.180221
v 0.274093 1.427520 0.159249
v 0.000000 1.434826 0.203227
v 0.164733 1.457909 0.168822
v 0.173952 1.509144 0.098689
v 0.271551 1.456264 0.122700
v 0.267565 1.485171 0.088006
v 0.000000 1.131526 0.296698
v 0.283649 1.279191 0.190596
v 0.139591 1.216812 0.276723
v 0.074668 1.134222 0.278906
v 0.120094 1.256122 0.289844
v 0.214727 1.193934 0.226515
v 0.267744 1.317549 0.184292
v 0.272176 1.282335 0.187102
v 0.141205 1.226692 0.266320
v 0.317430 1.241610 0.099266
v 0.270180 1.157025 0.128886
v 0.320372 1.225420 0.031678
v 0.280083 1.143840 0.050736
v 0.308830 1.220817 -0.109157
v 0.252826 1.138292 -0.101886
v 0.262468 1.287628 -0.260776
v 0.180930 1.145164 -0.190288
v 0.105321 1.268206 -0.306349
v 0.076209 1.157615 -0.242876
v -0.000000 1.263247 -0.325409
v -0.000000 1.160306 -0.258259
v 0.241214 1.365986 -0.288483
v 0.107239 1.360445 -0.327587
v -0.000000 1.358146 -0.346596
v 0.197753 1.500118 -0.277808
v 0.085880 1.503930 -0.305459
v -0.000000 1.504710 -0.318958
v 0.175348 1.532320 -0.207290
v 0.072305 1.539094 -0.232536
v -0.000000 1.540507 -0.238969
v 0.171109 1.521846 0.010968
v 0.256453 1.498563 -0.011097
v 0.170512 1.525530 -0.109674
v 0.257889 1.500932 -0.108569
v 0.000000 1.102010 0.235887
v 0.073069 1.108512 0.226611
v 0.137071 1.178055 0.208222
v 0.136995 1.134799 -0.129703
v 0.072444 1.142499 -0.151749
v -0.000000 1.144987 -0.159444
v 0.226361 1.136518 0.050609
v 0.195746 1.133351 -0.056903
v 0.207447 1.152750 0.136333
v 0.241792 1.501824 -0.183534
v 0.246069 1.464578 -0.232419
v 0.260058 1.360321 -0.234512
v 0.305767 1.320631 0.092472
v 0.306645 1.300606 0.023811
v 0.295104 1.296003 -0.117024
v 0.266851 1.320969 -0.207449
v 0.290825 1.402130 0.088742
v 0.279521 1.415058 -0.006580
v 0.280589 1.416820 -0.079069
v 0.269329 1.418071 -0.158203
v 0.000000 1.428797 0.133426
v 0.117725 1.445293 0.108839
v 0.122247 1.476682 0.056110
v 0.125311 1.498470 -0.159946
v 0.051672 1.503311 -0.177988
v -0.000000 1.504321 -0.182585
v 0.122683 1.489374 -0.009851
v 0.122962 1.496732 -0.085249
v 0.000000 1.481247 0.120035
v 0.100935 1.494894 0.094002
v 0.131785 1.516250 0.046898
v 0.119129 1.549753 -0.138243
v 0.067160 1.547552 -0.162908
v 0.000000 1.546497 -0.167045
v 0.134833 1.535092 -0.012244
v 0.135423 1.547417 -0.082531
v 0.000000 1.514675 0.145924
v 0.120008 1.529799 0.115670
v 0.156687 1.553824 0.060846
v 0.141640 1.597809 -0.155874
v 0.079851 1.597004 -0.184909
v 0.000000 1.596183 -0.189795
v 0.160311 1.576017 -0.008185
v 0.161012 1.592322 -0.090470
v 0.059280 0.987229 0.221263
v 0.000000 0.986035 0.229126
v 0.123329 1.030094 0.197401
v 0.222930 1.093820 0.052739
v 0.189982 1.092328 0.155338
v 0.132770 1.063268 -0.122873
v 0.194094 1.082133 -0.047389
v 0.069425 1.028727 -0.128913
v 0.076134 0.969898 0.218952
v 0.000000 1.030752 -0.129379
v 0.112424 0.971519 0.202149
v 0.126978 1.025127 0.184906
v 0.118697 0.973223 0.187510
v 0.213048 1.079060 0.050419
v 0.180467 1.077708 0.146312
v 0.131090 1.050132 -0.116262
v 0.189763 1.068526 -0.044450
v 0.191902 1.021517 0.120855
v 0.212526 1.029784 0.039804
v 0.134582 1.012873 -0.119755
v 0.194074 1.033584 -0.043923
v 0.138332 0.998086 0.177943
v 0.103300 0.992985 -0.127163
v 0.131841 0.975506 0.184467
v 0.059594 0.986138 0.246116
v 0.000000 0.985918 0.247894
v 0.059749 0.958581 0.266948
v 0.000000 0.960328 0.268577
v 0.026622 0.890061 0.262976
v 0.000000 0.890383 0.264327
v 0.076228 0.969027 0.233169
v 0.078185 0.950217 0.250901
v 0.034377 0.878446 0.251408
v 0.000000 0.876625 0.251366
v 0.152405 0.971789 0.214054
v 0.168012 0.959722 0.225622
v 0.167895 1.002612 0.203814
v 0.189588 0.996769 0.211048
v 0.123099 0.954969 0.238262
v 0.114316 0.970408 0.223612
v 0.000000 1.026883 -0.148071
v 0.067357 1.026218 -0.149418
v 0.000000 1.011028 -0.178460
v 0.067608 1.005930 -0.179420
v 0.000000 0.956144 -0.194206
v 0.068381 0.958110 -0.192987
v 0.000000 0.911876 -0.195995
v 0.032660 0.910150 -0.195096
v 0.094169 0.976044 -0.159549
v 0.081572 0.953687 -0.182316
v 0.000000 0.894820 -0.180317
v 0.036590 0.896606 -0.181775
v 0.226768 1.024321 0.126752
v 0.127268 0.980360 -0.153942
v 0.250593 1.016727 0.127728
v 0.209666 0.921023 0.200259
v 0.269257 0.962369 0.123134
v 0.226710 0.937356 0.187413
v 0.154956 1.010054 -0.151636
v 0.230050 1.035409 -0.053559
v 0.175458 0.999909 -0.157399
v 0.246047 1.023021 -0.053888
v 0.202178 0.923011 -0.151948
v 0.268337 0.965360 -0.045334
v 0.237278 1.030404 0.043874
v 0.256245 1.020011 0.048846
v 0.276491 0.967437 0.057512
v 0.142594 0.964293 -0.172357
v 0.082598 0.832970 0.225846
v 0.144477 0.883674 0.214126
v 0.000000 0.747640 0.182178
v 0.049933 0.746112 0.181480
v 0.000000 0.829029 -0.169704
v 0.000000 0.745729 -0.114128
v 0.050470 0.745756 -0.112116
v 0.083842 0.833639 -0.165094
v 0.145935 0.896502 -0.160762
v 0.000000 0.720728 0.034449
v 0.044401 0.720295 0.036401
v 0.068981 0.885579 -0.147681
v 0.214091 0.906050 0.172622
v 0.264053 0.940715 0.107960
v 0.228381 0.919744 0.161852
v 0.207813 0.907716 -0.122674
v 0.263282 0.943223 -0.033287
v 0.270118 0.944964 0.052941
v 0.107556 0.832225 0.194075
v 0.159436 0.874736 0.184249
v 0.080168 0.759402 0.156878
v 0.080619 0.759104 -0.089278
v 0.108599 0.832786 -0.133695
v 0.160658 0.885491 -0.130063
v 0.075531 0.737757 0.035241
v 0.116619 0.863106 -0.057625
v 0.187859 0.873156 0.099624
v 0.212387 0.890175 0.067879
v 0.194874 0.879879 0.094337
v 0.184777 0.873974 -0.045348
v 0.212008 0.891406 -0.001465
v 0.215365 0.892261 0.040868
v 0.135556 0.836913 0.110156
v 0.161027 0.857783 0.105332
v 0.122111 0.801161 0.091894
v 0.122332 0.801015 -0.028953
v 0.136068 0.837188 -0.050759
v 0.161626 0.863063 -0.048976
v 0.119834 0.790534 0.032178
v -0.110821 1.259489 0.309407
v -0.152276 1.426510 0.228528
v -0.281530 1.325785 0.180221
v -0.274093 1.427520 0.159249
v -0.164733 1.457909 0.168822
v -0.173952 1.509144 0.098689
v -0.271551 1.456264 0.122700
v -0.267565 1.485171 0.088006
v -0.283649 1.279191 0.190596
v -0.139591 1.216812 0.276723
v -0.074668 1.134222 0.278906
v -0.120094 1.256122 0.289844
v -0.214727 1.193934 0.226515
v -0.267744 1.317549 0.184292
v -0.272176 1.282335 0.187102
v -0.141205 1.226692 0.266320
v -0.317430 1.241610 0.099266
v -0.270180 1.157025 0.128886
v -0.320372 1.225420 0.031678
v -0.280083 1.143840 0.050736
v -0.308830 1.220817 -0.109157
v -0.252826 1.138292 -0.101886
v -0.262468 1.287628 -0.260776
v -0.180930 1.145164 -0.190288
v -0.105321 1.268206 -0.306349
v -0.076209 1.157615 -0.242876
v -0.241214 1.365986 -0.288483
v -0.107239 1.360445 -0.327587
v -0.197753 1.500118 -0.277808
v -0.085880 1.503930 -0.305459
v -0.175348 1.532320 -0.207290
v -0.072305 1.539094 -0.232536
v -0.171109 1.521846 0.010968
v -0.256453 1.498563 -0.011097
v -0.170512 1.525530 -0.109674
v -0.257889 1.500932 -0.108569
v -0.073069 1.108512 0.226611
v -0.137071 1.178055 0.208222
v -0.136995 1.134799 -0.129703
v -0.072444 1.142499 -0.151749
v -0.226361 1.136518 0.050609
v -0.195746 1.133351 -0.056903
v -0.207447 1.152750 0.136333
v -0.241792 1.501824 -0.183534
v -0.246069 1.464578 -0.232419
v -0.260058 1.360321 -0.234512
v -0.305767 1.320631 0.092472
v -0.306645 1.300606 0.023811
v -0.295104 1.296003 -0.117024
v -0.266851 1.320969 -0.207449
v -0.290825 1.402130 0.088742
v -0.279521 1.415058 -0.006580
v -0.280589 1.416820 -0.079069
v -0.269329 1.418071 -0.158203
v -0.117725 1.445293 0.108839
v -0.122247 1.476682 0.056110
v -0.125311 1.498470 -0.159946
v -0.051672 1.503311 -0.177988
v -0.122683 1.489374 -0.009851
v -0.122962 1.496732 -0.085249
v -0.100935 1.494894 0.094002
v -0.131785 1.516250 0.046898
v -0.119129 1.549753 -0.138243
v -0.067160 1.547552 -0.162908
v -0.134833 1.535092 -0.012244
v -0.135423 1.547417 -0.082531
v -0.120008 1.529799 0.115670
v -0.156687 1.553824 0.060846
v -0.141640 1.597809 -0.155874
v -0.079851 1.597004 -0.184909
v -0.160311 1.576017 -0.008185
v -0.161012 1.592322 -0.090470
v -0.059280 0.987229 0.221263
v -0.123329 1.030094 0.197401
v -0.222930 1.093820 0.052739
v -0.189982 1.092328 0.155338
v -0.132770 1.063268 -0.122873
v -0.194094 1.082133 -0.047389
v -0.069425 1.028727 -0.128913
v -0.076134 0.969898 0.218952
v -0.112424 0.971519 0.202149
v -0.126978 1.025127 0.184906
v -0.118697 0.973223 0.187510
v -0.213048 1.079060 0.050419
v -0.180467 1.077708 0.146312
v -0.131090 1.050132 -0.116262
v -0.189763 1.068526 -0.044450
v -0.191902 1.021517 0.120855
v -0.212526 1.029784 0.039804
v -0.134582 1.012873 -0.119755
v -0.194074 1.033584 -0.043923
v -0.138332 0.998086 0.177943
v -0.103300 0.992985 -0.127163
v -0.131841 0.975506 0.184467
v -0.059594 0.986138 0.246116
v -0.059749 0.958581 0.266948
v -0.026622 0.890061 0.262976
v -0.076228 0.969027 0.233169
v -0.078185 0.950217 0.250901
v -0.034377 0.878446 0.251408
v -0.152405 0.971789 0.214054
v -0.168012 0.959722 0.225622
v -0.167895 1.002612 0.203814
v -0.189588 0.996769 0.211048
v -0.123099 0.954969 0.238262
v -0.114316 0.970408 0.223612
v -0.067357 1.026218 -0.149418
v -0.067608 1.005930 -0.179420
v -0.068381 0.958110 -0.192987
v -0.032660 0.910150 -0.195096
v -0.094169 0.976044 -0.159549
v -0.081572 0.953687 -0.182316
v -0.036590 0.896606 -0.181775
v -0.226768 1.024321 0.126752
v -0.127268 0.980360 -0.153942
v -0.250593 1.016727 0.127728
v -0.209666 0.921023 0.200259
v -0.269257 0.962369 0.123134
v -0.226710 0.937356 0.187413
v -0.154956 1.010054 -0.151636
v -0.230050 1.035409 -0.053559
v -0.175458 0.999909 -0.157399
v -0.246047 1.023021 -0.053888
v -0.202178 0.923011 -0.151948
v -0.268337 0.965360 -0.045334
v -0.237278 1.030404 0.043874
v -0.256245 1.020011 0.048846
v -0.276491 0.967437 0.057512
v -0.142594 0.964293 -0.172357
v -0.082598 0.832970 0.225846
v -0.144477 0.883674 0.214126
v -0.049933 0.746112 0.181480
v -0.050470 0.745756 -0.112116
v -0.083842 0.833639 -0.165094
v -0.145935 0.896502 -0.160762
v -0.044401 0.720295 0.036401
v -0.068981 0.885579 -0.147681
v -0.214091 0.906050 0.172622
v -0.264053 0.940715 0.107960
v -0.228381 0.919744 0.161852
v -0.207813 0.907716 -0.122674
v -0.263282 0.943223 -0.033287
v -0.270118 0.944964 0.052941
v -0.107556 0.832225 0.194075
v -0.159436 0.874736 0.184249
v -0.080168 0.759402 0.156878
v -0.080619 0.759104 -0.089278
v -0.108599 0.832786 -0.133695
v -0.160658 0.885491 -0.130063
v -0.075531 0.737757 0.035241
v -0.116619 0.863106 -0.057625
v -0.187859 0.873156 0.099624
v -0.212387 0.890175 0.067879
v -0.194874 0.879879 0.094337
v -0.184777 0.873974 -0.045348
v -0.212008 0.891406 -0.001465
v -0.215365 0.892261 0.040868
v -0.135556 0.836913 0.110156
v -0.161027 0.857783 0.105332
v -0.122111 0.801161 0.091894
v -0.122332 0.801015 -0.028953
v -0.136068 0.837188 -0.050759
v -0.161626 0.863063 -0.048976
v -0.119834 0.790534 0.032178
v 0.660757 0.868042 0.059302
v 0.748275 0.872135 0.016871
v 0.609925 1.023976 0.053528
v 0.702557 1.057312 0.008512
v 0.781946 0.866756 -0.068189
v 0.744310 1.054415 -0.100956
v 0.756263 0.843053 -0.164009
v 0.720359 1.025382 -0.214295
v 0.681008 0.818760 -0.199187
v 0.635334 0.983658 -0.263186
v 0.603670 0.807673 -0.175156
v 0.532885 0.942305 -0.233683
v 0.558109 0.815245 -0.100381
v 0.474893 0.933922 -0.148583
v 0.556793 0.826614 -0.027854
v 0.473868 0.948841 -0.060747
v 0.585510 0.850280 0.043553
v 0.512957 0.977209 0.028522
v 0.568662 1.093736 0.029443
v 0.631911 1.158756 -0.011331
v 0.666729 1.168121 -0.112103
v 0.654960 1.136789 -0.215932
v 0.586545 1.089606 -0.265189
v 0.492084 1.047609 -0.240658
v 0.442961 1.037476 -0.160130
v 0.440639 1.039702 -0.084355
v 0.480842 1.047200 0.004641
v 0.615378 1.179829 -0.102175
v 0.611959 1.156136 -0.194693
v 0.558118 1.118803 -0.230010
v 0.490208 1.082759 -0.220624
v 0.599267 1.169800 -0.019287
v 0.556743 1.102432 0.004869
v 0.453889 1.056703 -0.149447
v 0.454567 1.056366 -0.089195
v 0.485883 1.062398 -0.015800
v 0.597556 1.166148 -0.103598
v 0.593377 1.149536 -0.178528
v 0.550560 1.120713 -0.206416
v 0.495731 1.091863 -0.199221
v 0.585771 1.158246 -0.037055
v 0.519984 1.155674 0.007117
v 0.454198 1.105648 -0.145215
v 0.442667 1.103989 -0.085603
v 0.468199 1.117119 -0.016160
v 0.582943 1.192800 -0.098407
v 0.566742 1.186400 -0.168977
v 0.522913 1.157074 -0.205748
v 0.469600 1.123500 -0.197178
v 0.569478 1.183702 -0.029456
v 0.514372 1.177115 0.014973
v 0.437605 1.120800 -0.153798
v 0.423707 1.118021 -0.085600
v 0.451435 1.131374 -0.000311
v 0.582550 1.221533 -0.096632
v 0.558113 1.209984 -0.176056
v 0.515196 1.180046 -0.214231
v 0.459046 1.145985 -0.208086
v 0.564905 1.212371 -0.019323
v 0.483056 1.283470 0.026096
v 0.367428 1.253939 -0.155406
v 0.354295 1.230952 -0.081163
v 0.388928 1.245232 0.003923
v 0.556430 1.310353 -0.098988
v 0.544816 1.307652 -0.184973
v 0.481974 1.286473 -0.221086
v 0.415742 1.258903 -0.212307
v 0.538734 1.306060 -0.019913
v 0.675808 0.837753 0.038347
v 0.739123 0.831069 -0.002922
v 0.764194 0.825101 -0.067635
v 0.749519 0.811188 -0.142276
v 0.691550 0.801075 -0.179480
v 0.623448 0.798407 -0.166449
v 0.588138 0.802856 -0.096773
v 0.557472 0.821316 -0.018818
v 0.587994 0.835216 0.037575
v 0.420428 1.368063 0.047168
v 0.353451 1.253887 -0.134334
v 0.343280 1.232358 -0.060091
v 0.363944 1.269009 0.024994
v 0.466097 1.442427 -0.077916
v 0.457997 1.432170 -0.163901
v 0.417847 1.370278 -0.200014
v 0.378476 1.299932 -0.191236
v 0.453854 1.426626 0.001159
v 0.354050 1.401749 0.063896
v 0.331009 1.261170 -0.123361
v 0.328986 1.235856 -0.046763
v 0.335593 1.280577 0.041020
v 0.370990 1.494304 -0.065154
v 0.366952 1.480663 -0.153865
v 0.350834 1.402591 -0.191123
v 0.338427 1.316898 -0.182067
v 0.364993 1.473404 0.016429
v 0.282201 1.387314 0.081012
v 0.287005 1.244473 -0.122699
v 0.299919 1.220773 -0.039826
v 0.300298 1.266190 0.055651
v 0.257630 1.479560 -0.058845
v 0.249981 1.464219 -0.155027
v 0.255663 1.384150 -0.195480
v 0.271365 1.299023 -0.186080
v 0.265954 1.458336 0.029813
v 0.648850 0.689133 0.080218
v 0.717023 0.666716 0.066906
v 0.651879 0.817426 0.056328
v 0.725904 0.815417 0.025276
v 0.774838 0.648808 -0.082502
v 0.768556 0.800865 -0.083155
v 0.762066 0.656221 0.007899
v 0.754533 0.807134 -0.025042
v 0.756213 0.657652 -0.152612
v 0.753116 0.788338 -0.154716
v 0.695336 0.680553 -0.177324
v 0.688402 0.777921 -0.188854
v 0.624726 0.732667 -0.173593
v 0.613642 0.783414 -0.167378
v 0.602702 0.716000 -0.067560
v 0.580317 0.791370 -0.081405
v 0.600147 0.712449 0.063554
v 0.599615 0.826298 0.045594
v 0.644314 0.662400 0.060000
v 0.699312 0.644433 0.059722
v 0.746559 0.606954 -0.083345
v 0.725961 0.635653 0.000489
v 0.730005 0.626650 -0.150859
v 0.661578 0.573512 0.055868
v 0.697947 0.539199 -0.064312
v 0.683965 0.560829 -0.000312
v 0.574018 0.538679 0.031845
v 0.591209 0.504761 -0.072735
v 0.582752 0.524702 -0.015788
v 0.684784 0.573418 -0.098683
v 0.623649 0.608918 0.061942
v 0.566461 0.562482 0.035126
v 0.598387 0.550971 -0.092581
v 0.621279 0.641838 0.016662
v 0.564548 0.580837 0.016875
v 0.599302 0.687507 0.032047
v 0.576966 0.690221 -0.006687
v 0.640382 0.640552 -0.045403
v 0.577712 0.566006 -0.038520
v 0.659047 0.644979 -0.111510
v 0.615832 0.725937 -0.130775
v 0.690132 0.579423 -0.141482
v 0.613329 0.571278 -0.148092
v 0.610256 0.590516 -0.104720
v 0.615200 0.599652 -0.144146
v 0.679002 0.650472 -0.155314
v 0.600932 0.786449 -0.134589
v 0.702396 0.647565 -0.167390
v 0.673019 0.606966 -0.164416
v 0.554451 0.795681 -0.053969
v 0.518385 0.745320 -0.030336
v 0.546021 0.673306 -0.006871
v 0.551458 0.733756 0.070206
v 0.570496 0.819539 0.050692
v 0.547284 0.818331 -0.000450
v 0.502365 0.749877 0.021800
v 0.470247 0.636856 -0.026444
v 0.511326 0.704872 -0.036150
v 0.536832 0.674726 0.075760
v 0.512025 0.693802 0.077739
v 0.505120 0.618557 0.048052
v 0.477996 0.641705 0.052367
v 0.522438 0.604834 0.023301
v 0.558152 0.655854 0.039378
v 0.495962 0.708980 0.010090
v 0.462037 0.676059 -0.001883
v 0.502895 0.656570 -0.043093
v 0.531351 0.610610 -0.020117
v 0.487154 0.593217 -0.005851
v -0.530494 1.116810 0.001531
v -0.463826 1.071965 -0.139723
v -0.449835 1.066808 -0.074236
v -0.475918 1.085300 -0.014133
v -0.613232 1.134012 -0.101556
v -0.589130 1.119698 -0.166899
v -0.541768 1.100496 -0.187344
v -0.489249 1.079517 -0.169511
v -0.585086 1.135062 -0.028153
v -0.519009 1.153113 0.002920
v -0.456414 1.111556 -0.157118
v -0.446207 1.102724 -0.078502
v -0.467786 1.118702 -0.013978
v -0.586276 1.195468 -0.097630
v -0.566773 1.185749 -0.173135
v -0.519419 1.156617 -0.205958
v -0.472517 1.122124 -0.179985
v -0.566733 1.182853 -0.028458
v -0.514372 1.177115 0.014973
v -0.437605 1.120800 -0.153798
v -0.423707 1.118021 -0.085600
v -0.451435 1.131374 -0.000311
v -0.582550 1.221533 -0.096632
v -0.558113 1.209984 -0.176056
v -0.515196 1.180046 -0.214231
v -0.459046 1.145985 -0.208086
v -0.564905 1.212371 -0.019323
v -0.483056 1.283470 0.026096
v -0.367428 1.253939 -0.155406
v -0.354295 1.230952 -0.081163
v -0.388928 1.245232 0.003923
v -0.556430 1.310353 -0.098988
v -0.544816 1.307652 -0.184973
v -0.481974 1.286473 -0.221086
v -0.415742 1.258903 -0.212307
v -0.538734 1.306060 -0.019913
v -0.420428 1.368063 0.047168
v -0.353451 1.253887 -0.134334
v -0.343280 1.232358 -0.060091
v -0.363944 1.269009 0.024994
v -0.466097 1.442427 -0.077916
v -0.457997 1.432170 -0.163901
v -0.417847 1.370278 -0.200014
v -0.378476 1.299932 -0.191236
v -0.453854 1.426626 0.001159
v -0.354050 1.401749 0.063896
v -0.331009 1.261170 -0.123361
v -0.328986 1.235856 -0.046763
v -0.335593 1.280577 0.041020
v -0.370990 1.494304 -0.065154
v -0.366952 1.480663 -0.153865
v -0.350834 1.402591 -0.191123
v -0.338427 1.316898 -0.182067
v -0.364993 1.473404 0.016429
v -0.282201 1.387314 0.081012
v -0.287005 1.244473 -0.122699
v -0.299919 1.220773 -0.039826
v -0.300298 1.266191 0.055651
v -0.257630 1.479560 -0.058845
v -0.249981 1.464219 -0.155027
v -0.255663 1.384150 -0.195480
v -0.271365 1.299023 -0.186080
v -0.265954 1.458336 0.029813
v 0.611285 1.338895 -0.037132
v 0.574425 1.337289 0.074974
v 0.619808 1.396648 -0.034768
v 0.577783 1.382190 0.090364
v 0.585696 1.503208 -0.034761
v 0.542598 1.462390 0.099624
v 0.503798 1.572073 -0.034750
v 0.472272 1.537806 0.076062
v 0.414811 1.591020 -0.034902
v 0.407824 1.561169 0.063693
v 0.348457 1.565640 -0.034782
v 0.359337 1.538876 0.077208
v 0.390845 1.272981 0.123081
v 0.353941 1.357112 0.146428
v 0.350268 1.452175 0.135688
v 0.355331 1.510403 0.097192
v 0.334185 1.493076 0.071903
v 0.329804 1.442704 0.105206
v 0.332982 1.360465 0.114497
v 0.363209 1.285985 0.094300
v 0.335843 1.517708 0.054615
v 0.331249 1.546582 -0.042266
v 0.611285 1.338895 -0.143393
v 0.574425 1.337289 -0.255500
v 0.619808 1.396648 -0.145757
v 0.577783 1.382190 -0.270890
v 0.585696 1.503208 -0.145765
v 0.542598 1.462390 -0.280149
v 0.503798 1.572073 -0.145776
v 0.472272 1.537806 -0.256588
v 0.414811 1.591020 -0.145624
v 0.407824 1.561169 -0.244219
v 0.348457 1.565640 -0.145744
v 0.359337 1.538876 -0.257734
v 0.390845 1.272981 -0.303607
v 0.353941 1.357112 -0.326953
v 0.350268 1.452175 -0.316213
v 0.355331 1.510403 -0.277718
v 0.331249 1.546582 -0.138259
v 0.335843 1.517708 -0.235141
v 0.363209 1.285985 -0.274825
v 0.332982 1.360465 -0.295022
v 0.329804 1.442704 -0.285731
v 0.334185 1.493076 -0.252429
v 0.580417 1.313175 -0.052362
v 0.558399 1.310900 0.027609
v 0.429340 1.256334 0.061926
v 0.580417 1.313175 -0.128163
v 0.558399 1.310900 -0.208134
v 0.429340 1.256334 -0.242451
v 0.364953 1.382293 -0.026858
v 0.363240 1.362598 -0.013837
v 0.364482 1.330444 -0.010205
v 0.376301 1.301323 -0.018101
v 0.365601 1.391923 -0.033617
v 0.363805 1.403213 -0.071497
v 0.363805 1.403213 -0.109029
v 0.365601 1.391923 -0.146908
v 0.376301 1.301323 -0.162424
v 0.364482 1.330444 -0.170321
v 0.363240 1.362598 -0.166688
v 0.364953 1.382293 -0.153667
v 0.461226 1.311954 -0.075444
v 0.452617 1.311064 -0.044177
v 0.402157 1.289730 -0.030759
v 0.461226 1.311954 -0.105081
v 0.452617 1.311064 -0.136349
v 0.402157 1.289730 -0.149766
v -0.611285 1.338895 -0.037132
v -0.574425 1.337289 0.074974
v -0.619808 1.396648 -0.034768
v -0.577783 1.382190 0.090364
v -0.585696 1.503208 -0.034761
v -0.542598 1.462390 0.099624
v -0.503798 1.572073 -0.034750
v -0.472272 1.537806 0.076062
v -0.414811 1.591020 -0.034902
v -0.407824 1.561169 0.063693
v -0.348457 1.565640 -0.034782
v -0.359337 1.538876 0.077208
v -0.390845 1.272981 0.123081
v -0.353941 1.357112 0.146428
v -0.350268 1.452175 0.135688
v -0.355331 1.510403 0.097192
v -0.334185 1.493076 0.071903
v -0.329804 1.442704 0.105206
v -0.332982 1.360465 0.114497
v -0.363209 1.285985 0.094300
v -0.335843 1.517708 0.054615
v -0.331249 1.546582 -0.042266
v -0.611285 1.338895 -0.143393
v -0.574425 1.337289 -0.255500
v -0.619808 1.396648 -0.145757
v -0.577783 1.382190 -0.270890
v -0.585696 1.503208 -0.145765
v -0.542598 1.462390 -0.280149
v -0.503798 1.572073 -0.145776
v -0.472272 1.537806 -0.256588
v -0.414811 1.591020 -0.145624
v -0.407824 1.561169 -0.244219
v -0.348457 1.565640 -0.145744
v -0.359337 1.538876 -0.257734
v -0.390845 1.272981 -0.303607
v -0.353941 1.357112 -0.326953
v -0.350268 1.452175 -0.316213
v -0.355331 1.510403 -0.277718
v -0.331249 1.546582 -0.138259
v -0.335843 1.517708 -0.235141
v -0.363209 1.285985 -0.274825
v -0.332982 1.360465 -0.295022
v -0.329804 1.442704 -0.285731
v -0.334185 1.493076 -0.252429
v -0.580417 1.313175 -0.052362
v -0.558399 1.310900 0.027609
v -0.429340 1.256334 0.061926
v -0.580417 1.313175 -0.128163
v -0.558399 1.310900 -0.208134
v -0.429340 1.256334 -0.242451
v -0.364953 1.382293 -0.026858
v -0.363240 1.362598 -0.013837
v -0.364482 1.330444 -0.010205
v -0.376301 1.301323 -0.018101
v -0.365601 1.391923 -0.033617
v -0.363805 1.403213 -0.071497
v -0.363805 1.403213 -0.109029
v -0.365601 1.391923 -0.146908
v -0.376301 1.301323 -0.162424
v -0.364482 1.330444 -0.170321
v -0.363240 1.362598 -0.166688
v -0.364953 1.382293 -0.153667
v -0.461226 1.311954 -0.075444
v -0.452617 1.311064 -0.044177
v -0.402157 1.289730 -0.030759
v -0.461226 1.311954 -0.105081
v -0.452617 1.311064 -0.136349
v -0.402157 1.289730 -0.149766
v -0.578371 0.829691 0.170232
v -0.554023 0.960977 0.139309
v -0.659639 0.843173 0.157306
v -0.640164 0.978579 0.122375
v -0.501800 0.805061 0.140720
v -0.475517 0.936082 0.111240
v -0.453809 0.778890 0.080969
v -0.425113 0.909933 0.052402
v -0.438816 0.756419 0.006331
v -0.406270 0.886225 -0.025089
v -0.461001 0.740473 -0.074774
v -0.426908 0.869968 -0.114348
v -0.526012 0.737125 -0.141227
v -0.494888 0.869746 -0.188991
v -0.619826 0.749901 -0.164219
v -0.592653 0.888425 -0.216132
v -0.708924 0.775079 -0.130447
v -0.684798 0.920265 -0.184373
v -0.760261 0.804522 -0.052026
v -0.739731 0.953921 -0.107473
v -0.760697 0.828997 0.038295
v -0.744955 0.977117 -0.014978
v -0.722708 0.842398 0.110776
v -0.708068 0.984764 0.066434
v -0.529103 1.084253 0.094778
v -0.606725 1.107100 0.075846
v -0.458743 1.051480 0.071952
v -0.412614 1.022819 0.017368
v -0.393523 1.005082 -0.057821
v -0.410361 0.999510 -0.144617
v -0.472253 1.006607 -0.215691
v -0.562709 1.025473 -0.240813
v -0.647644 1.053314 -0.211342
v -0.698505 1.082807 -0.140053
v -0.703444 1.104566 -0.053424
v -0.668994 1.113254 0.022784
v -0.585787 0.788344 0.157744
v -0.659878 0.801558 0.147616
v -0.517814 0.765407 0.129112
v -0.478423 0.742385 0.075326
v -0.468939 0.723439 0.010881
v -0.490918 0.710505 -0.056655
v -0.546388 0.708151 -0.109861
v -0.622855 0.718872 -0.127375
v -0.697072 0.740352 -0.099701
v -0.744173 0.767078 -0.033082
v -0.747498 0.789807 0.045786
v -0.715527 0.801576 0.107981
v -0.614162 0.691267 0.185143
v -0.683260 0.704078 0.173223
v -0.549430 0.666556 0.162130
v -0.509230 0.640396 0.113236
v -0.497645 0.618816 0.050903
v -0.518255 0.604316 -0.016694
v -0.573672 0.601292 -0.070077
v -0.649760 0.611960 -0.086490
v -0.721371 0.634201 -0.058081
v -0.764067 0.662293 0.004786
v -0.766305 0.687151 0.076237
v -0.736250 0.701905 0.134433
v -0.623008 0.653346 0.167796
v -0.677356 0.665134 0.159949
v -0.574179 0.634155 0.147731
v -0.544653 0.614942 0.109236
v -0.535806 0.598889 0.061963
v -0.549990 0.587803 0.010701
v -0.590572 0.585881 -0.031798
v -0.649404 0.595424 -0.047846
v -0.707332 0.614157 -0.028190
v -0.743105 0.636744 0.021579
v -0.745282 0.655716 0.080587
v -0.720412 0.665686 0.128782
v -0.631730 0.626924 0.175287
v -0.682858 0.637917 0.166882
v -0.586678 0.606811 0.158151
v -0.559832 0.584153 0.122271
v -0.555433 0.564850 0.078227
v -0.573099 0.552641 0.035109
v -0.610515 0.550369 0.001997
v -0.660374 0.559561 -0.010967
v -0.708929 0.578488 0.002450
v -0.740914 0.602004 0.039459
v -0.746462 0.623308 0.088561
v -0.724925 0.636459 0.135106
v -0.638353 0.616111 0.166152
v -0.680173 0.625603 0.159303
v -0.600317 0.600029 0.153125
v -0.574578 0.581914 0.123280
v -0.567142 0.566096 0.083020
v -0.581095 0.555984 0.041519
v -0.615011 0.554057 0.010060
v -0.660984 0.561478 -0.000861
v -0.705274 0.577213 0.013722
v -0.733075 0.597184 0.049469
v -0.736084 0.615085 0.093931
v -0.715914 0.625412 0.133603
v -0.636413 0.637740 0.143863
v -0.674197 0.644613 0.136468
v -0.601281 0.624771 0.132785
v -0.577144 0.608970 0.105430
v -0.570690 0.594540 0.067869
v -0.584730 0.585544 0.029874
v -0.616195 0.584483 0.002409
v -0.656451 0.591534 -0.006267
v -0.694010 0.604730 0.006464
v -0.718086 0.620573 0.036777
v -0.722043 0.634815 0.075624
v -0.705587 0.643590 0.111940
v -0.643269 0.631532 0.063306
v 0.145443 1.166188 -0.334860
v 0.191964 1.171834 -0.306915
v 0.240092 1.195672 -0.316524
v 0.261635 1.223740 -0.358059
v 0.243973 1.239594 -0.407188
v 0.197452 1.233948 -0.435133
v 0.149324 1.210109 -0.425523
v 0.127781 1.182042 -0.383989
v -0.000000 1.212770 -0.297101
v -0.000000 1.233381 -0.360969
v 0.162148 1.164845 -0.348949
v 0.196922 1.169065 -0.328061
v 0.232898 1.186885 -0.335244
v 0.249001 1.207865 -0.366290
v 0.235799 1.219715 -0.403014
v 0.201025 1.215495 -0.423902
v 0.165049 1.197676 -0.416719
v 0.148946 1.176696 -0.385673
v 0.166435 1.179170 -0.350621
v 0.193909 1.182504 -0.334118
v 0.222333 1.196583 -0.339793
v 0.235056 1.213159 -0.364323
v 0.224625 1.222522 -0.393337
v 0.197151 1.219187 -0.409841
v 0.168727 1.205109 -0.404166
v 0.156004 1.188532 -0.379636
v 0.178411 1.176708 -0.360920
v 0.197902 1.179074 -0.349212
v 0.218067 1.189062 -0.353238
v 0.227093 1.200821 -0.370640
v 0.219693 1.207464 -0.391224
v 0.200202 1.205098 -0.402933
v 0.180037 1.195110 -0.398906
v 0.171011 1.183350 -0.381504
v 0.187513 1.183489 -0.367602
v 0.198409 1.184811 -0.361056
v 0.209682 1.190395 -0.363307
v 0.214728 1.196969 -0.373036
v 0.210591 1.200683 -0.384543
v 0.199695 1.199360 -0.391088
v 0.188422 1.193776 -0.388838
v 0.183376 1.187202 -0.379109
v 0.186814 1.201512 -0.364633
v 0.192953 1.202257 -0.360946
v 0.199304 1.205403 -0.362214
v 0.202146 1.209106 -0.367694
v 0.199816 1.211198 -0.374177
v 0.193677 1.210453 -0.377865
v 0.187326 1.207308 -0.376597
v 0.184484 1.203604 -0.371116
v 0.193315 1.206355 -0.369405
v 0.167986 1.220110 -0.260773
v 0.230553 1.251101 -0.273265
v 0.112554 1.269868 -0.414964
v 0.084548 1.233381 -0.360969
v 0.235598 1.308198 -0.391128
v 0.175121 1.300858 -0.427456
v 0.258559 1.287588 -0.327260
v 0.107509 1.212770 -0.297101
v -0.000000 1.269868 -0.414964
v -0.000000 1.220110 -0.260773
v -0.145443 1.166188 -0.334860
v -0.191964 1.171834 -0.306915
v -0.240092 1.195672 -0.316524
v -0.261635 1.223740 -0.358059
v -0.243973 1.239594 -0.407188
v -0.197452 1.233948 -0.435133
v -0.149324 1.210109 -0.425523
v -0.127781 1.182042 -0.383989
v -0.162148 1.164845 -0.348949
v -0.196922 1.169065 -0.328061
v -0.232898 1.186885 -0.335244
v -0.249001 1.207865 -0.366290
v -0.235799 1.219715 -0.403014
v -0.201025 1.215495 -0.423902
v -0.165049 1.197676 -0.416719
v -0.148946 1.176696 -0.385673
v -0.166435 1.179170 -0.350621
v -0.193909 1.182504 -0.334118
v -0.222333 1.196583 -0.339793
v -0.235056 1.213159 -0.364323
v -0.224625 1.222522 -0.393337
v -0.197151 1.219187 -0.409841
v -0.168727 1.205109 -0.404166
v -0.156004 1.188532 -0.379636
v -0.178411 1.176708 -0.360920
v -0.197902 1.179074 -0.349212
v -0.218067 1.189062 -0.353238
v -0.227093 1.200821 -0.370640
v -0.219693 1.207464 -0.391224
v -0.200202 1.205098 -0.402933
v -0.180037 1.195110 -0.398906
v -0.171011 1.183350 -0.381504
v -0.187513 1.183489 -0.367602
v -0.198409 1.184811 -0.361056
v -0.209682 1.190395 -0.363307
v -0.214728 1.196969 -0.373036
v -0.210591 1.200683 -0.384543
v -0.199695 1.199360 -0.391088
v -0.188422 1.193776 -0.388838
v -0.183376 1.187202 -0.379109
v -0.186814 1.201512 -0.364633
v -0.192953 1.202257 -0.360946
v -0.199304 1.205403 -0.362214
v -0.202146 1.209106 -0.367694
v -0.199816 1.211198 -0.374177
v -0.193677 1.210453 -0.377865
v -0.187326 1.207308 -0.376597
v -0.184484 1.203604 -0.371116
v -0.193315 1.206355 -0.369405
v -0.167986 1.220110 -0.260773
v -0.230553 1.251101 -0.273265
v -0.112554 1.269868 -0.414964
v -0.084548 1.233381 -0.360969
v -0.235598 1.308198 -0.391128
v -0.175121 1.300858 -0.427456
v -0.258559 1.287588 -0.327260
v -0.107509 1.212771 -0.297101
v 0.087549 1.424400 -0.220687
v 0.108555 1.386396 -0.201084
v 0.168397 1.390985 -0.213508
v 0.145234 1.428410 -0.231703
v 0.195673 1.409058 -0.262599
v 0.152106 1.433100 -0.244589
v 0.173963 1.429710 -0.319232
v 0.132177 1.452060 -0.296681
v 0.116334 1.440340 -0.350248
v 0.116951 1.455318 -0.305632
v 0.056673 1.435562 -0.337558
v 0.059102 1.451463 -0.295042
v -0.000000 1.435546 -0.337566
v -0.000000 1.451487 -0.295108
v -0.000000 1.424384 -0.220643
v -0.000000 1.386357 -0.201098
v -0.108555 1.386396 -0.201084
v -0.087549 1.424400 -0.220687
v -0.145234 1.428410 -0.231703
v -0.168397 1.390985 -0.213508
v -0.152106 1.433100 -0.244589
v -0.195673 1.409058 -0.262599
v -0.132177 1.452060 -0.296681
v -0.173963 1.429710 -0.319232
v -0.116951 1.455318 -0.305632
v -0.116334 1.440340 -0.350248
v -0.059102 1.451463 -0.295042
v -0.056673 1.435562 -0.337558
v 0.307791 0.354853 0.112485
v 0.379322 0.365883 0.088859
v 0.281938 0.444281 0.170703
v 0.391415 0.467742 0.132970
v 0.274706 0.550266 0.185829
v 0.347272 0.566302 0.155040
v 0.391066 0.359178 0.063563
v 0.406906 0.494244 0.062330
v 0.335670 0.582990 0.115121
v 0.289651 0.347492 0.100154
v 0.218709 0.456614 0.114100
v 0.256233 0.563039 0.153584
v 0.345625 0.397572 0.003427
v 0.357128 0.495659 0.002532
v 0.305396 0.560107 0.040869
v 0.271976 0.389085 0.030000
v 0.220457 0.468331 0.040128
v 0.247708 0.545619 0.068802
v 0.490605 0.003831 -0.107545
v 0.464227 0.003831 -0.212428
v 0.471416 0.097177 -0.138880
v 0.453397 0.103678 -0.206193
v 0.474531 0.054565 -0.100324
v 0.357668 0.003831 -0.263143
v 0.353328 0.106643 -0.247336
v 0.272442 0.003831 -0.242518
v 0.277671 0.104171 -0.230183
v 0.210845 0.003831 -0.206443
v 0.214293 0.102286 -0.191661
v 0.183586 0.003831 -0.119796
v 0.192488 0.096911 -0.097452
v 0.217475 0.003831 -0.019205
v 0.205936 0.087210 -0.061136
v 0.222304 0.050071 -0.021719
v 0.455211 0.108259 -0.126926
v 0.434129 0.133599 -0.187633
v 0.460700 0.064385 -0.084425
v 0.347102 0.133623 -0.218948
v 0.284216 0.131240 -0.204907
v 0.229785 0.127840 -0.169142
v 0.221070 0.109340 -0.092637
v 0.232407 0.102804 -0.044657
v 0.253077 0.059477 -0.015320
v 0.252187 0.003831 -0.010262
v 0.469746 0.003831 -0.086972
v 0.467551 0.091085 -0.045131
v 0.486797 0.003831 -0.039720
v 0.444811 0.146331 -0.104157
v 0.453387 0.141787 -0.054552
v 0.254393 0.113262 -0.042492
v 0.228548 0.138979 -0.168915
v 0.431098 0.153598 -0.183480
v 0.341219 0.151646 -0.216980
v 0.281153 0.144671 -0.203499
v 0.221102 0.120781 -0.091282
v 0.422676 0.170107 0.006259
v 0.415032 0.204000 0.003080
v 0.321097 0.171893 0.045547
v 0.315581 0.198276 0.038077
v 0.267196 0.082647 0.023584
v 0.272928 0.109076 -0.015328
v 0.268960 0.003831 0.026435
v 0.500403 0.088874 -0.034510
v 0.510933 0.003831 -0.033954
v 0.526271 0.067613 0.030453
v 0.530449 0.003831 0.029610
v 0.456580 0.177223 0.016152
v 0.491393 0.126180 0.090076
v 0.427868 0.186016 0.030881
v 0.469765 0.132231 0.107223
v 0.331768 0.183694 0.070077
v 0.370204 0.129424 0.144843
v 0.307412 0.174171 0.069805
v 0.336504 0.119187 0.146448
v 0.250828 0.087509 0.046472
v 0.282106 0.063602 0.121072
v 0.253432 0.003831 0.050221
v 0.279644 0.003831 0.120308
v 0.487714 0.101366 0.089679
v 0.470476 0.109840 0.104844
v 0.371769 0.108224 0.146061
v 0.342461 0.100381 0.142370
v 0.392141 0.068148 0.230647
v 0.356020 0.067376 0.210923
v 0.530321 0.065491 0.144562
v 0.516241 0.069043 0.184230
v 0.392141 0.003831 0.230647
v 0.356020 0.003831 0.210923
v 0.530321 0.003831 0.144562
v 0.516241 0.003831 0.184230
v 0.195151 0.638421 0.168358
v 0.283151 0.691553 0.170694
v 0.152890 0.748376 0.194313
v 0.242469 0.820155 0.195110
v 0.339081 0.730977 0.128187
v 0.298579 0.865912 0.146277
v 0.367192 0.752385 0.036429
v 0.325347 0.887615 0.051878
v 0.337856 0.741720 -0.057215
v 0.303303 0.871255 -0.053530
v 0.288842 0.710560 -0.111173
v 0.246828 0.813193 -0.113705
v 0.190672 0.657877 -0.115143
v 0.154405 0.747311 -0.117339
v 0.134654 0.623526 -0.070216
v 0.104744 0.692323 -0.062139
v 0.108664 0.603580 0.014063
v 0.082923 0.673460 0.033919
v 0.141733 0.611717 0.120397
v 0.102976 0.690530 0.144421
v 0.212901 0.590535 0.144758
v 0.287716 0.611103 0.135240
v 0.348222 0.618035 0.094962
v 0.380289 0.586933 0.021938
v 0.350988 0.594209 -0.074602
v 0.303888 0.591365 -0.117345
v 0.223050 0.578428 -0.116992
v 0.160856 0.559783 -0.077799
v 0.136988 0.546763 0.002251
v 0.182761 0.538631 0.097644
v 0.147695 0.770504 0.170654
v 0.224220 0.831823 0.171335
v 0.272154 0.870913 0.129618
v 0.288893 0.889957 0.049727
v 0.275534 0.875979 -0.040865
v 0.227944 0.825876 -0.092480
v 0.148989 0.769594 -0.095584
v 0.107352 0.726830 -0.047423
v 0.090996 0.711971 0.034508
v 0.105054 0.721087 0.128032
v 0.117071 0.819766 0.161497
v 0.189533 0.877830 0.162175
v 0.234921 0.914843 0.120627
v 0.250771 0.932876 0.041059
v 0.238121 0.919640 -0.049167
v 0.193059 0.872198 -0.100573
v 0.118296 0.818905 -0.103665
v 0.078870 0.778412 -0.055699
v 0.063383 0.764342 0.025902
v 0.076694 0.772974 0.119047
v 0.089157 0.845571 0.142145
v 0.158062 0.900784 0.142758
v 0.201222 0.935981 0.105196
v 0.216294 0.953128 0.033262
v 0.204265 0.940542 -0.048309
v 0.161415 0.895428 -0.094784
v 0.090322 0.844752 -0.097579
v 0.052832 0.806247 -0.054214
v 0.038105 0.792868 0.019558
v 0.050763 0.801076 0.103768
v 0.226132 0.569406 0.124733
v 0.286823 0.588624 0.115248
v 0.337297 0.594407 0.081647
v 0.364791 0.562019 0.018942
v 0.340371 0.568173 -0.062157
v 0.301754 0.566525 -0.102096
v 0.234612 0.555535 -0.100102
v 0.181831 0.539487 -0.064107
v 0.164544 0.528497 -0.000166
v 0.199906 0.524612 0.084026
v 0.249326 0.476651 0.102522
v 0.307868 0.492479 0.094355
v 0.360491 0.501651 0.059436
v 0.374976 0.512054 0.004777
v 0.354853 0.520042 -0.077382
v 0.312118 0.518068 -0.115254
v 0.246707 0.506245 -0.121682
v 0.190868 0.492170 -0.080671
v 0.174729 0.478531 -0.014331
v 0.214419 0.474198 0.073063
v 0.238398 0.451785 0.123436
v 0.322935 0.474641 0.111643
v 0.398927 0.487887 0.061217
v 0.427152 0.506562 0.007504
v 0.403315 0.514418 -0.099166
v 0.318579 0.502262 -0.152874
v 0.231971 0.494019 -0.150196
v 0.159349 0.476386 -0.106740
v 0.130071 0.460609 -0.015868
v 0.171813 0.447529 0.085573
v 0.468528 0.393143 -0.042711
v 0.431018 0.412264 -0.158699
v 0.325530 0.407535 -0.198795
v 0.448355 0.273188 -0.055879
v 0.425903 0.277801 -0.150232
v 0.334716 0.271674 -0.183604
v 0.464859 0.157298 -0.064433
v 0.442551 0.177623 -0.186742
v 0.341278 0.172421 -0.223712
v 0.151265 0.372695 -0.149061
v 0.236016 0.398154 -0.198839
v 0.212196 0.246417 -0.138470
v 0.109410 0.344333 -0.056627
v 0.259878 0.257488 -0.174071
v 0.214465 0.153518 -0.167285
v 0.272687 0.164744 -0.208342
v 0.176722 0.330058 0.056177
v 0.190311 0.232164 -0.079279
v 0.232285 0.216579 0.017761
v 0.197600 0.138386 -0.097066
v 0.240766 0.129264 0.010830
v 0.281697 0.340932 0.088391
v 0.288848 0.311797 0.077870
v 0.311138 0.220980 0.058422
v 0.390944 0.358773 0.052437
v 0.393606 0.332744 0.042842
v 0.414176 0.232173 0.022677
v -0.307791 0.354853 0.112485
v -0.379322 0.365883 0.088859
v -0.281938 0.444281 0.170703
v -0.391415 0.467742 0.132970
v -0.274706 0.550266 0.185829
v -0.347272 0.566302 0.155040
v -0.391066 0.359178 0.063563
v -0.406906 0.494244 0.062330
v -0.335670 0.582990 0.115121
v -0.289651 0.347492 0.100154
v -0.218709 0.456614 0.114100
v -0.256233 0.563039 0.153584
v -0.345625 0.397572 0.003427
v -0.357128 0.495659 0.002532
v -0.305396 0.560107 0.040869
v -0.271976 0.389085 0.030000
v -0.220457 0.468331 0.040128
v -0.247708 0.545619 0.068802
v -0.490605 0.003831 -0.107545
v -0.464227 0.003831 -0.212428
v -0.471416 0.097177 -0.138880
v -0.453397 0.103678 -0.206193
v -0.474531 0.054565 -0.100324
v -0.357668 0.003831 -0.263143
v -0.353328 0.106643 -0.247336
v -0.272442 0.003831 -0.242518
v -0.277671 0.104171 -0.230183
v -0.210845 0.003831 -0.206443
v -0.214293 0.102286 -0.191661
v -0.183586 0.003831 -0.119796
v -0.192488 0.096911 -0.097452
v -0.217475 0.003831 -0.019205
v -0.205936 0.087210 -0.061136
v -0.222304 0.050071 -0.021719
v -0.455211 0.108259 -0.126926
v -0.434129 0.133599 -0.187633
v -0.460700 0.064385 -0.084425
v -0.347102 0.133623 -0.218948
v -0.284216 0.131240 -0.204907
v -0.229786 0.127840 -0.169142
v -0.221070 0.109340 -0.092637
v -0.232407 0.102804 -0.044657
v -0.253077 0.059477 -0.015320
v -0.252187 0.003831 -0.010262
v -0.469746 0.003831 -0.086972
v -0.467551 0.091085 -0.045131
v -0.486797 0.003831 -0.039720
v -0.444811 0.146331 -0.104157
v -0.453387 0.141787 -0.054552
v -0.254393 0.113262 -0.042492
v -0.228548 0.138979 -0.168915
v -0.431098 0.153598 -0.183480
v -0.341219 0.151646 -0.216980
v -0.281153 0.144671 -0.203499
v -0.221102 0.120781 -0.091282
v -0.422676 0.170107 0.006259
v -0.415032 0.204000 0.003080
v -0.321097 0.171893 0.045547
v -0.315581 0.198276 0.038077
v -0.267196 0.082647 0.023584
v -0.272928 0.109076 -0.015328
v -0.268960 0.003831 0.026435
v -0.500403 0.088874 -0.034510
v -0.510933 0.003831 -0.033954
v -0.526271 0.067613 0.030453
v -0.530449 0.003831 0.029610
v -0.456580 0.177223 0.016152
v -0.491393 0.126180 0.090076
v -0.427868 0.186016 0.030881
v -0.469765 0.132231 0.107223
v -0.331768 0.183694 0.070077
v -0.370204 0.129424 0.144843
v -0.307412 0.174171 0.069805
v -0.336504 0.119187 0.146448
v -0.250828 0.087509 0.046472
v -0.282106 0.063602 0.121072
v -0.253432 0.003831 0.050221
v -0.279644 0.003831 0.120308
v -0.487714 0.101366 0.089679
v -0.470476 0.109840 0.104844
v -0.371769 0.108224 0.146061
v -0.342461 0.100381 0.142370
v -0.392141 0.068148 0.230647
v -0.356020 0.067376 0.210923
v -0.530321 0.065491 0.144562
v -0.516241 0.069043 0.184230
v -0.392141 0.003831 0.230647
v -0.356020 0.003831 0.210923
v -0.530321 0.003831 0.144562
v -0.516241 0.003831 0.184230
v -0.195151 0.638421 0.168358
v -0.283151 0.691553 0.170694
v -0.152890 0.748376 0.194313
v -0.242469 0.820155 0.195110
v -0.339081 0.730977 0.128187
v -0.298579 0.865912 0.146277
v -0.367192 0.752385 0.036429
v -0.325347 0.887615 0.051878
v -0.337856 0.741720 -0.057215
v -0.303303 0.871255 -0.053530
v -0.288842 0.710560 -0.111173
v -0.246828 0.813193 -0.113705
v -0.190672 0.657877 -0.115143
v -0.154405 0.747311 -0.117339
v -0.134654 0.623526 -0.070216
v -0.104744 0.692323 -0.062139
v -0.108664 0.603580 0.014063
v -0.082923 0.673460 0.033919
v -0.141733 0.611717 0.120397
v -0.102976 0.690530 0.144421
v -0.212901 0.590535 0.144758
v -0.287716 0.611103 0.135240
v -0.348222 0.618035 0.094962
v -0.380289 0.586933 0.021938
v -0.350988 0.594209 -0.074602
v -0.303888 0.591365 -0.117345
v -0.223050 0.578428 -0.116992
v -0.160856 0.559783 -0.077799
v -0.136988 0.546763 0.002251
v -0.182761 0.538631 0.097644
v -0.147695 0.770504 0.170654
v -0.224220 0.831823 0.171335
v -0.272154 0.870913 0.129618
v -0.288893 0.889957 0.049727
v -0.275534 0.875979 -0.040865
v -0.227944 0.825876 -0.092480
v -0.148989 0.769594 -0.095584
v -0.107352 0.726830 -0.047423
v -0.090996 0.711971 0.034508
v -0.105054 0.721087 0.128032
v -0.117071 0.819766 0.161497
v -0.189533 0.877830 0.162175
v -0.234921 0.914843 0.120627
v -0.250771 0.932876 0.041059
v -0.238121 0.919640 -0.049167
v -0.193059 0.872198 -0.100573
v -0.118296 0.818905 -0.103665
v -0.078870 0.778412 -0.055699
v -0.063383 0.764342 0.025902
v -0.076694 0.772974 0.119047
v -0.089157 0.845571 0.142145
v -0.158062 0.900784 0.142758
v -0.201222 0.935981 0.105196
v -0.216294 0.953128 0.033262
v -0.204265 0.940542 -0.048309
v -0.161415 0.895428 -0.094784
v -0.090322 0.844752 -0.097579
v -0.052832 0.806247 -0.054214
v -0.038105 0.792868 0.019558
v -0.050763 0.801076 0.103768
v -0.226132 0.569406 0.124733
v -0.286823 0.588624 0.115248
v -0.337297 0.594407 0.081647
v -0.364791 0.562019 0.018942
v -0.340371 0.568173 -0.062157
v -0.301754 0.566525 -0.102096
v -0.234612 0.555535 -0.100102
v -0.181831 0.539487 -0.064107
v -0.164544 0.528497 -0.000166
v -0.199906 0.524612 0.084026
v -0.249326 0.476651 0.102522
v -0.307868 0.492479 0.094355
v -0.360491 0.501651 0.059436
v -0.374976 0.512054 0.004777
v -0.354853 0.520042 -0.077382
v -0.312118 0.518068 -0.115254
v -0.246707 0.506245 -0.121682
v -0.190868 0.492170 -0.080671
v -0.174729 0.478531 -0.014331
v -0.214419 0.474198 0.073063
v -0.238398 0.451785 0.123436
v -0.322935 0.474641 0.111643
v -0.398927 0.487887 0.061217
v -0.427152 0.506562 0.007504
v -0.403315 0.514418 -0.099166
v -0.318579 0.502262 -0.152874
v -0.231971 0.494019 -0.150196
v -0.159349 0.476386 -0.106740
v -0.130071 0.460609 -0.015868
v -0.171813 0.447529 0.085573
v -0.468528 0.393143 -0.042711
v -0.431018 0.412264 -0.158699
v -0.325530 0.407535 -0.198795
v -0.448355 0.273188 -0.055879
v -0.425903 0.277801 -0.150232
v -0.334716 0.271674 -0.183604
v -0.464859 0.157298 -0.064433
v -0.442551 0.177623 -0.186742
v -0.341278 0.172421 -0.223712
v -0.151265 0.372695 -0.149061
v -0.236016 0.398154 -0.198839
v -0.212196 0.246417 -0.138470
v -0.109410 0.344333 -0.056627
v -0.259878 0.257488 -0.174071
v -0.214465 0.153518 -0.167285
v -0.272687 0.164744 -0.208342
v -0.176722 0.330058 0.056177
v -0.190311 0.232164 -0.079279
v -0.232285 0.216579 0.017761
v -0.197600 0.138386 -0.097066
v -0.240766 0.129264 0.010830
v -0.281697 0.340932 0.088391
v -0.288848 0.311797 0.077870
v -0.311138 0.220980 0.058422
v -0.390944 0.358773 0.052437
v -0.393606 0.332744 0.042842
v -0.414176 0.232173 0.022677
v -0.000000 1.608189 0.348976
v 0.112166 1.648364 0.321920
v -0.000000 1.740314 0.382819
v 0.116556 1.787257 0.346429
v 0.217733 1.709021 0.248227
v 0.221552 1.833105 0.278135
v 0.253915 1.744191 0.210747
v 0.263656 1.802864 0.216024
v 0.072193 1.527361 0.291585
v -0.000000 1.509009 0.296669
v -0.000000 1.757328 0.424000
v 0.129887 1.809905 0.379638
v 0.251310 1.857462 0.303131
v 0.301684 1.816402 0.219603
v 0.133109 1.636350 0.346337
v 0.233596 1.678646 0.264542
v 0.292451 1.728996 0.214084
v 0.087628 1.497679 0.304650
v 0.223624 1.550270 0.173336
v -0.000000 1.477380 0.326200
v 0.165213 1.517630 0.225763
v 0.102543 1.479405 0.283760
v -0.000000 1.450712 0.303608
v 0.149688 1.928560 0.365287
v 0.263058 1.927403 0.289359
v 0.179590 2.043410 0.284750
v 0.273609 2.007393 0.232354
v 0.203207 2.134125 0.115760
v 0.297711 2.070154 0.097345
v 0.223145 2.154037 -0.086958
v 0.301728 2.085235 -0.058304
v 0.219483 2.118631 -0.218049
v 0.295906 2.045223 -0.187248
v 0.203670 1.942462 -0.373375
v 0.288796 1.921720 -0.304922
v 0.187336 1.802239 -0.372280
v 0.272076 1.793701 -0.304364
v 0.134577 1.696558 -0.340246
v 0.241075 1.679489 -0.254912
v 0.345666 1.948466 -0.102532
v 0.337817 1.898004 -0.177549
v 0.323471 1.788151 -0.200602
v 0.295156 1.656698 -0.157583
v 0.337846 1.872579 0.135795
v 0.345631 1.940340 0.073819
v 0.348873 1.962232 -0.023362
v 0.287050 1.614128 0.049837
v 0.326589 1.777975 0.129354
v 0.292198 1.617855 -0.042673
v 0.366576 1.832586 -0.044946
v 0.364606 1.819922 -0.063773
v 0.361006 1.792352 -0.069558
v 0.353900 1.759362 -0.058762
v 0.364614 1.813541 0.014866
v 0.366568 1.830547 -0.000688
v 0.367381 1.836041 -0.025077
v 0.351865 1.748678 -0.006706
v 0.361789 1.789799 0.013250
v 0.353158 1.749613 -0.029923
v 0.404083 1.774799 -0.146687
v 0.413142 1.831644 -0.130784
v 0.419951 1.872987 -0.088231
v 0.422686 1.887750 -0.030429
v 0.420613 1.871977 0.027132
v 0.414288 1.829894 0.069030
v 0.405406 1.772778 0.084039
v 0.396347 1.715932 0.068135
v 0.389538 1.674589 0.025582
v 0.386803 1.659826 -0.032219
v 0.388876 1.675599 -0.089781
v 0.395201 1.717682 -0.131679
v 0.361608 1.779586 -0.180642
v 0.373334 1.853163 -0.160058
v 0.382147 1.906675 -0.104980
v 0.385687 1.925783 -0.030166
v 0.383004 1.905367 0.044338
v 0.374817 1.850898 0.098568
v 0.363321 1.776971 0.117994
v 0.351595 1.703393 0.097409
v 0.342782 1.649882 0.042331
v 0.339242 1.630773 -0.032483
v 0.341925 1.651189 -0.106987
v 0.350112 1.705658 -0.161217
v 0.309553 1.789012 -0.188906
v 0.321928 1.866661 -0.167183
v 0.331229 1.923135 -0.109056
v 0.334964 1.943300 -0.030102
v 0.332133 1.921755 0.048525
v 0.323493 1.864271 0.105757
v 0.311361 1.786252 0.126257
v 0.298986 1.708603 0.104534
v 0.289685 1.652130 0.046408
v 0.285949 1.631964 -0.032547
v 0.288781 1.653509 -0.111174
v 0.297420 1.710993 -0.168405
v 0.404744 1.773788 -0.031324
v 0.144132 1.932832 0.398992
v 0.299895 1.992529 -0.268052
v 0.161688 2.065799 0.318349
v 0.190201 2.166403 0.121212
v 0.205184 2.185855 -0.084163
v 0.200579 2.140503 -0.225680
v 0.204032 2.054625 -0.319808
v 0.341742 1.923235 -0.140040
v 0.365591 1.826254 -0.054359
v 0.185607 1.955799 -0.382604
v 0.180885 2.069960 -0.326996
v 0.074953 1.935141 0.421819
v 0.085815 2.085407 0.337280
v 0.115229 2.201772 0.128867
v 0.115639 2.225737 -0.084862
v 0.102503 1.815637 -0.409279
v 0.110323 2.189080 -0.232305
v 0.098578 1.973491 -0.413351
v 0.097145 2.096536 -0.350607
v 0.064375 1.698511 -0.356736
v 0.054104 1.778887 0.405810
v -0.000000 1.938224 0.421429
v 0.000000 2.239962 -0.084606
v -0.000000 2.080905 0.346491
v -0.000000 2.215458 0.137639
v 0.000000 1.819731 -0.421999
v 0.000000 2.202763 -0.239600
v 0.000000 1.980446 -0.426838
v 0.000000 2.103792 -0.362260
v 0.000000 1.701704 -0.371788
v 0.122815 1.674082 -0.266466
v 0.198360 1.661023 -0.216089
v 0.257666 1.631521 -0.135203
v 0.055038 1.675532 -0.288781
v 0.000000 1.675702 -0.295792
v 0.179728 1.530412 0.139491
v 0.132999 1.504300 0.181433
v 0.082863 1.473720 0.227830
v -0.000000 1.450766 0.243709
v 0.230469 1.581499 0.040692
v 0.234588 1.584480 -0.033316
v 0.099081 1.629462 -0.212350
v 0.159517 1.619015 -0.172049
v 0.206962 1.595413 -0.107340
v 0.044859 1.630622 -0.230203
v 0.000000 1.630758 -0.235811
v 0.114020 1.535733 0.066306
v 0.081369 1.520248 0.099483
v 0.046386 1.507284 0.123117
v -0.000000 1.497167 0.136250
v 0.138224 1.550096 0.017368
v 0.141581 1.558088 -0.033248
v 0.062356 1.577425 -0.139785
v 0.097735 1.571907 -0.116635
v 0.126834 1.564263 -0.078647
v 0.028716 1.579250 -0.151845
v 0.000000 1.579011 -0.156076
v -0.112166 1.648364 0.321920
v -0.116556 1.787257 0.346429
v -0.217733 1.709021 0.248227
v -0.221552 1.833105 0.278135
v -0.253915 1.744191 0.210747
v -0.263656 1.802864 0.216024
v -0.072193 1.527361 0.291585
v -0.129887 1.809905 0.379638
v -0.251310 1.857462 0.303131
v -0.301684 1.816402 0.219603
v -0.133109 1.636350 0.346337
v -0.233596 1.678646 0.264542
v -0.292451 1.728996 0.214084
v -0.087628 1.497679 0.304650
v -0.223624 1.550270 0.173336
v -0.165213 1.517630 0.225763
v -0.102543 1.479405 0.283760
v -0.149688 1.928560 0.365287
v -0.263058 1.927403 0.289359
v -0.179590 2.043410 0.284750
v -0.273609 2.007393 0.232354
v -0.203207 2.134125 0.115760
v -0.297711 2.070154 0.097345
v -0.223145 2.154037 -0.086958
v -0.301728 2.085235 -0.058304
v -0.219483 2.118631 -0.218049
v -0.295906 2.045223 -0.187248
v -0.203670 1.942462 -0.373375
v -0.288796 1.921720 -0.304922
v -0.187336 1.802239 -0.372280
v -0.272076 1.793701 -0.304364
v -0.134577 1.696558 -0.340246
v -0.241075 1.679489 -0.254912
v -0.345666 1.948466 -0.102532
v -0.337817 1.898004 -0.177549
v -0.323471 1.788151 -0.200602
v -0.295156 1.656698 -0.157583
v -0.337846 1.872579 0.135795
v -0.345631 1.940340 0.073819
v -0.348873 1.962232 -0.023362
v -0.287050 1.614128 0.049837
v -0.326589 1.777975 0.129354
v -0.292198 1.617855 -0.042673
v -0.366576 1.832586 -0.044946
v -0.364606 1.819922 -0.063773
v -0.361006 1.792352 -0.069558
v -0.353900 1.759362 -0.058762
v -0.364614 1.813541 0.014866
v -0.366568 1.830547 -0.000688
v -0.367381 1.836041 -0.025077
v -0.351865 1.748678 -0.006706
v -0.361789 1.789799 0.013250
v -0.353158 1.749613 -0.029923
v -0.404083 1.774799 -0.146687
v -0.413142 1.831644 -0.130784
v -0.419951 1.872987 -0.088231
v -0.422686 1.887750 -0.030429
v -0.420613 1.871977 0.027132
v -0.414288 1.829894 0.069030
v -0.405406 1.772778 0.084039
v -0.396347 1.715932 0.068135
v -0.389538 1.674589 0.025582
v -0.386803 1.659826 -0.032219
v -0.388876 1.675599 -0.089781
v -0.395201 1.717682 -0.131679
v -0.361608 1.779586 -0.180642
v -0.373334 1.853163 -0.160058
v -0.382147 1.906675 -0.104980
v -0.385687 1.925783 -0.030166
v -0.383004 1.905367 0.044338
v -0.374817 1.850898 0.098568
v -0.363321 1.776971 0.117994
v -0.351595 1.703393 0.097409
v -0.342782 1.649882 0.042331
v -0.339242 1.630773 -0.032483
v -0.341925 1.651189 -0.106987
v -0.350112 1.705658 -0.161217
v -0.309553 1.789012 -0.188906
v -0.321928 1.866661 -0.167183
v -0.331229 1.923135 -0.109056
v -0.334964 1.943300 -0.030102
v -0.332133 1.921755 0.048525
v -0.323493 1.864271 0.105757
v -0.311361 1.786252 0.126257
v -0.298986 1.708603 0.104534
v -0.289685 1.652130 0.046408
v -0.285949 1.631964 -0.032547
v -0.288781 1.653509 -0.111174
v -0.297420 1.710993 -0.168405
v -0.404744 1.773788 -0.031324
v -0.144132 1.932832 0.398992
v -0.299895 1.992529 -0.268052
v -0.161688 2.065799 0.318349
v -0.190201 2.166403 0.121212
v -0.205184 2.185855 -0.084163
v -0.200579 2.140503 -0.225680
v -0.204032 2.054625 -0.319808
v -0.341742 1.923235 -0.140040
v -0.365591 1.826254 -0.054359
v -0.185607 1.955799 -0.382604
v -0.180885 2.069960 -0.326996
v -0.074953 1.935141 0.421819
v -0.085815 2.085407 0.337280
v -0.115229 2.201772 0.128867
v -0.115639 2.225737 -0.084862
v -0.102503 1.815637 -0.409279
v -0.110323 2.189080 -0.232305
v -0.098578 1.973491 -0.413351
v -0.097145 2.096536 -0.350607
v -0.064375 1.698511 -0.356736
v -0.054104 1.778887 0.405810
v -0.122815 1.674082 -0.266466
v -0.198360 1.661023 -0.216089
v -0.257666 1.631521 -0.135203
v -0.055038 1.675532 -0.288781
v -0.179728 1.530412 0.139491
v -0.132999 1.504300 0.181433
v -0.082863 1.473720 0.227830
v -0.230469 1.581499 0.040692
v -0.234588 1.584480 -0.033316
v -0.099081 1.629462 -0.212350
v -0.159517 1.619015 -0.172049
v -0.206962 1.595413 -0.107340
v -0.044859 1.630622 -0.230203
v -0.114020 1.535733 0.066306
v -0.081369 1.520248 0.099483
v -0.046386 1.507284 0.123117
v -0.138224 1.550096 0.017368
v -0.141581 1.558088 -0.033248
v -0.062356 1.577425 -0.139785
v -0.097735 1.571907 -0.116635
v -0.126834 1.564263 -0.078647
v -0.028716 1.579250 -0.151845
vn 0.2719 0.3373 0.9013
vn 0.5037 0.2497 0.8270
vn -0.0296 0.8830 0.4684
vn 0.2698 0.8039 0.5301
vn 0.2654 0.7595 0.5939
vn 0.2318 -0.2929 0.9276
vn 0.4499 -0.3317 0.8292
vn 0.5368 -0.0801 0.8399
vn 0.8720 0.3047 0.3830
vn 0.5714 -0.7280 0.3788
vn 0.0709 0.7524 0.6549
vn -0.0094 0.1584 0.9873
vn 0.5642 -0.0413 0.8246
vn 0.7895 -0.3438 0.5084
vn 0.8918 -0.4219 0.1636
vn 0.8519 -0.5151 -0.0948
vn 0.6532 -0.5711 -0.4972
vn 0.3066 -0.5466 -0.7792
vn 0.1644 -0.5309 -0.8313
vn 0.1792 -0.2193 -0.9591
vn 0.2900 -0.2334 -0.9281
vn 0.1620 0.1784 -0.9705
vn 0.2570 0.1724 -0.9509
vn 0.0649 0.9074 -0.4153
vn 0.1412 0.9092 -0.3916
vn 0.2730 0.9554 0.1130
vn 0.2702 0.9624 0.0278
vn 0.1349 -0.8911 0.4332
vn 0.7488 -0.5950 0.2920
vn -0.0098 -0.9873 -0.1584
vn -0.0389 -0.9834 -0.1774
vn 0.0525 -0.9942 -0.0939
vn 0.1132 -0.9935 0.0081
vn 0.1093 -0.9749 0.1942
vn 0.0990 -0.9082 0.4068
vn 0.0625 -0.8696 0.4897
vn 0.3342 0.9423 0.0201
vn 0.6040 0.7402 -0.2955
vn 0.8479 0.2299 -0.4777
vn 0.9574 0.1778 -0.2277
vn 0.9816 0.1702 -0.0860
vn 0.9868 0.1610 -0.0151
vn 0.9637 0.1184 -0.2391
vn 0.9511 0.1418 0.2743
vn 0.9640 0.1475 0.2211
vn 0.9613 0.2650 -0.0750
vn 0.9645 0.1904 -0.1830
vn 0.9634 0.2673 0.0207
vn 0.9582 0.2323 -0.1669
vn 0.9572 0.2562 0.1349
vn 0.9564 0.2689 0.1142
vn 0.9777 0.1976 -0.0707
vn 0.9832 0.1756 -0.0506
vn 0.9693 0.1355 -0.2049
vn 0.9849 0.0577 -0.1633
vn -0.5995 0.7881 0.1396
vn -0.0736 0.8464 0.5274
vn -0.0316 0.8412 0.5398
vn -0.5297 0.8479 0.0199
vn -0.5362 0.8427 0.0483
vn -0.6708 0.6480 0.3608
vn -0.1557 0.9841 -0.0850
vn 0.9673 -0.2509 -0.0363
vn 0.9686 -0.2472 -0.0276
vn 0.9936 -0.0355 -0.1074
vn 0.1778 0.2894 0.9405
vn 0.8919 0.1840 0.4132
vn 0.3115 0.3149 -0.8966
vn 0.0693 0.3221 -0.9442
vn 0.0610 -0.4171 -0.9068
vn 0.8478 -0.5163 -0.1212
vn 0.1315 -0.0582 0.9896
vn 0.8542 -0.5123 -0.0889
vn 0.8213 -0.5003 -0.2742
vn 0.2700 -0.5997 0.7533
vn 0.7695 -0.5886 0.2477
vn 0.3882 -0.4638 -0.7964
vn 0.3858 -0.0946 0.9177
vn 0.6486 -0.0674 0.7581
vn 0.9522 -0.1370 0.2730
vn 0.9595 -0.0852 -0.2686
vn 0.7784 -0.1193 -0.6163
vn 0.2441 -0.1626 -0.9560
vn 0.0488 -0.2264 -0.9728
vn 0.3529 0.0576 0.9339
vn 0.9249 -0.1370 0.3547
vn 0.7576 -0.5721 0.3142
vn 0.7635 -0.5981 0.2435
vn 0.8772 -0.4435 -0.1839
vn 0.7654 -0.3621 -0.5320
vn 0.3284 -0.4578 -0.8262
vn 0.7619 0.1086 -0.6385
vn 0.9707 0.0712 -0.2295
vn 0.9576 0.0006 0.2880
vn 0.1639 0.1073 -0.9806
vn 0.6972 -0.0863 0.7116
vn 0.4052 0.0316 0.9137
vn -0.0096 0.9996 0.0278
vn 0.0304 0.6154 0.7877
vn 0.0328 -0.0671 0.9972
vn 0.5577 -0.3247 0.7639
vn 0.7401 0.4497 0.5001
vn 0.7227 0.6906 0.0271
vn 0.0325 -0.6896 0.7235
vn 0.1224 0.7395 0.6620
vn -0.2261 0.4410 0.8686
vn -0.0399 0.9930 0.1115
vn 0.1349 0.7027 0.6985
vn -0.0202 0.9982 0.0566
vn 0.0081 0.2745 -0.9616
vn 0.0184 0.9867 -0.1615
vn 0.0279 0.8578 -0.5132
vn -0.1607 0.9859 0.0459
vn -0.6626 0.4586 0.5922
vn 0.0209 0.0342 -0.9992
vn 0.7438 0.5608 -0.3637
vn 0.5602 -0.4197 -0.7141
vn -0.0053 -0.6882 -0.7255
vn 0.7088 0.2265 -0.6681
vn 0.8038 0.4959 -0.3286
vn -0.1915 0.9675 0.1651
vn 0.1975 0.9027 0.3822
vn 0.7642 0.2247 0.6046
vn -0.1106 0.9786 -0.1736
vn 0.4021 0.7807 -0.4783
vn 0.7831 0.2249 -0.5797
vn -0.0353 0.9979 0.0535
vn 0.5472 0.8369 -0.0141
vn 0.9341 0.3476 -0.0818
vn 0.3751 0.9225 0.0909
vn 0.9334 0.3436 0.1031
vn -0.0695 0.9948 0.0739
vn 0.5528 0.0279 0.8329
vn -0.4846 0.6833 -0.5462
vn -0.2457 0.4541 -0.8564
vn 0.3598 0.0590 -0.9311
vn 0.3117 -0.2356 0.9205
vn 0.3227 -0.2013 0.9248
vn 0.2834 -0.1663 0.9445
vn 0.0085 -0.4695 0.8829
vn 0.0316 -0.4641 0.8852
vn 0.0600 -0.5429 -0.8377
vn 0.0360 -0.1946 -0.9802
vn 0.6435 -0.5594 -0.5225
vn 0.1868 -0.1360 -0.9729
vn 0.2039 -0.1553 -0.9666
vn -0.0031 0.7311 -0.6823
vn -0.0390 0.8899 -0.4545
vn 0.0028 -0.9859 -0.1674
vn -0.0228 -0.9838 0.1776
vn 0.6670 -0.7350 -0.1220
vn 0.8432 -0.3925 -0.3674
vn 0.7262 0.3962 -0.5618
vn 0.6644 -0.5227 0.5342
vn 0.4815 -0.8669 -0.1289
vn -0.6542 0.2666 0.7078
vn 0.9633 -0.2587 -0.0711
vn 0.6060 -0.6261 0.4907
vn 0.6287 -0.5857 -0.5116
vn 0.9542 -0.2875 0.0830
vn 0.4886 -0.8620 0.1348
vn 0.5118 -0.7184 0.4712
vn 0.4343 -0.7614 -0.4814
vn 0.7732 -0.4975 0.3933
vn 0.8150 -0.4509 0.3640
vn 0.2594 0.4245 0.8675
vn 0.8004 0.5231 -0.2929
vn 0.6976 -0.7153 -0.0409
vn -0.8585 0.1477 0.4910
vn 0.6910 -0.7226 0.0204
vn 0.7043 -0.6820 -0.1971
vn 0.7133 -0.6984 0.0584
vn 0.4445 -0.8620 -0.2437
vn 0.6436 -0.7455 0.1731
vn 0.7612 -0.6436 -0.0792
vn 0.5182 -0.8340 0.1896
vn 0.7656 -0.6378 0.0843
vn 0.8529 -0.4532 0.2593
vn 0.6404 -0.7571 0.1292
vn 0.8433 -0.4735 -0.2542
vn -0.2719 0.3373 0.9013
vn -0.5037 0.2497 0.8270
vn 0.0296 0.8830 0.4684
vn -0.2698 0.8039 0.5301
vn -0.2654 0.7595 0.5939
vn -0.2318 -0.2929 0.9276
vn -0.4499 -0.3317 0.8292
vn -0.5368 -0.0801 0.8399
vn -0.8720 0.3047 0.3830
vn -0.5714 -0.7280 0.3788
vn -0.0709 0.7524 0.6549
vn 0.0094 0.1584 0.9873
vn -0.5642 -0.0413 0.8246
vn -0.7895 -0.3438 0.5084
vn -0.8918 -0.4219 0.1636
vn -0.8519 -0.5151 -0.0948
vn -0.6532 -0.5711 -0.4972
vn -0.3066 -0.5466 -0.7792
vn -0.1644 -0.5309 -0.8313
vn -0.1792 -0.2193 -0.9591
vn -0.2900 -0.2334 -0.9281
vn -0.1620 0.1784 -0.9705
vn -0.2570 0.1724 -0.9509
vn -0.0649 0.9074 -0.4153
vn -0.1412 0.9092 -0.3916
vn -0.2730 0.9554 0.1130
vn -0.2702 0.9624 0.0278
vn -0.1349 -0.8911 0.4332
vn -0.7488 -0.5950 0.2920
vn 0.0098 -0.9873 -0.1584
vn 0.0389 -0.9834 -0.1774
vn -0.0525 -0.9942 -0.0939
vn -0.1132 -0.9935 0.0081
vn -0.1093 -0.9749 0.1942
vn -0.0990 -0.9082 0.4068
vn -0.0625 -0.8696 0.4897
vn -0.3342 0.9423 0.0201
vn -0.6040 0.7402 -0.2955
vn -0.8479 0.2299 -0.4777
vn -0.9574 0.1778 -0.2277
vn -0.9816 0.1702 -0.0860
vn -0.9868 0.1610 -0.0151
vn -0.9637 0.1184 -0.2391
vn -0.9511 0.1418 0.2743
vn -0.9640 0.1475 0.2211
vn -0.9613 0.2650 -0.0750
vn -0.9645 0.1904 -0.1830
vn -0.9634 0.2673 0.0207
vn -0.9582 0.2323 -0.1669
vn -0.9572 0.2562 0.1349
vn -0.9564 0.2689 0.1142
vn -0.9777 0.1976 -0.0707
vn -0.9832 0.1756 -0.0506
vn -0.9693 0.1355 -0.2049
vn -0.9849 0.0577 -0.1633
vn 0.5995 0.7881 0.1396
vn 0.0736 0.8464 0.5274
vn 0.0316 0.8412 0.5398
vn 0.5297 0.8479 0.0199
vn 0.5362 0.8427 0.0483
vn 0.6708 0.6480 0.3608
vn 0.1557 0.9841 -0.0850
vn -0.9673 -0.2509 -0.0363
vn -0.9686 -0.2472 -0.0276
vn -0.9936 -0.0355 -0.1074
vn -0.1778 0.2894 0.9405
vn -0.8919 0.1840 0.4132
vn -0.3115 0.3149 -0.8966
vn -0.0693 0.3221 -0.9442
vn -0.0610 -0.4171 -0.9068
vn -0.8478 -0.5163 -0.1212
vn -0.1315 -0.0582 0.9896
vn -0.8542 -0.5123 -0.0889
vn -0.8213 -0.5004 -0.2742
vn -0.2700 -0.5997 0.7533
vn -0.7695 -0.5886 0.2477
vn -0.3882 -0.4638 -0.7964
vn -0.3858 -0.0946 0.9177
vn -0.6486 -0.0674 0.7581
vn -0.9522 -0.1370 0.2730
vn -0.9595 -0.0852 -0.2686
vn -0.7784 -0.1193 -0.6163
vn -0.2441 -0.1626 -0.9560
vn -0.0488 -0.2264 -0.9728
vn -0.3529 0.0576 0.9339
vn -0.9249 -0.1370 0.3547
vn -0.7576 -0.5721 0.3142
vn -0.7635 -0.5981 0.2435
vn -0.8772 -0.4435 -0.1839
vn -0.7654 -0.3621 -0.5320
vn -0.3284 -0.4578 -0.8262
vn -0.7619 0.1086 -0.6385
vn -0.9707 0.0712 -0.2295
vn -0.9576 0.0006 0.2880
vn -0.1639 0.1073 -0.9806
vn -0.6972 -0.0863 0.7116
vn -0.4052 0.0316 0.9137
vn 0.0096 0.9996 0.0278
vn -0.0304 0.6154 0.7877
vn -0.0328 -0.0671 0.9972
vn -0.5577 -0.3247 0.7639
vn -0.7401 0.4497 0.5001
vn -0.7227 0.6906 0.0271
vn -0.0325 -0.6896 0.7235
vn -0.1224 0.7395 0.6620
vn 0.2261 0.4410 0.8686
vn 0.0399 0.9930 0.1115
vn -0.1349 0.7027 0.6985
vn 0.0202 0.9982 0.0566
vn -0.0081 0.2745 -0.9616
vn -0.0184 0.9867 -0.1615
vn -0.0279 0.8578 -0.5132
vn 0.1607 0.9859 0.0459
vn 0.6626 0.4586 0.5922
vn -0.0209 0.0342 -0.9992
vn -0.7438 0.5608 -0.3637
vn -0.5602 -0.4197 -0.7141
vn 0.0053 -0.6882 -0.7255
vn -0.7088 0.2265 -0.6681
vn -0.8038 0.4959 -0.3286
vn 0.1915 0.9675 0.1651
vn -0.1975 0.9027 0.3822
vn -0.7642 0.2247 0.6046
vn 0.1106 0.9786 -0.1736
vn -0.4021 0.7807 -0.4783
vn -0.7831 0.2249 -0.5797
vn 0.0353 0.9979 0.0535
vn -0.5472 0.8369 -0.0141
vn -0.9341 0.3476 -0.0818
vn -0.3751 0.9225 0.0909
vn -0.9334 0.3436 0.1031
vn 0.0695 0.9948 0.0739
vn -0.5528 0.0279 0.8329
vn 0.4846 0.6833 -0.5462
vn 0.2457 0.4541 -0.8564
vn -0.3598 0.0590 -0.9311
vn -0.3117 -0.2356 0.9205
vn -0.3227 -0.2013 0.9248
vn -0.2834 -0.1663 0.9445
vn -0.0085 -0.4695 0.8829
vn -0.0316 -0.4641 0.8852
vn -0.0600 -0.5429 -0.8377
vn -0.0360 -0.1946 -0.9802
vn -0.6435 -0.5594 -0.5225
vn -0.1868 -0.1360 -0.9729
vn -0.2039 -0.1553 -0.9666
vn 0.0031 0.7311 -0.6823
vn 0.0390 0.8899 -0.4545
vn -0.0028 -0.9859 -0.1674
vn 0.0228 -0.9838 0.1776
vn -0.6670 -0.7350 -0.1220
vn -0.8432 -0.3925 -0.3674
vn -0.7262 0.3962 -0.5618
vn -0.6644 -0.5227 0.5342
vn -0.4815 -0.8669 -0.1289
vn 0.6542 0.2666 0.7078
vn -0.9633 -0.2587 -0.0711
vn -0.6060 -0.6261 0.4907
vn -0.6287 -0.5857 -0.5116
vn -0.9542 -0.2875 0.0830
vn -0.4886 -0.8620 0.1348
vn -0.5118 -0.7184 0.4712
vn -0.4343 -0.7614 -0.4814
vn -0.7732 -0.4975 0.3933
vn -0.8150 -0.4509 0.3640
vn -0.2594 0.4245 0.8675
vn -0.8004 0.5231 -0.2929
vn -0.6976 -0.7153 -0.0409
vn 0.8585 0.1477 0.4910
vn -0.6910 -0.7226 0.0204
vn -0.7043 -0.6820 -0.1971
vn -0.7133 -0.6984 0.0584
vn -0.4445 -0.8620 -0.2437
vn -0.6436 -0.7455 0.1731
vn -0.7612 -0.6436 -0.0792
vn -0.5182 -0.8340 0.1896
vn -0.7656 -0.6378 0.0843
vn -0.8529 -0.4532 0.2593
vn -0.6404 -0.7571 0.1292
vn -0.8433 -0.4735 -0.2542
vn 0.4058 0.1522 0.9012
vn 0.9083 0.2408 0.3419
vn 0.9565 0.1317 -0.2602
vn 0.5091 -0.1588 -0.8459
vn -0.1435 -0.4220 -0.8952
vn -0.6735 -0.5945 -0.4392
vn -0.8328 -0.5482 0.0777
vn -0.7890 -0.4032 0.4635
vn -0.2214 -0.0249 0.9749
vn 0.2444 0.3878 0.8887
vn 0.7660 0.5704 0.2965
vn 0.8186 0.5043 -0.2748
vn 0.4353 0.2141 -0.8745
vn -0.2106 -0.1305 -0.9688
vn -0.7791 -0.3192 -0.5395
vn -0.9488 -0.3155 0.0137
vn -0.8723 -0.2263 0.4335
vn -0.3267 0.1488 0.9333
vn 0.2159 0.9357 -0.2789
vn -0.0376 0.7335 -0.6787
vn -0.3956 0.4837 -0.7808
vn 0.2613 0.9497 0.1727
vn -0.0199 0.5450 0.8382
vn -0.8432 0.2316 -0.4852
vn -0.4790 0.8474 -0.2291
vn -0.8206 0.5712 -0.0178
vn -0.7108 0.5874 0.3870
vn -0.5232 0.7171 0.4606
vn -0.4605 0.8647 -0.2008
vn -0.7636 0.6254 -0.1607
vn -0.5323 0.8282 -0.1752
vn -0.6193 0.7849 -0.0214
vn -0.7217 0.6396 0.2646
vn 0.3678 0.3904 -0.8440
vn -0.8825 -0.2673 0.3871
vn -0.8000 -0.2127 -0.5610
vn -0.1150 -0.0514 -0.9920
vn -0.2511 -0.1434 0.9573
vn 0.8619 0.4577 0.2181
vn 0.7994 0.5659 -0.2015
vn -0.9896 -0.1114 -0.0914
vn 0.5317 0.2575 0.8069
vn -0.5014 -0.8074 0.3108
vn -0.5819 -0.6634 -0.4705
vn 0.0961 -0.3576 -0.9289
vn 0.0888 -0.5118 0.8545
vn 0.9763 0.0404 0.2127
vn 0.9519 0.1364 -0.2742
vn -0.6060 -0.7816 -0.1477
vn 0.6315 -0.1451 0.7617
vn 0.6609 -0.0187 -0.7502
vn -0.8442 -0.4761 -0.2463
vn 0.5576 0.1170 0.8218
vn 0.5535 0.0620 -0.8306
vn -0.7971 -0.4778 0.3692
vn -0.7447 -0.3568 -0.5640
vn -0.0816 -0.0786 -0.9936
vn -0.1602 -0.1364 0.9776
vn 0.9336 0.2713 0.2343
vn 0.9560 0.1885 -0.2246
vn 0.4350 -0.4191 0.7969
vn -0.0889 -0.7683 -0.6339
vn 0.5064 -0.5300 -0.6802
vn 0.9255 -0.3513 -0.1416
vn -0.0224 -0.5169 0.8558
vn -0.8964 -0.0736 0.4371
vn 0.8576 -0.3635 0.3639
vn -0.5165 -0.8542 0.0595
vn -0.3682 -0.9207 -0.1295
vn -0.2621 0.1108 -0.9587
vn 0.0325 -0.3393 0.9401
vn 0.8181 0.5303 0.2223
vn 0.8047 0.5779 -0.1358
vn -0.5745 -0.7548 -0.3165
vn 0.5741 0.2528 0.7788
vn 0.2960 0.3908 -0.8716
vn -0.2300 -0.9093 0.3469
vn -0.7368 -0.2964 -0.6077
vn -0.0239 -0.9031 0.4288
vn -0.4472 -0.6054 -0.6584
vn -0.1883 -0.0496 -0.9809
vn 0.2014 -0.2616 0.9439
vn 0.4869 0.8379 0.2467
vn 0.4546 0.8777 -0.1516
vn -0.4451 -0.8444 -0.2982
vn 0.3954 0.4429 0.8047
vn 0.1104 0.4263 -0.8978
vn 0.3246 -0.1851 0.9275
vn -0.1131 0.9641 0.2401
vn -0.1359 0.9800 -0.1450
vn 0.3548 -0.8866 -0.2967
vn 0.0482 0.5693 0.8207
vn -0.0496 0.4431 -0.8951
vn 0.4865 -0.7912 0.3706
vn 0.2415 -0.7120 -0.6594
vn 0.0748 -0.1057 -0.9916
vn 0.3234 0.2046 0.9239
vn 0.9831 0.0638 0.1715
vn 0.8324 0.1303 0.5386
vn 0.9717 0.0299 -0.2344
vn 0.4211 -0.0357 -0.9063
vn -0.1931 -0.0586 -0.9794
vn -0.9367 -0.2128 -0.2780
vn -0.2077 0.1687 0.9635
vn 0.7588 -0.5714 -0.3125
vn 0.4918 -0.7614 0.4223
vn 0.6517 -0.7081 0.2716
vn -0.0560 -0.4677 0.8821
vn 0.7909 -0.4460 0.4190
vn 0.8103 -0.4703 0.3496
vn 0.2753 -0.9080 0.3157
vn 0.2631 -0.8963 0.3569
vn -0.1731 -0.2821 0.9437
vn 0.0468 -0.0373 0.9982
vn 0.1696 -0.5422 -0.8230
vn 0.4646 -0.5322 -0.7077
vn -0.6525 0.5676 0.5021
vn -0.8852 0.3530 0.3030
vn -0.5733 -0.5491 0.6082
vn -0.7032 -0.5065 0.4989
vn -0.7265 0.6251 -0.2854
vn -0.8283 -0.4969 -0.2588
vn -0.7027 -0.6037 -0.3766
vn -0.7901 0.5313 -0.3056
vn 0.6127 -0.7536 -0.2378
vn 0.1804 -0.9588 -0.2194
vn -0.9726 0.1789 -0.1483
vn -0.6876 0.7218 -0.0788
vn -0.3468 0.2041 -0.9155
vn -0.3770 -0.4048 -0.8331
vn -0.9165 -0.2876 -0.2781
vn -0.7734 -0.5389 -0.3336
vn 0.3005 -0.2576 -0.9183
vn 0.1309 -0.5851 -0.8003
vn -0.4214 0.2409 -0.8743
vn 0.3378 -0.3870 -0.8580
vn -0.2734 0.3563 0.8935
vn -0.9700 -0.0868 -0.2272
vn -0.9629 -0.2307 -0.1401
vn -0.9447 -0.2754 -0.1780
vn -0.7604 -0.3694 -0.5341
vn 0.1775 0.1656 0.9701
vn -0.6932 0.4417 0.5696
vn 0.4893 -0.7829 -0.3842
vn 0.9185 -0.3735 -0.1297
vn 0.1470 0.0565 0.9875
vn -0.1712 -0.3480 0.9217
vn 0.5266 -0.6331 0.5674
vn 0.5119 -0.5806 0.6331
vn -0.7500 0.3979 0.5284
vn -0.7942 0.4609 0.3959
vn 0.6418 0.0059 -0.7669
vn -0.8381 0.4550 -0.3011
vn -0.9235 0.2205 -0.3140
vn 0.3759 -0.1535 -0.9139
vn -0.1169 -0.4816 -0.8686
vn -0.6724 0.4815 -0.5622
vn -0.0205 -0.4127 -0.9107
vn -0.9495 -0.2932 0.1114
vn -0.5822 0.3406 -0.7383
vn 0.3510 -0.9349 -0.0523
vn -0.0729 -0.8930 0.4441
vn -0.5151 -0.6967 0.4992
vn -0.8647 0.2826 -0.4152
vn 0.9444 0.1656 0.2841
vn -0.0305 0.6712 0.7406
vn -0.7652 0.5497 -0.3351
vn -0.0195 0.6543 0.7560
vn 0.4243 0.5165 0.7438
vn -0.2162 0.3223 -0.9216
vn -0.4666 0.8776 0.1099
vn -0.7282 0.4756 -0.4934
vn 0.9218 0.3009 -0.2443
vn 0.8712 0.1213 0.4757
vn -0.7742 0.5280 -0.3490
vn 0.4120 0.3937 -0.8218
vn -0.4895 0.0018 -0.8720
vn 0.9131 -0.1320 0.3857
vn 0.6431 -0.4085 -0.6477
vn 0.2066 -0.3509 -0.9133
vn 0.2417 -0.0894 0.9662
vn -0.8781 0.3535 0.3224
vn -0.8823 0.3352 -0.3304
vn 0.9645 -0.1928 -0.1807
vn -0.4540 0.1498 0.8783
vn 0.5157 -0.7927 0.3249
vn 0.3709 -0.7606 -0.5329
vn -0.1295 -0.5736 -0.8088
vn -0.1269 -0.5199 0.8448
vn -0.9662 0.0505 0.2528
vn -0.9307 0.2180 -0.2939
vn 0.4949 -0.8561 -0.1490
vn -0.6373 -0.2159 0.7398
vn -0.6241 -0.0148 -0.7812
vn 0.8442 -0.4761 -0.2463
vn -0.5576 0.1170 0.8218
vn -0.5535 0.0620 -0.8306
vn 0.7971 -0.4778 0.3692
vn 0.7447 -0.3568 -0.5640
vn 0.0816 -0.0786 -0.9936
vn 0.1602 -0.1364 0.9776
vn -0.9336 0.2713 0.2343
vn -0.9560 0.1885 -0.2246
vn 0.2621 0.1108 -0.9587
vn -0.0325 -0.3393 0.9401
vn -0.8181 0.5303 0.2223
vn -0.8047 0.5779 -0.1358
vn 0.5745 -0.7548 -0.3165
vn -0.5741 0.2528 0.7788
vn -0.2960 0.3908 -0.8716
vn 0.2300 -0.9093 0.3469
vn 0.7368 -0.2964 -0.6077
vn 0.0239 -0.9031 0.4288
vn 0.4472 -0.6054 -0.6584
vn 0.1883 -0.0496 -0.9809
vn -0.2014 -0.2616 0.9439
vn -0.4869 0.8379 0.2467
vn -0.4546 0.8777 -0.1516
vn 0.4451 -0.8444 -0.2982
vn -0.3954 0.4429 0.8047
vn -0.1104 0.4263 -0.8978
vn -0.3246 -0.1851 0.9275
vn 0.1131 0.9641 0.2401
vn 0.1359 0.9800 -0.1450
vn -0.3548 -0.8866 -0.2967
vn -0.0482 0.5693 0.8207
vn 0.0496 0.4431 -0.8951
vn -0.4865 -0.7912 0.3706
vn -0.2415 -0.7120 -0.6594
vn -0.0748 -0.1057 -0.9916
vn 0.9398 -0.1609 0.3016
vn 0.8820 0.3096 0.3553
vn 0.5989 0.6964 0.3955
vn 0.9524 0.3049 -0.0000
vn 0.2270 0.9188 0.3231
vn -0.3458 0.9045 0.2496
vn 0.2847 -0.2070 0.9360
vn 0.2114 0.0551 0.9759
vn 0.1068 0.4612 0.8809
vn 0.0137 0.5408 0.8410
vn 0.2082 0.9781 -0.0000
vn 0.6436 0.7654 -0.0000
vn 0.9893 -0.1460 -0.0000
vn -0.8086 0.3934 0.4376
vn 0.9398 -0.1609 -0.3016
vn 0.8820 0.3096 -0.3553
vn 0.5989 0.6964 -0.3955
vn -0.8342 0.0300 0.5507
vn 0.2270 0.9188 -0.3231
vn -0.3458 0.9045 -0.2496
vn 0.2847 -0.2070 -0.9360
vn 0.2114 0.0551 -0.9759
vn 0.1068 0.4612 -0.8809
vn 0.0137 0.5408 -0.8410
vn -0.7422 0.6702 -0.0000
vn -0.8086 0.3934 -0.4376
vn -0.7523 -0.4504 0.4808
vn -0.8221 0.3620 0.4394
vn -0.3572 0.9340 -0.0000
vn -0.7629 0.6085 0.2186
vn -0.8221 0.3620 -0.4394
vn -0.7523 -0.4504 -0.4808
vn -0.8342 0.0300 -0.5507
vn -0.7629 0.6085 -0.2186
vn 0.6187 -0.7660 -0.1742
vn 0.6187 -0.7660 0.1742
vn 0.4165 -0.8123 -0.4084
vn 0.4165 -0.8123 0.4084
vn 0.6401 -0.7683 -0.0000
vn -0.4144 -0.9100 -0.0132
vn -0.4144 -0.9100 0.0132
vn -0.4722 -0.8644 -0.1730
vn -0.9758 -0.2178 -0.0186
vn 0.0102 -0.9999 -0.0000
vn -0.4722 -0.8644 0.1730
vn -0.9752 -0.2214 -0.0000
vn -0.9711 -0.0635 0.2300
vn -0.9758 -0.2178 0.0186
vn -0.9740 -0.0825 0.2109
vn -0.9711 -0.0635 -0.2300
vn 0.0149 -0.9996 -0.0243
vn -0.9714 -0.0664 0.2282
vn -0.9740 -0.0825 -0.2109
vn 0.2667 -0.8791 -0.3950
vn -0.9294 -0.3354 0.1540
vn -0.9714 -0.0664 -0.2282
vn 0.0149 -0.9996 0.0243
vn -0.9294 -0.3354 -0.1540
vn 0.2667 -0.8791 0.3950
vn -0.9398 -0.1609 0.3016
vn -0.8820 0.3096 0.3553
vn -0.5989 0.6964 0.3955
vn -0.9524 0.3049 -0.0000
vn -0.2270 0.9188 0.3231
vn 0.3458 0.9045 0.2496
vn -0.2847 -0.2070 0.9360
vn -0.2114 0.0551 0.9759
vn -0.1068 0.4612 0.8809
vn -0.0137 0.5408 0.8410
vn -0.2082 0.9781 -0.0000
vn -0.6436 0.7654 -0.0000
vn -0.9893 -0.1460 -0.0000
vn 0.8086 0.3934 0.4376
vn -0.9398 -0.1609 -0.3016
vn -0.8820 0.3096 -0.3553
vn -0.5989 0.6964 -0.3955
vn 0.8342 0.0300 0.5507
vn -0.2270 0.9188 -0.3231
vn 0.3458 0.9045 -0.2496
vn -0.2847 -0.2070 -0.9360
vn -0.2114 0.0551 -0.9759
vn -0.1068 0.4612 -0.8809
vn -0.0137 0.5408 -0.8410
vn 0.7422 0.6702 -0.0000
vn 0.8086 0.3934 -0.4376
vn 0.7523 -0.4504 0.4808
vn 0.8221 0.3620 0.4394
vn 0.3573 0.9340 -0.0000
vn 0.7629 0.6085 0.2186
vn 0.8221 0.3620 -0.4394
vn 0.7523 -0.4504 -0.4808
vn 0.8342 0.0300 -0.5507
vn 0.7629 0.6085 -0.2186
vn -0.6187 -0.7660 -0.1742
vn -0.6187 -0.7660 0.1742
vn -0.4165 -0.8123 -0.4084
vn -0.4165 -0.8123 0.4084
vn -0.6401 -0.7683 -0.0000
vn 0.4144 -0.9100 -0.0132
vn 0.4144 -0.9100 0.0132
vn 0.4722 -0.8644 -0.1730
vn 0.9758 -0.2178 -0.0186
vn -0.0102 -0.9999 -0.0000
vn 0.4722 -0.8644 0.1730
vn 0.9752 -0.2214 -0.0000
vn 0.9711 -0.0635 0.2300
vn 0.9758 -0.2178 0.0186
vn 0.9740 -0.0825 0.2109
vn 0.9711 -0.0635 -0.2300
vn -0.0149 -0.9996 -0.0243
vn 0.9714 -0.0664 0.2282
vn 0.9740 -0.0825 -0.2109
vn -0.2667 -0.8791 -0.3950
vn 0.9294 -0.3354 0.1540
vn 0.9714 -0.0664 -0.2282
vn -0.0149 -0.9996 0.0243
vn 0.9294 -0.3354 -0.1540
vn -0.2667 -0.8791 0.3950
vn -0.1233 0.2569 0.9585
vn 0.3828 0.1365 0.9137
vn 0.7655 -0.0181 0.6432
vn 0.9514 -0.1633 0.2612
vn 0.9394 -0.2910 -0.1811
vn 0.6783 -0.3786 -0.6297
vn 0.1771 -0.3729 -0.9108
vn -0.3990 -0.2563 -0.8804
vn -0.8369 -0.0745 -0.5423
vn -0.9933 0.1003 -0.0569
vn -0.8875 0.2275 0.4007
vn -0.5826 0.2884 0.7599
vn -0.5622 0.4105 0.7179
vn 0.7180 -0.2449 -0.6515
vn 0.9691 -0.1615 -0.1863
vn 0.9679 -0.0325 0.2493
vn -0.1135 0.3611 0.9256
vn 0.7811 0.1005 0.6163
vn -0.8564 0.3813 0.3481
vn 0.3965 0.2418 0.8856
vn -0.9539 0.2739 -0.1229
vn -0.7896 0.0986 -0.6057
vn -0.3526 -0.0905 -0.9314
vn 0.2199 -0.2205 -0.9503
vn -0.2583 0.9650 0.0453
vn -0.0869 0.5997 -0.7955
vn 0.7709 0.6171 -0.1577
vn -0.1068 0.9655 0.2374
vn 0.5032 0.8261 0.2537
vn -0.3833 0.7974 -0.4660
vn 0.6842 0.5136 -0.5177
vn 0.6514 0.7414 0.1613
vn -0.4160 0.8761 -0.2438
vn 0.3748 0.5111 -0.7735
vn 0.7099 0.7026 0.0489
vn -0.4206 -0.6771 -0.6038
vn 0.0500 -0.7583 -0.6499
vn -0.1825 -0.2382 0.9539
vn -0.5782 -0.1696 0.7981
vn 0.4698 -0.7673 -0.4365
vn 0.7082 -0.7021 -0.0740
vn 0.7452 -0.5918 0.3074
vn 0.5926 -0.4651 0.6576
vn -0.8563 -0.1899 0.4803
vn 0.2516 -0.3421 0.9054
vn -0.9397 -0.3342 0.0723
vn -0.7834 -0.5285 -0.3270
vn 0.7843 -0.0249 0.6199
vn -0.9841 0.1554 -0.0856
vn 0.1493 -0.3820 -0.9120
vn 0.9563 -0.1923 0.2204
vn -0.8769 0.2810 0.3899
vn -0.0950 0.2851 0.9538
vn -0.4106 -0.2418 -0.8792
vn 0.9179 -0.3285 -0.2226
vn -0.5575 0.3263 0.7633
vn 0.4058 0.1536 0.9010
vn -0.8284 -0.0370 -0.5588
vn 0.6430 -0.4076 -0.6484
vn -0.4010 -0.8405 -0.3644
vn 0.4821 -0.8749 0.0472
vn -0.5477 -0.3498 0.7600
vn 0.1508 -0.4657 0.8720
vn -0.6924 -0.7020 -0.1665
vn 0.2864 -0.9278 -0.2389
vn 0.4093 -0.6343 0.6559
vn -0.8220 -0.5477 0.1562
vn -0.0436 -0.9193 -0.3912
vn 0.5141 -0.7772 0.3627
vn -0.7608 -0.4240 0.4913
vn -0.2163 -0.3542 0.9098
vn -0.5723 0.2824 0.7699
vn 0.4138 0.1365 0.9001
vn -0.8212 -0.3285 -0.4667
vn 0.5092 -0.7103 -0.4859
vn 0.7629 -0.1059 0.6378
vn -0.9977 -0.0371 -0.0575
vn 0.0623 -0.7157 -0.6956
vn 0.8940 -0.3586 0.2685
vn -0.9004 0.1755 0.3982
vn -0.0868 0.2801 0.9560
vn -0.4218 -0.5821 -0.6952
vn 0.8074 -0.5753 -0.1305
vn -0.2006 -0.9380 0.2826
vn 0.1604 -0.7762 0.6098
vn -0.6863 -0.6911 0.2268
vn -0.2216 -0.9476 0.2300
vn 0.1210 -0.9102 0.3962
vn -0.6653 -0.5735 0.4780
vn -0.2507 -0.5387 0.8044
vn -0.3288 -0.9414 0.0751
vn -0.0656 -0.9585 0.2773
vn -0.5005 -0.5197 0.6924
vn 0.0064 -0.6315 0.7754
vn -0.5437 -0.8375 0.0538
vn 0.7452 -0.1278 0.6545
vn -0.6630 0.1804 0.7265
vn -0.7957 -0.3937 -0.4604
vn 0.8762 -0.4206 0.2355
vn -0.1815 0.2171 0.9591
vn -0.9792 -0.1720 -0.1079
vn 0.7270 -0.6615 -0.1841
vn -0.0319 -0.7399 -0.6719
vn 0.3491 0.1090 0.9307
vn -0.9452 0.0330 0.3249
vn 0.3898 -0.7719 -0.5023
vn -0.4548 -0.5975 -0.6604
vn -0.3168 -0.9433 0.0997
vn -0.0271 -0.8946 0.4460
vn -0.3725 -0.8071 0.4580
vn -0.4081 -0.8990 0.1592
vn 0.0149 -0.9383 0.3455
vn -0.2547 -0.8167 0.5178
vn -0.4520 -0.8559 0.2511
vn -0.0035 -0.9717 0.2364
vn -0.1956 -0.9764 0.0919
vn -0.1249 -0.8497 0.5122
vn -0.4418 -0.8226 0.3580
vn -0.0794 -0.9866 0.1428
vn 0.1785 0.9354 0.3053
vn -0.0000 0.9397 0.3420
vn -0.0000 0.4233 -0.9060
vn -0.2853 0.3457 -0.8939
vn 0.8475 0.5123 -0.1388
vn -0.0000 -0.9517 -0.3071
vn 0.4130 0.5879 -0.6956
vn -0.2551 -0.9432 -0.2127
vn 0.0797 -0.5069 -0.8583
vn 0.8029 -0.4192 -0.4239
vn 0.4680 -0.8555 0.2217
vn -0.2375 -0.7433 -0.6254
vn 0.5107 -0.3727 -0.7748
vn 0.7852 -0.6191 -0.0111
vn 0.0371 -0.9897 0.1383
vn 0.8606 -0.3051 -0.4078
vn 0.4710 -0.8126 0.3432
vn -0.3701 -0.9147 -0.1621
vn 0.0194 -0.4072 -0.9131
vn 0.8400 -0.5377 0.0723
vn -0.0302 -0.9688 0.2461
vn -0.3496 -0.6821 -0.6423
vn 0.5206 -0.2511 -0.8160
vn 0.8271 -0.5598 0.0507
vn -0.0128 -0.9758 0.2184
vn -0.3408 -0.9236 -0.1755
vn 0.0351 -0.4338 -0.9003
vn 0.8469 -0.3353 -0.4127
vn 0.4710 -0.8251 0.3121
vn -0.3210 -0.6991 -0.6389
vn 0.5189 -0.2832 -0.8066
vn 0.3422 -0.8513 -0.3977
vn 0.9461 0.0880 -0.3117
vn 0.4280 -0.5870 0.6872
vn -0.6909 -0.7228 0.0151
vn -0.1728 -0.0478 -0.9838
vn 0.9188 -0.2214 0.3269
vn -0.2387 -0.7947 0.5580
vn -0.6635 -0.4134 -0.6235
vn 0.4940 0.1599 -0.8546
vn 0.3422 -0.8513 -0.3978
vn 0.3423 -0.8513 -0.3977
vn 0.3423 -0.8513 -0.3978
vn 0.9427 0.1808 -0.2806
vn -0.2148 0.0403 -0.9758
vn -0.7508 -0.6580 0.0576
vn -0.2831 -0.7324 0.6192
vn 0.9144 -0.1393 0.3801
vn 0.4749 0.2551 -0.8422
vn -0.7225 -0.3380 -0.6031
vn 0.4067 -0.5176 0.7528
vn 0.2641 -0.2577 0.9294
vn -0.0000 -0.9802 0.1980
vn -0.0000 -0.8286 -0.5599
vn -0.0000 -0.3378 0.9412
vn 0.8364 0.1491 0.5274
vn 0.2853 0.3457 -0.8939
vn -0.8475 0.5123 -0.1388
vn -0.4130 0.5879 -0.6956
vn 0.2551 -0.9432 -0.2127
vn -0.0797 -0.5069 -0.8583
vn -0.8029 -0.4192 -0.4239
vn -0.4680 -0.8555 0.2217
vn 0.2375 -0.7433 -0.6254
vn -0.5107 -0.3727 -0.7748
vn -0.7852 -0.6191 -0.0111
vn -0.0371 -0.9897 0.1383
vn -0.8606 -0.3051 -0.4078
vn -0.4710 -0.8126 0.3432
vn 0.3701 -0.9147 -0.1621
vn -0.0194 -0.4072 -0.9131
vn -0.8400 -0.5377 0.0723
vn 0.0302 -0.9688 0.2461
vn 0.3496 -0.6821 -0.6423
vn -0.5206 -0.2511 -0.8160
vn -0.8271 -0.5598 0.0507
vn 0.0128 -0.9758 0.2184
vn 0.3408 -0.9236 -0.1755
vn -0.0351 -0.4338 -0.9003
vn -0.8469 -0.3353 -0.4127
vn -0.4710 -0.8251 0.3121
vn 0.3210 -0.6991 -0.6389
vn -0.5189 -0.2831 -0.8066
vn -0.3422 -0.8513 -0.3977
vn -0.9461 0.0880 -0.3117
vn -0.4280 -0.5870 0.6872
vn 0.6909 -0.7228 0.0151
vn 0.1728 -0.0478 -0.9838
vn -0.9188 -0.2214 0.3269
vn 0.2387 -0.7947 0.5580
vn 0.6635 -0.4134 -0.6235
vn -0.4940 0.1599 -0.8546
vn -0.3422 -0.8513 -0.3978
vn -0.3423 -0.8513 -0.3977
vn -0.9427 0.1808 -0.2806
vn 0.2148 0.0403 -0.9758
vn 0.7508 -0.6580 0.0576
vn 0.2831 -0.7324 0.6192
vn -0.9144 -0.1393 0.3801
vn -0.4749 0.2551 -0.8422
vn 0.7225 -0.3380 -0.6031
vn -0.4067 -0.5176 0.7528
vn -0.2641 -0.2577 0.9294
vn -0.8364 0.1491 0.5274
vn 0.1331 0.5052 0.8527
vn 0.5690 0.6193 0.5410
vn 0.5152 0.8497 0.1123
vn 0.3323 0.8961 -0.2943
vn -0.1335 0.9356 -0.3269
vn -0.0000 0.4578 0.8891
vn 0.0003 0.9364 -0.3509
vn -0.1331 0.5052 0.8527
vn -0.5690 0.6193 0.5410
vn -0.5152 0.8497 0.1123
vn -0.3323 0.8961 -0.2943
vn 0.1335 0.9356 -0.3269
vn -0.0003 0.9364 -0.3509
vn 0.3621 -0.4193 0.8325
vn 0.3658 -0.0768 0.9275
vn 0.8678 0.4518 0.2070
vn 0.9582 -0.1564 0.2397
vn -0.7436 -0.0650 0.6654
vn -0.5733 -0.5120 0.6397
vn -0.0392 0.9193 0.3916
vn 0.2281 -0.9241 0.3067
vn -0.8399 -0.5327 -0.1042
vn 0.5520 0.7065 -0.4428
vn -0.3130 0.9360 -0.1609
vn -0.9460 0.3229 0.0288
vn -0.0783 -0.8661 -0.4937
vn 0.7639 -0.0954 -0.6382
vn 0.9626 0.1179 -0.2437
vn 0.9388 0.2663 0.2185
vn 0.4044 0.1288 -0.9055
vn -0.2285 0.1346 -0.9642
vn -0.5092 0.1381 -0.8495
vn -0.9599 0.1117 -0.2571
vn -0.9444 0.0223 0.3281
vn -0.8734 0.1169 0.4728
vn -0.5234 0.7949 0.3070
vn 0.7512 0.4896 0.4427
vn -0.4021 0.7021 -0.5877
vn 0.7341 0.6767 -0.0559
vn 0.2735 0.6821 -0.6782
vn -0.6493 0.7605 -0.0097
vn -0.4898 0.4250 0.7612
vn -0.1813 0.6934 -0.6973
vn -0.2389 0.0853 0.9673
vn 0.7346 0.1070 0.6700
vn 0.9344 0.1728 -0.3114
vn -0.2213 0.0417 -0.9743
vn 0.3330 0.2255 -0.9156
vn 0.9413 0.2944 -0.1654
vn -0.9924 -0.0449 -0.1147
vn -0.5464 -0.0400 -0.8366
vn -0.5805 0.3784 0.7210
vn -0.6773 0.6163 0.4019
vn 0.9029 0.2812 0.3250
vn 0.3329 0.2341 0.9134
vn -0.8754 0.3210 0.3614
vn -0.9223 0.3691 0.1149
vn -0.9273 0.0160 0.3740
vn 0.2768 0.0146 -0.9608
vn 0.9435 0.0939 -0.3177
vn 0.8456 0.5251 -0.0961
vn 0.4574 0.8218 0.3398
vn 0.1775 0.8427 0.5083
vn -0.2356 0.7352 0.6356
vn -0.7525 0.4109 0.5147
vn -0.6651 0.5483 -0.5070
vn -0.3469 0.8952 -0.2797
vn -0.1768 0.8807 -0.4394
vn -0.0192 0.8416 -0.5397
vn 0.1987 0.5848 -0.7864
vn -0.8270 -0.0450 -0.5604
vn -0.9289 0.0068 0.3702
vn -0.0119 -0.0735 0.9972
vn 0.3696 -0.0054 0.9292
vn 0.6181 -0.0848 0.7815
vn 0.7964 -0.1276 0.5912
vn -0.1756 -0.2615 0.9491
vn -0.2766 0.8420 0.4631
vn 0.5367 0.8347 0.1234
vn 0.1434 0.9093 0.3906
vn 0.6508 0.7592 -0.0090
vn -0.5753 0.6867 0.4444
vn -0.7685 0.0114 0.6398
vn 0.3503 -0.0000 0.9366
vn -0.4792 -0.0000 0.8777
vn 0.9993 0.0334 -0.0168
vn 0.9424 -0.0000 0.3345
vn -0.0000 -1.0000 -0.0000
vn 0.1030 -0.1711 0.9799
vn 0.6040 0.0579 0.7949
vn 0.9151 0.2386 0.3250
vn 0.9181 0.2848 -0.2757
vn 0.6298 0.2114 -0.7474
vn 0.0440 -0.0067 -0.9990
vn -0.5729 -0.2102 -0.7922
vn -0.9036 -0.3013 -0.3044
vn -0.8549 -0.4480 0.2615
vn -0.4357 -0.4004 0.8061
vn -0.8776 -0.3430 -0.3351
vn -0.5240 -0.1593 -0.8367
vn 0.0050 0.0415 -0.9991
vn 0.6785 0.1355 -0.7220
vn 0.9493 0.1096 -0.2946
vn 0.2109 -0.3781 0.9014
vn 0.9395 0.0164 0.3421
vn 0.6222 -0.2225 0.7506
vn -0.4095 -0.4931 0.7676
vn -0.8007 -0.5108 0.3130
vn -0.1900 0.8158 0.5462
vn -0.4765 0.5874 0.6541
vn -0.9744 0.1753 0.1404
vn -0.9685 0.1781 -0.1740
vn -0.8337 0.2686 -0.4824
vn -0.8271 0.3083 0.4700
vn -0.3938 0.5913 -0.7037
vn -0.1530 0.7775 -0.6099
vn 0.0808 0.9827 -0.1667
vn 0.0423 0.9705 0.2374
vn -0.8347 -0.4909 -0.2494
vn 0.5503 0.3002 -0.7791
vn 0.3595 0.4522 0.8162
vn -0.8798 -0.4435 0.1712
vn 0.1069 -0.0941 -0.9898
vn 0.6913 0.6597 0.2947
vn -0.5809 -0.1971 0.7898
vn -0.4892 -0.4116 -0.7690
vn 0.7573 0.6210 -0.2024
vn -0.1040 0.1186 0.9875
vn 0.2915 0.5505 -0.7823
vn 0.0813 0.6892 0.7200
vn -0.7624 -0.6242 0.1709
vn -0.0698 0.1537 -0.9856
vn 0.4242 0.8592 0.2861
vn -0.6285 -0.1358 0.7659
vn -0.5028 -0.3977 -0.7675
vn 0.5203 0.8303 -0.1995
vn -0.2909 0.3529 0.8893
vn -0.7042 -0.6630 -0.2541
vn 0.2819 -0.6042 0.7453
vn -0.5537 -0.7812 -0.2885
vn 0.6185 -0.4896 -0.6146
vn 0.4935 -0.5889 0.6400
vn -0.5311 -0.8270 0.1846
vn 0.0752 -0.5467 -0.8340
vn 0.6522 -0.5354 0.5366
vn 0.0248 -0.6800 0.7328
vn -0.2484 -0.6774 -0.6924
vn 0.8298 -0.4786 -0.2871
vn -0.0252 0.3296 -0.9438
vn 0.9403 0.1409 0.3099
vn -0.5926 -0.3267 0.7363
vn -0.6014 0.1762 -0.7793
vn 0.9263 0.3009 -0.2267
vn 0.1943 -0.1748 0.9653
vn -0.9583 -0.1054 -0.2658
vn 0.6354 0.3636 -0.6812
vn 0.5584 -0.0581 0.8275
vn -0.8770 -0.3081 0.3688
vn 0.1816 0.9295 0.3210
vn -0.3976 0.7530 0.5243
vn -0.3456 0.9210 -0.1798
vn 0.1199 0.9912 0.0553
vn -0.0745 0.6609 0.7468
vn -0.4188 0.9068 0.0487
vn 0.0855 0.9598 -0.2672
vn 0.2504 0.7745 0.5809
vn -0.4135 0.8729 0.2588
vn -0.1121 0.9199 -0.3759
vn 0.3504 0.4894 -0.7986
vn 0.8987 0.3900 -0.2004
vn 0.3526 -0.0763 -0.9327
vn 0.9551 -0.0897 -0.2824
vn 0.2992 0.3723 -0.8786
vn 0.9663 0.1855 -0.1783
vn -0.5465 0.3565 -0.7578
vn -0.0575 0.4411 -0.8956
vn -0.4711 -0.2612 -0.8425
vn -0.0360 -0.1471 -0.9885
vn -0.2105 0.3346 -0.9185
vn -0.6019 0.2127 -0.7697
vn -0.8925 -0.0734 0.4449
vn -0.9239 0.2348 -0.3020
vn -0.7772 -0.4395 -0.4503
vn -0.7690 -0.5522 0.3219
vn -0.9211 -0.1303 0.3669
vn -0.9591 0.0214 -0.2823
vn -0.3338 -0.3207 0.8864
vn -0.2370 -0.4069 0.8822
vn -0.4394 -0.2054 0.8745
vn 0.3365 -0.1180 0.9343
vn 0.3466 -0.2663 0.8994
vn 0.8937 0.0949 0.4384
vn 0.8003 -0.1849 0.5703
vn 0.8192 -0.0265 0.5728
vn 0.5616 -0.0906 0.8225
vn 0.1942 -0.2259 0.9546
vn 0.3400 -0.2619 0.9032
vn 0.3137 -0.5659 0.7625
vn 0.9826 0.1768 -0.0571
vn 0.2701 -0.5924 0.7590
vn 0.6484 -0.3120 0.6944
vn -0.4793 -0.3855 -0.7885
vn -0.4305 -0.8889 0.1567
vn 0.3408 -0.2873 -0.8952
vn -0.6088 -0.7465 -0.2684
vn -0.1758 -0.3017 -0.9371
vn 0.7294 -0.6582 -0.1864
vn -0.5315 -0.8295 0.1713
vn 0.9314 0.2042 -0.3012
vn 0.8275 -0.5172 -0.2186
vn -0.3621 -0.4193 0.8325
vn -0.3658 -0.0768 0.9275
vn -0.8678 0.4518 0.2070
vn -0.9582 -0.1564 0.2397
vn 0.7436 -0.0650 0.6654
vn 0.5733 -0.5120 0.6397
vn 0.0392 0.9193 0.3916
vn -0.2281 -0.9241 0.3067
vn 0.8399 -0.5327 -0.1042
vn -0.5520 0.7065 -0.4428
vn 0.3130 0.9360 -0.1609
vn 0.9460 0.3229 0.0288
vn 0.0783 -0.8661 -0.4937
vn -0.7639 -0.0954 -0.6382
vn -0.9626 0.1179 -0.2437
vn -0.9388 0.2663 0.2185
vn -0.4044 0.1288 -0.9055
vn 0.2285 0.1346 -0.9642
vn 0.5092 0.1381 -0.8495
vn 0.9599 0.1117 -0.2571
vn 0.9444 0.0223 0.3281
vn 0.8734 0.1169 0.4728
vn 0.5234 0.7949 0.3070
vn -0.7512 0.4896 0.4427
vn 0.4021 0.7021 -0.5877
vn -0.7341 0.6767 -0.0559
vn -0.2735 0.6821 -0.6782
vn 0.6493 0.7605 -0.0097
vn 0.4898 0.4250 0.7612
vn 0.1813 0.6934 -0.6973
vn 0.2389 0.0853 0.9673
vn -0.7346 0.1070 0.6700
vn -0.9344 0.1728 -0.3114
vn 0.2213 0.0417 -0.9743
vn -0.3330 0.2255 -0.9156
vn -0.9413 0.2944 -0.1654
vn 0.9924 -0.0449 -0.1147
vn 0.5464 -0.0400 -0.8366
vn 0.5805 0.3784 0.7210
vn 0.6773 0.6163 0.4019
vn -0.9029 0.2812 0.3250
vn -0.3329 0.2341 0.9134
vn 0.8754 0.3210 0.3614
vn 0.9223 0.3691 0.1149
vn 0.9273 0.0160 0.3740
vn -0.2768 0.0146 -0.9608
vn -0.9435 0.0939 -0.3177
vn -0.8456 0.5251 -0.0961
vn -0.4574 0.8218 0.3398
vn -0.1775 0.8427 0.5083
vn 0.2356 0.7352 0.6356
vn 0.7525 0.4109 0.5147
vn 0.6651 0.5483 -0.5070
vn 0.3469 0.8952 -0.2797
vn 0.1768 0.8807 -0.4394
vn 0.0192 0.8416 -0.5397
vn -0.1987 0.5848 -0.7864
vn 0.8270 -0.0450 -0.5604
vn 0.9289 0.0068 0.3702
vn 0.0119 -0.0736 0.9972
vn -0.3696 -0.0054 0.9292
vn -0.6181 -0.0848 0.7815
vn -0.7964 -0.1276 0.5912
vn 0.1756 -0.2615 0.9491
vn 0.2766 0.8420 0.4631
vn -0.5367 0.8347 0.1234
vn -0.1434 0.9093 0.3906
vn -0.6508 0.7592 -0.0090
vn 0.5753 0.6867 0.4444
vn 0.7685 0.0114 0.6398
vn -0.3503 -0.0000 0.9366
vn 0.4792 -0.0000 0.8777
vn -0.9993 0.0334 -0.0168
vn -0.9424 -0.0000 0.3345
vn -0.1030 -0.1711 0.9799
vn -0.6040 0.0579 0.7949
vn -0.9151 0.2386 0.3250
vn -0.9181 0.2848 -0.2757
vn -0.6298 0.2114 -0.7474
vn -0.0440 -0.0067 -0.9990
vn 0.5729 -0.2102 -0.7922
vn 0.9036 -0.3013 -0.3044
vn 0.8549 -0.4480 0.2615
vn 0.4357 -0.4004 0.8061
vn 0.8776 -0.3430 -0.3351
vn 0.5240 -0.1593 -0.8367
vn -0.0050 0.0415 -0.9991
vn -0.6785 0.1355 -0.7220
vn -0.9493 0.1096 -0.2946
vn -0.2109 -0.3781 0.9014
vn -0.9395 0.0164 0.3421
vn -0.6222 -0.2225 0.7506
vn 0.4095 -0.4931 0.7676
vn 0.8007 -0.5108 0.3130
vn 0.1900 0.8158 0.5462
vn 0.4765 0.5874 0.6541
vn 0.9744 0.1753 0.1404
vn 0.9685 0.1781 -0.1740
vn 0.8337 0.2686 -0.4824
vn 0.8271 0.3083 0.4700
vn 0.3938 0.5913 -0.7037
vn 0.1530 0.7775 -0.6099
vn -0.0808 0.9827 -0.1667
vn -0.0423 0.9705 0.2374
vn 0.8347 -0.4909 -0.2494
vn -0.5503 0.3002 -0.7791
vn -0.3595 0.4522 0.8162
vn 0.8798 -0.4435 0.1712
vn -0.1069 -0.0941 -0.9898
vn -0.6913 0.6597 0.2947
vn 0.5809 -0.1971 0.7898
vn 0.4892 -0.4116 -0.7690
vn -0.7573 0.6210 -0.2024
vn 0.1040 0.1186 0.9875
vn -0.2915 0.5505 -0.7823
vn -0.0813 0.6892 0.7200
vn 0.7624 -0.6242 0.1709
vn 0.0698 0.1537 -0.9856
vn -0.4242 0.8592 0.2861
vn 0.6285 -0.1358 0.7659
vn 0.5028 -0.3977 -0.7675
vn -0.5203 0.8303 -0.1995
vn 0.2909 0.3529 0.8893
vn 0.7042 -0.6630 -0.2541
vn -0.2819 -0.6042 0.7453
vn 0.5537 -0.7812 -0.2885
vn -0.6185 -0.4896 -0.6146
vn -0.4935 -0.5889 0.6400
vn 0.5311 -0.8270 0.1846
vn -0.0752 -0.5467 -0.8340
vn -0.6522 -0.5354 0.5366
vn -0.0248 -0.6800 0.7328
vn 0.2484 -0.6774 -0.6924
vn -0.8298 -0.4786 -0.2871
vn 0.0252 0.3296 -0.9438
vn -0.9403 0.1409 0.3099
vn 0.5926 -0.3267 0.7363
vn 0.6014 0.1762 -0.7793
vn -0.9263 0.3009 -0.2267
vn -0.1943 -0.1748 0.9653
vn 0.9583 -0.1054 -0.2658
vn -0.6354 0.3636 -0.6812
vn -0.5584 -0.0581 0.8275
vn 0.8770 -0.3081 0.3688
vn -0.1816 0.9295 0.3210
vn 0.3976 0.7530 0.5243
vn 0.3456 0.9210 -0.1798
vn -0.1199 0.9912 0.0553
vn 0.0745 0.6609 0.7468
vn 0.4188 0.9068 0.0487
vn -0.0855 0.9598 -0.2672
vn -0.2504 0.7745 0.5809
vn 0.4135 0.8729 0.2588
vn 0.1121 0.9199 -0.3759
vn -0.3504 0.4894 -0.7986
vn -0.8987 0.3900 -0.2004
vn -0.3526 -0.0763 -0.9327
vn -0.9551 -0.0897 -0.2824
vn -0.2992 0.3723 -0.8786
vn -0.9663 0.1855 -0.1783
vn 0.5465 0.3565 -0.7578
vn 0.0575 0.4411 -0.8956
vn 0.4711 -0.2612 -0.8425
vn 0.0360 -0.1471 -0.9885
vn 0.2105 0.3346 -0.9185
vn 0.6019 0.2127 -0.7697
vn 0.8925 -0.0734 0.4449
vn 0.9239 0.2348 -0.3020
vn 0.7772 -0.4395 -0.4503
vn 0.7690 -0.5522 0.3219
vn 0.9211 -0.1303 0.3669
vn 0.9591 0.0214 -0.2823
vn 0.3338 -0.3207 0.8864
vn 0.2370 -0.4069 0.8822
vn 0.4394 -0.2054 0.8745
vn -0.3365 -0.1180 0.9343
vn -0.3466 -0.2663 0.8994
vn -0.8937 0.0949 0.4384
vn -0.8003 -0.1849 0.5703
vn -0.8192 -0.0265 0.5728
vn -0.5616 -0.0906 0.8225
vn -0.1942 -0.2259 0.9546
vn -0.3400 -0.2619 0.9032
vn -0.3137 -0.5659 0.7625
vn -0.9826 0.1768 -0.0571
vn -0.2701 -0.5924 0.7590
vn -0.6484 -0.3120 0.6944
vn 0.4793 -0.3855 -0.7885
vn 0.4305 -0.8889 0.1567
vn -0.3408 -0.2873 -0.8952
vn 0.6088 -0.7465 -0.2684
vn 0.1758 -0.3017 -0.9371
vn -0.7294 -0.6582 -0.1864
vn 0.5315 -0.8295 0.1713
vn -0.9314 0.2042 -0.3012
vn -0.8275 -0.5172 -0.2186
vn 0.3330 -0.2036 0.9207
vn 0.6106 -0.1787 0.7715
vn 0.7784 -0.1739 0.6032
vn 0.2749 -0.3812 0.8827
vn 0.2256 -0.8108 0.5402
vn 0.5125 -0.8128 0.2770
vn 0.4448 -0.8278 0.3420
vn 0.2038 0.5826 0.7868
vn -0.0911 -0.0616 0.9939
vn 0.1260 0.7421 0.6584
vn -0.6992 0.0320 0.7142
vn 0.7237 -0.1730 0.6681
vn 0.6845 -0.4201 0.5958
vn 0.3150 -0.6039 0.7322
vn 0.7480 -0.4220 0.5122
vn -0.0011 0.5704 0.8214
vn 0.5393 0.0353 0.8414
vn 0.5317 0.4120 0.7400
vn 0.5443 0.7114 0.4446
vn 0.6001 0.7913 0.1174
vn 0.7040 0.6748 -0.2214
vn 0.6210 0.3157 -0.7174
vn 0.6155 -0.0807 -0.7840
vn 0.5155 -0.4634 -0.7207
vn 0.7999 -0.3707 -0.4718
vn 0.9104 -0.0805 -0.4057
vn 0.9414 0.2820 -0.1852
vn 0.9313 0.3407 -0.1285
vn 0.9320 0.3540 0.0785
vn 0.9173 0.2471 0.3122
vn 0.9084 0.1065 0.4044
vn 0.8473 -0.0380 0.5297
vn 0.9411 -0.1266 0.3136
vn 0.9033 -0.3649 0.2255
vn 0.9872 0.1457 -0.0653
vn 0.9058 -0.4223 0.0334
vn 0.9597 -0.0681 -0.2727
vn 0.9874 0.1439 0.0654
vn 0.9245 -0.2828 -0.2557
vn 0.9058 -0.4080 -0.1146
vn 0.9100 -0.3369 0.2416
vn 0.9523 -0.1321 0.2753
vn 0.9815 0.0945 -0.1663
vn 0.9804 0.0593 0.1880
vn 0.6308 0.1040 0.7690
vn 0.7005 0.6829 -0.2075
vn 0.5105 -0.8338 -0.2101
vn 0.5797 -0.3039 0.7560
vn 0.7013 0.6807 0.2118
vn 0.5346 -0.6353 -0.5574
vn 0.6282 0.1152 -0.7695
vn 0.5361 -0.6467 0.5425
vn 0.6755 0.4668 0.5708
vn 0.5774 -0.2903 -0.7631
vn 0.6734 0.4734 -0.5677
vn 0.5110 -0.8383 0.1899
vn 0.1938 0.2355 -0.9523
vn 0.0229 -0.7189 0.6948
vn 0.2700 0.6587 0.7023
vn 0.1036 -0.2678 -0.9579
vn 0.2715 0.6682 -0.6927
vn -0.0219 -0.9684 0.2484
vn 0.1916 0.2214 0.9562
vn 0.3159 0.9156 -0.2488
vn -0.0212 -0.9640 -0.2649
vn 0.1011 -0.2830 0.9538
vn 0.3154 0.9123 0.2613
vn 0.0248 -0.7072 -0.7066
vn 0.9878 -0.1555 -0.0070
vn 0.9738 -0.1409 0.1784
vn 0.9000 0.4197 0.1175
vn 0.9472 0.0265 0.3196
vn 0.8177 0.5447 -0.1862
vn 0.9070 0.3062 0.2892
vn 0.9482 0.0881 -0.3053
vn 0.6765 0.6005 -0.4263
vn 0.5545 0.3702 -0.7453
vn 0.6686 0.5614 -0.4877
vn 0.4211 -0.0561 -0.9053
vn 0.3092 0.4558 0.8347
vn 0.4173 0.9022 0.1088
vn 0.3739 0.7945 0.4785
vn 0.4054 0.7038 -0.5833
vn 0.3725 0.4220 -0.8265
vn 0.4348 0.8623 -0.2596
vn 0.3608 -0.0365 -0.9319
vn 0.2555 -0.4325 -0.8647
vn 0.3444 -0.1605 0.9250
vn 0.4481 -0.8202 0.3557
vn 0.1433 -0.0483 0.9885
vn 0.0440 0.4764 0.8781
vn 0.1235 0.9863 0.1098
vn 0.0852 0.8512 0.5179
vn 0.1264 0.9632 -0.2374
vn 0.1347 0.7721 -0.6210
vn 0.1459 0.4548 -0.8786
vn 0.1278 -0.0262 -0.9915
vn 0.1317 -0.4148 -0.9003
vn 0.0736 -0.9482 -0.3092
vn 0.0325 -0.9468 -0.3201
vn 0.1942 -0.9010 -0.3879
vn 0.0600 -0.9531 -0.2967
vn 0.4131 -0.8659 -0.2821
vn 0.5004 -0.8658 -0.0070
vn 0.2946 -0.8077 -0.5106
vn 0.4476 -0.8924 -0.0569
vn 0.5128 -0.8412 -0.1716
vn 0.1739 -0.7959 -0.5799
vn 0.4438 -0.8476 -0.2908
vn 0.2686 -0.9633 0.0012
vn 0.0731 -0.7979 -0.5984
vn 0.2327 -0.7980 -0.5559
vn 0.4677 -0.8807 -0.0751
vn 0.1511 -0.9162 -0.3713
vn 0.1495 -0.8393 -0.5227
vn 0.3047 -0.9502 -0.0654
vn 0.1947 -0.9214 -0.3363
vn 0.0733 -0.8387 -0.5396
vn 0.1932 -0.8420 -0.5036
vn 0.2143 -0.9327 -0.2900
vn 0.2722 -0.9342 -0.2304
vn 0.2247 -0.8729 -0.4331
vn 0.3055 -0.9183 -0.2518
vn -0.3330 -0.2036 0.9207
vn -0.6106 -0.1787 0.7715
vn -0.7784 -0.1739 0.6032
vn -0.2749 -0.3812 0.8827
vn -0.2256 -0.8108 0.5402
vn -0.5125 -0.8128 0.2770
vn -0.4448 -0.8278 0.3420
vn -0.2038 0.5826 0.7868
vn 0.0911 -0.0616 0.9939
vn -0.1260 0.7421 0.6584
vn 0.6992 0.0320 0.7142
vn -0.7237 -0.1730 0.6681
vn -0.6845 -0.4201 0.5958
vn -0.3150 -0.6039 0.7322
vn -0.7480 -0.4220 0.5122
vn 0.0011 0.5704 0.8214
vn -0.5393 0.0353 0.8414
vn -0.5317 0.4120 0.7400
vn -0.5443 0.7114 0.4446
vn -0.6001 0.7913 0.1174
vn -0.7040 0.6748 -0.2214
vn -0.6210 0.3157 -0.7174
vn -0.6155 -0.0807 -0.7840
vn -0.5155 -0.4634 -0.7207
vn -0.7999 -0.3707 -0.4718
vn -0.9104 -0.0805 -0.4057
vn -0.9414 0.2820 -0.1852
vn -0.9313 0.3407 -0.1285
vn -0.9320 0.3540 0.0785
vn -0.9173 0.2471 0.3122
vn -0.9084 0.1065 0.4044
vn -0.8473 -0.0380 0.5297
vn -0.9411 -0.1266 0.3136
vn -0.9033 -0.3649 0.2255
vn -0.9872 0.1457 -0.0653
vn -0.9058 -0.4223 0.0334
vn -0.9597 -0.0681 -0.2727
vn -0.9874 0.1439 0.0654
vn -0.9245 -0.2828 -0.2557
vn -0.9058 -0.4080 -0.1146
vn -0.9100 -0.3369 0.2416
vn -0.9523 -0.1321 0.2753
vn -0.9815 0.0945 -0.1663
vn -0.9804 0.0593 0.1880
vn -0.6308 0.1040 0.7690
vn -0.7005 0.6829 -0.2075
vn -0.5105 -0.8338 -0.2101
vn -0.5797 -0.3039 0.7560
vn -0.7013 0.6807 0.2118
vn -0.5346 -0.6353 -0.5574
vn -0.6282 0.1152 -0.7695
vn -0.5361 -0.6467 0.5425
vn -0.6755 0.4668 0.5708
vn -0.5774 -0.2903 -0.7631
vn -0.6734 0.4734 -0.5677
vn -0.5110 -0.8383 0.1899
vn -0.1938 0.2355 -0.9523
vn -0.0229 -0.7189 0.6948
vn -0.2700 0.6587 0.7023
vn -0.1036 -0.2678 -0.9579
vn -0.2715 0.6682 -0.6927
vn 0.0219 -0.9684 0.2484
vn -0.1916 0.2214 0.9562
vn -0.3159 0.9156 -0.2488
vn 0.0212 -0.9640 -0.2649
vn -0.1011 -0.2830 0.9538
vn -0.3154 0.9123 0.2613
vn -0.0248 -0.7072 -0.7066
vn -0.9878 -0.1555 -0.0070
vn -0.9738 -0.1409 0.1784
vn -0.9000 0.4197 0.1175
vn -0.9472 0.0265 0.3196
vn -0.8177 0.5447 -0.1862
vn -0.9070 0.3062 0.2892
vn -0.9482 0.0881 -0.3053
vn -0.6765 0.6005 -0.4263
vn -0.5545 0.3702 -0.7453
vn -0.6686 0.5614 -0.4877
vn -0.4211 -0.0561 -0.9053
vn -0.3092 0.4558 0.8347
vn -0.4173 0.9022 0.1088
vn -0.3739 0.7945 0.4785
vn -0.4054 0.7038 -0.5833
vn -0.3725 0.4220 -0.8265
vn -0.4348 0.8623 -0.2596
vn -0.3608 -0.0365 -0.9319
vn -0.2555 -0.4325 -0.8647
vn -0.3444 -0.1605 0.9250
vn -0.4481 -0.8202 0.3557
vn -0.1433 -0.0483 0.9885
vn -0.0440 0.4764 0.8781
vn -0.1235 0.9863 0.1098
vn -0.0852 0.8512 0.5179
vn -0.1264 0.9632 -0.2374
vn -0.1347 0.7721 -0.6210
vn -0.1459 0.4548 -0.8786
vn -0.1278 -0.0262 -0.9915
vn -0.1317 -0.4148 -0.9003
vn -0.0736 -0.9482 -0.3092
vn -0.0325 -0.9468 -0.3201
vn -0.1942 -0.9010 -0.3879
vn -0.0600 -0.9531 -0.2967
vn -0.4131 -0.8659 -0.2821
vn -0.5004 -0.8658 -0.0070
vn -0.2946 -0.8077 -0.5106
vn -0.4476 -0.8924 -0.0569
vn -0.5128 -0.8412 -0.1716
vn -0.1739 -0.7959 -0.5799
vn -0.4438 -0.8476 -0.2908
vn -0.2686 -0.9633 0.0012
vn -0.0731 -0.7979 -0.5984
vn -0.2327 -0.7980 -0.5559
vn -0.4677 -0.8807 -0.0751
vn -0.1511 -0.9162 -0.3713
vn -0.1495 -0.8393 -0.5227
vn -0.3047 -0.9502 -0.0654
vn -0.1947 -0.9214 -0.3363
vn -0.0733 -0.8387 -0.5396
vn -0.1932 -0.8420 -0.5036
vn -0.2143 -0.9327 -0.2900
vn -0.2722 -0.9342 -0.2304
vn -0.2247 -0.8729 -0.4331
vn -0.3055 -0.9183 -0.2518
vt 0.198368 0.726101
vt 0.198545 0.725868
vt 0.198588 0.726219
vt 0.198842 0.726095
vt 0.198995 0.725846
vt 0.199030 0.726025
vt 0.198741 0.726307
vt 0.198929 0.726154
vt 0.199027 0.726214
vt 0.199066 0.726076
vt 0.199094 0.726126
vt 0.198007 0.725931
vt 0.198985 0.725749
vt 0.198526 0.725679
vt 0.198129 0.725645
vt 0.198560 0.725818
vt 0.239715 0.349545
vt 0.198773 0.725516
vt 0.198968 0.725833
vt 0.240122 0.349560
vt 0.198960 0.725761
vt 0.240115 0.349488
vt 0.198575 0.725710
vt 0.239730 0.349437
vt 0.199222 0.725693
vt 0.199137 0.725371
vt 0.199404 0.725728
vt 0.199496 0.725393
vt 0.199708 0.726053
vt 0.199985 0.725947
vt 0.199595 0.726416
vt 0.200034 0.726456
vt 0.199638 0.726726
vt 0.199902 0.726880
vt 0.199541 0.726903
vt 0.199742 0.727083
vt 0.199494 0.726466
vt 0.199483 0.726663
vt 0.199416 0.726798
vt 0.199342 0.726490
vt 0.199309 0.726604
vt 0.199271 0.726681
vt 0.199268 0.726458
vt 0.199231 0.726564
vt 0.199199 0.726627
vt 0.199101 0.726280
vt 0.199184 0.726217
vt 0.199194 0.726378
vt 0.199264 0.726307
vt 0.197697 0.725825
vt 0.618065 0.337794
vt 0.197942 0.725363
vt 0.618310 0.337332
vt 0.198487 0.725381
vt 0.618854 0.337349
vt 0.200441 0.726477
vt 0.620809 0.338445
vt 0.200314 0.726972
vt 0.620681 0.338941
vt 0.200046 0.727383
vt 0.620413 0.339352
vt 0.199558 0.725074
vt 0.619925 0.337043
vt 0.200269 0.725692
vt 0.620637 0.337660
vt 0.198934 0.725095
vt 0.619301 0.337064
vt 0.199307 0.726385
vt 0.199367 0.726417
vt 0.199492 0.726383
vt 0.199180 0.725874
vt 0.199328 0.725908
vt 0.199542 0.726141
vt 0.199542 0.726326
vt 0.199139 0.726013
vt 0.199252 0.726119
vt 0.199324 0.726208
vt 0.199384 0.726306
vt 0.198826 0.726362
vt 0.707382 0.308934
vt 0.198939 0.726266
vt 0.707495 0.308838
vt 0.199012 0.726303
vt 0.707568 0.308875
vt 0.199183 0.726462
vt 0.707739 0.309034
vt 0.199165 0.726543
vt 0.707721 0.309115
vt 0.199145 0.726588
vt 0.707701 0.309160
vt 0.199077 0.726341
vt 0.707634 0.308914
vt 0.199133 0.726395
vt 0.707690 0.308967
vt 0.707438 0.308969
vt 0.707520 0.308905
vt 0.707575 0.308920
vt 0.707681 0.309038
vt 0.707685 0.309088
vt 0.707669 0.309139
vt 0.707618 0.308952
vt 0.707656 0.308995
vt 0.707470 0.308990
vt 0.707531 0.308938
vt 0.707568 0.308950
vt 0.707652 0.309045
vt 0.707653 0.309078
vt 0.707640 0.309120
vt 0.707602 0.308980
vt 0.707636 0.309015
vt 0.617274 0.336912
vt 0.173390 0.339852
vt 0.617163 0.337585
vt 0.173279 0.340525
vt 0.618074 0.336480
vt 0.620004 0.336632
vt 0.619002 0.336598
vt 0.621600 0.338515
vt 0.621026 0.337304
vt 0.621821 0.339598
vt 0.617167 0.336600
vt 0.173282 0.339540
vt 0.711235 0.704054
vt 0.621169 0.340266
vt 0.617397 0.336142
vt 0.711465 0.703596
vt 0.618069 0.336281
vt 0.617542 0.336029
vt 0.711610 0.703483
vt 0.620037 0.336422
vt 0.618957 0.336414
vt 0.621790 0.338515
vt 0.621135 0.337157
vt 0.619048 0.335623
vt 0.713116 0.703077
vt 0.620369 0.335798
vt 0.714437 0.703252
vt 0.622449 0.338546
vt 0.716517 0.706000
vt 0.621529 0.336814
vt 0.715597 0.704268
vt 0.617922 0.335911
vt 0.711991 0.703365
vt 0.622618 0.339293
vt 0.716686 0.706747
vt 0.617627 0.335923
vt 0.711696 0.703377
vt 0.173106 0.339892
vt 0.173090 0.340520
vt 0.172744 0.339864
vt 0.172762 0.340531
vt 0.171923 0.340285
vt 0.172015 0.340626
vt 0.173103 0.339570
vt 0.711056 0.704084
vt 0.172719 0.339537
vt 0.710671 0.704052
vt 0.171653 0.340184
vt 0.709606 0.704698
vt 0.171792 0.340699
vt 0.709744 0.705213
vt 0.711393 0.702946
vt 0.711190 0.702580
vt 0.711856 0.702825
vt 0.711798 0.702530
vt 0.710840 0.703263
vt 0.711162 0.703493
vt 0.621347 0.340546
vt 0.165704 0.305270
vt 0.622058 0.339956
vt 0.166415 0.304680
vt 0.166004 0.305783
vt 0.166887 0.305171
vt 0.166533 0.306875
vt 0.167845 0.305838
vt 0.166935 0.307994
vt 0.168432 0.307943
vt 0.623162 0.339936
vt 0.167519 0.304660
vt 0.717230 0.707390
vt 0.168032 0.305614
vt 0.717743 0.708344
vt 0.166880 0.308783
vt 0.716591 0.711513
vt 0.169595 0.309047
vt 0.719306 0.711776
vt 0.699847 0.799463
vt 0.713193 0.702459
vt 0.717403 0.706558
vt 0.713241 0.701996
vt 0.711020 0.701334
vt 0.713196 0.700927
vt 0.711572 0.701255
vt 0.717167 0.705814
vt 0.715959 0.703732
vt 0.717411 0.705562
vt 0.716084 0.703410
vt 0.718913 0.704720
vt 0.716735 0.702354
vt 0.714512 0.702751
vt 0.714530 0.702272
vt 0.714671 0.701047
vt 0.718044 0.706354
vt 0.708611 0.704065
vt 0.709494 0.702426
vt 0.708009 0.706415
vt 0.707348 0.705743
vt 0.714082 0.713775
vt 0.708261 0.715021
vt 0.706038 0.717919
vt 0.669286 0.761422
vt 0.718335 0.720125
vt 0.722954 0.789618
vt 0.723078 0.709172
vt 0.720102 0.706156
vt 0.706717 0.709494
vt 0.705453 0.709232
vt 0.704681 0.785399
vt 0.711053 0.700461
vt 0.713364 0.700305
vt 0.711491 0.700501
vt 0.719184 0.704041
vt 0.716879 0.701770
vt 0.714862 0.700381
vt 0.708044 0.703352
vt 0.708915 0.701404
vt 0.706594 0.705312
vt 0.678306 0.754121
vt 0.703393 0.716244
vt 0.703314 0.724233
vt 0.723918 0.774841
vt 0.723612 0.706687
vt 0.719805 0.727786
vt 0.720624 0.704915
vt 0.704329 0.708844
vt 0.709270 0.755146
vt 0.709174 0.696558
vt 0.713858 0.697512
vt 0.711256 0.697090
vt 0.720366 0.701166
vt 0.717990 0.699436
vt 0.715840 0.698054
vt 0.705277 0.701403
vt 0.706690 0.698658
vt 0.703572 0.704324
vt 0.699762 0.711959
vt 0.699948 0.741707
vt 0.723918 0.702262
vt 0.711686 0.746206
vt 0.721924 0.701562
vt 0.701242 0.707670
vt 0.198314 0.726371
vt 0.198628 0.726500
vt 0.198518 0.726747
vt 0.198660 0.726695
vt 0.198712 0.726554
vt 0.198799 0.726613
vt 0.198711 0.726704
vt 0.198758 0.726709
vt 0.198467 0.726778
vt 0.198204 0.726461
vt 0.197943 0.726219
vt 0.198299 0.726411
vt 0.239454 0.350138
vt 0.198234 0.726718
vt 0.198505 0.726730
vt 0.239660 0.350458
vt 0.198458 0.726755
vt 0.239613 0.350483
vt 0.198241 0.726479
vt 0.239396 0.350206
vt 0.198516 0.726967
vt 0.198295 0.727026
vt 0.198596 0.727083
vt 0.198423 0.727242
vt 0.198880 0.727224
vt 0.198871 0.727454
vt 0.199130 0.727058
vt 0.199236 0.727421
vt 0.199396 0.727031
vt 0.199571 0.727260
vt 0.199148 0.726953
vt 0.199310 0.726895
vt 0.199128 0.726807
vt 0.199214 0.726743
vt 0.199079 0.726748
vt 0.199155 0.726680
vt 0.198880 0.726655
vt 0.198861 0.726751
vt 0.198990 0.726707
vt 0.198957 0.726793
vt 0.197695 0.726294
vt 0.618062 0.338263
vt 0.198009 0.726601
vt 0.618376 0.338570
vt 0.199281 0.727748
vt 0.619648 0.339716
vt 0.199670 0.727626
vt 0.620038 0.339595
vt 0.198277 0.727372
vt 0.618645 0.339341
vt 0.198757 0.727695
vt 0.619124 0.339663
vt 0.198077 0.727008
vt 0.618444 0.338976
vt 0.199032 0.726806
vt 0.199076 0.726851
vt 0.199080 0.726970
vt 0.198616 0.726873
vt 0.198687 0.726971
vt 0.198908 0.727069
vt 0.199048 0.727026
vt 0.198695 0.726789
vt 0.198810 0.726841
vt 0.198897 0.726875
vt 0.198991 0.726897
vt 0.198804 0.726514
vt 0.707361 0.309086
vt 0.198865 0.726566
vt 0.707421 0.309138
vt 0.199055 0.726669
vt 0.707611 0.309242
vt 0.199115 0.726624
vt 0.707671 0.309197
vt 0.198921 0.726612
vt 0.707478 0.309184
vt 0.198984 0.726647
vt 0.707540 0.309219
vt 0.707426 0.309080
vt 0.707462 0.309127
vt 0.707595 0.309189
vt 0.707635 0.309175
vt 0.707505 0.309157
vt 0.707553 0.309180
vt 0.707459 0.309075
vt 0.707486 0.309109
vt 0.707592 0.309163
vt 0.707615 0.309151
vt 0.707523 0.309133
vt 0.707565 0.309155
vt 0.617199 0.338180
vt 0.173315 0.341120
vt 0.617635 0.338677
vt 0.618480 0.339491
vt 0.618123 0.339012
vt 0.619675 0.340289
vt 0.618967 0.339947
vt 0.620406 0.340605
vt 0.617105 0.338380
vt 0.173220 0.341320
vt 0.711173 0.705834
vt 0.617209 0.338690
vt 0.711277 0.706143
vt 0.617612 0.338784
vt 0.617281 0.338776
vt 0.711349 0.706230
vt 0.618424 0.339562
vt 0.618059 0.339061
vt 0.619657 0.340410
vt 0.618925 0.340027
vt 0.617831 0.339383
vt 0.711899 0.706836
vt 0.618242 0.339843
vt 0.712310 0.707297
vt 0.619590 0.340802
vt 0.713658 0.708256
vt 0.618788 0.340259
vt 0.712856 0.707713
vt 0.617465 0.338924
vt 0.711534 0.706378
vt 0.619982 0.341029
vt 0.714050 0.708483
vt 0.617320 0.338843
vt 0.711388 0.706297
vt 0.173108 0.341062
vt 0.172833 0.341089
vt 0.172109 0.340931
vt 0.173098 0.341292
vt 0.711051 0.705806
vt 0.172837 0.341315
vt 0.710790 0.705829
vt 0.171993 0.341115
vt 0.709945 0.705629
vt 0.711209 0.706452
vt 0.711103 0.706587
vt 0.711392 0.706580
vt 0.711345 0.706690
vt 0.710963 0.706240
vt 0.711121 0.706153
vt 0.620577 0.340854
vt 0.164935 0.305578
vt 0.165091 0.306038
vt 0.165097 0.306804
vt 0.165814 0.307893
vt 0.620178 0.341506
vt 0.164535 0.306231
vt 0.714246 0.708960
vt 0.164784 0.306770
vt 0.714495 0.709500
vt 0.165392 0.308286
vt 0.715104 0.711016
vt 0.711431 0.710434
vt 0.711781 0.707033
vt 0.713769 0.708814
vt 0.711711 0.707156
vt 0.711000 0.707016
vt 0.711484 0.707391
vt 0.711135 0.707075
vt 0.713448 0.708547
vt 0.712648 0.707889
vt 0.713273 0.708626
vt 0.712540 0.707954
vt 0.712705 0.709071
vt 0.712182 0.708198
vt 0.712170 0.707407
vt 0.712043 0.707487
vt 0.711737 0.707688
vt 0.713515 0.709039
vt 0.709731 0.706446
vt 0.710470 0.706755
vt 0.708573 0.706894
vt 0.709467 0.713197
vt 0.711021 0.710244
vt 0.712614 0.711265
vt 0.711435 0.710442
vt 0.712747 0.711377
vt 0.712892 0.709719
vt 0.707810 0.709417
vt 0.711354 0.710401
vt 0.710958 0.707210
vt 0.711420 0.707533
vt 0.711076 0.707262
vt 0.712419 0.709088
vt 0.712022 0.708258
vt 0.711629 0.707808
vt 0.709825 0.706910
vt 0.710486 0.707085
vt 0.708908 0.707366
vt 0.710959 0.710180
vt 0.709900 0.711936
vt 0.709870 0.711830
vt 0.711527 0.710605
vt 0.711789 0.710697
vt 0.711655 0.710866
vt 0.712385 0.709651
vt 0.708616 0.709378
vt 0.710944 0.710382
vt 0.710693 0.707846
vt 0.711082 0.708011
vt 0.710813 0.707873
vt 0.711573 0.709067
vt 0.711466 0.708533
vt 0.711243 0.708215
vt 0.710090 0.707909
vt 0.710397 0.707903
vt 0.709798 0.708261
vt 0.710464 0.710220
vt 0.711262 0.709730
vt 0.710764 0.710262
vt 0.711466 0.709356
vt 0.710045 0.709162
vt 0.260944 0.840546
vt 0.260961 0.840520
vt 0.260998 0.840645
vt 0.261069 0.840562
vt 0.260959 0.840495
vt 0.261056 0.840456
vt 0.260942 0.840473
vt 0.260988 0.840390
vt 0.260916 0.840466
vt 0.260911 0.840372
vt 0.260886 0.840477
vt 0.260827 0.840407
vt 0.260874 0.840508
vt 0.260765 0.840486
vt 0.260890 0.840531
vt 0.260778 0.840589
vt 0.260914 0.840553
vt 0.260872 0.840661
vt 0.261088 0.840822
vt 0.261272 0.840623
vt 0.261253 0.840380
vt 0.261080 0.840252
vt 0.260918 0.840219
vt 0.260721 0.840257
vt 0.260552 0.840414
vt 0.260541 0.840650
vt 0.260798 0.840822
vt 0.261444 0.840353
vt 0.261147 0.840127
vt 0.260906 0.840058
vt 0.260662 0.840154
vt 0.261376 0.840689
vt 0.261127 0.840937
vt 0.763804 0.373535
vt 0.260453 0.840402
vt 0.763130 0.373000
vt 0.260462 0.840680
vt 0.763139 0.373278
vt 0.260748 0.840902
vt 0.763425 0.373500
vt 0.261538 0.840310
vt 0.764215 0.372908
vt 0.261215 0.840023
vt 0.763892 0.372622
vt 0.260899 0.839950
vt 0.763576 0.372549
vt 0.260594 0.840080
vt 0.763271 0.372679
vt 0.261503 0.840740
vt 0.764180 0.373339
vt 0.763937 0.373971
vt 0.261260 0.841372
vt 0.762819 0.372908
vt 0.260142 0.840310
vt 0.762823 0.373441
vt 0.260146 0.840842
vt 0.763304 0.373894
vt 0.260627 0.841296
vt 0.764435 0.372875
vt 0.261758 0.840277
vt 0.764095 0.372353
vt 0.261418 0.839754
vt 0.763532 0.372220
vt 0.260855 0.839622
vt 0.763037 0.372472
vt 0.260360 0.839873
vt 0.764382 0.373499
vt 0.261705 0.840900
vt 0.261402 0.841597
vt 0.259947 0.840195
vt 0.259923 0.840926
vt 0.260573 0.841547
vt 0.262030 0.840215
vt 0.261537 0.839516
vt 0.260864 0.839373
vt 0.260253 0.839634
vt 0.261997 0.841052
vt 0.263224 0.843315
vt 0.256586 0.837866
vt 0.254864 0.842117
vt 0.258886 0.846469
vt 0.263229 0.839705
vt 0.262379 0.838545
vt 0.261233 0.837802
vt 0.259431 0.837447
vt 0.263638 0.841235
vt 0.260940 0.840534
vt 0.734221 0.417227
vt 0.260950 0.840515
vt 0.734231 0.417208
vt 0.260948 0.840498
vt 0.734229 0.417191
vt 0.260937 0.840482
vt 0.734218 0.417176
vt 0.260919 0.840474
vt 0.734199 0.417167
vt 0.260894 0.840481
vt 0.734175 0.417174
vt 0.260885 0.840506
vt 0.734166 0.417199
vt 0.260893 0.840532
vt 0.734174 0.417225
vt 0.260914 0.840547
vt 0.734195 0.417240
vt 0.267124 0.845363
vt 0.769801 0.377962
vt 0.255329 0.838499
vt 0.758006 0.371098
vt 0.253962 0.843446
vt 0.756639 0.376045
vt 0.259210 0.849572
vt 0.761887 0.382170
vt 0.267649 0.838350
vt 0.770326 0.370948
vt 0.265575 0.835686
vt 0.768252 0.368285
vt 0.262433 0.834164
vt 0.765110 0.366763
vt 0.258281 0.835026
vt 0.760958 0.367625
vt 0.268585 0.841685
vt 0.771262 0.374284
vt 0.774489 0.381471
vt 0.755963 0.370942
vt 0.755533 0.377481
vt 0.762035 0.385794
vt 0.775543 0.369213
vt 0.772016 0.364639
vt 0.766095 0.362331
vt 0.759120 0.364852
vt 0.777031 0.374769
vt 0.778552 0.390537
vt 0.751297 0.370539
vt 0.752436 0.379123
vt 0.759793 0.390537
vt 0.789263 0.363076
vt 0.776695 0.351662
vt 0.762057 0.352065
vt 0.753064 0.360928
vt 0.789086 0.379477
vt 0.734201 0.417208
vt 0.734204 0.417204
vt 0.734211 0.417226
vt 0.734224 0.417212
vt 0.734204 0.417196
vt 0.734223 0.417189
vt 0.734205 0.417200
vt 0.734226 0.417200
vt 0.734202 0.417192
vt 0.734213 0.417178
vt 0.734197 0.417190
vt 0.734197 0.417174
vt 0.734188 0.417186
vt 0.734178 0.417180
vt 0.734186 0.417200
vt 0.734170 0.417204
vt 0.734197 0.417211
vt 0.734200 0.417234
vt 0.734200 0.417206
vt 0.734202 0.417203
vt 0.734202 0.417197
vt 0.734203 0.417200
vt 0.734200 0.417194
vt 0.734200 0.417201
vt 0.734200 0.417199
vt 0.734200 0.417200
vt 0.734199 0.417201
vt 0.734198 0.417199
vt 0.734198 0.417200
vt 0.734200 0.417197
vt 0.734199 0.417203
vt 0.734198 0.417201
vt 0.734198 0.417199
vt 0.734196 0.417204
vt 0.734198 0.417201
vt 0.734195 0.417208
vt 0.734191 0.417206
vt 0.734194 0.417200
vt 0.734197 0.417200
vt 0.734194 0.417196
vt 0.734185 0.417192
vt 0.734199 0.417196
vt 0.734198 0.417197
vt 0.734197 0.417198
vt 0.734197 0.417197
vt 0.734196 0.417193
vt 0.734173 0.417188
vt 0.734198 0.417193
vt 0.734198 0.417196
vt 0.734174 0.417211
vt 0.734186 0.417211
vt 0.734190 0.417209
vt 0.734193 0.417214
vt 0.734193 0.417229
vt 0.734180 0.417226
vt 0.734189 0.417214
vt 0.734190 0.417211
vt 0.734189 0.417211
vt 0.734192 0.417212
vt 0.734191 0.417212
vt 0.734191 0.417211
vt 0.734191 0.417211
vt 0.734191 0.417211
vt 0.734192 0.417210
vt 0.734189 0.417212
vt 0.734190 0.417211
vt 0.734190 0.417211
vt 0.734190 0.417211
vt 0.734190 0.417211
vt 0.738394 0.374473
vt 0.235717 0.841875
vt 0.739105 0.373731
vt 0.236428 0.841132
vt 0.739059 0.374118
vt 0.236382 0.841520
vt 0.738786 0.374406
vt 0.236109 0.841807
vt 0.738182 0.373759
vt 0.235505 0.841161
vt 0.738411 0.373506
vt 0.235734 0.840907
vt 0.738674 0.373427
vt 0.235997 0.840828
vt 0.738972 0.373552
vt 0.236295 0.840953
vt 0.738116 0.374165
vt 0.235439 0.841567
vt 0.738238 0.374741
vt 0.235561 0.842143
vt 0.739343 0.373486
vt 0.236666 0.840887
vt 0.739321 0.374224
vt 0.236644 0.841625
vt 0.738859 0.374678
vt 0.236182 0.842079
vt 0.737702 0.373636
vt 0.235025 0.841038
vt 0.738119 0.373072
vt 0.235442 0.840473
vt 0.738691 0.372946
vt 0.236014 0.840348
vt 0.739184 0.373254
vt 0.236507 0.840655
vt 0.737756 0.374308
vt 0.235079 0.841710
vt 0.235394 0.842408
vt 0.236877 0.840881
vt 0.236934 0.841669
vt 0.236249 0.842317
vt 0.234767 0.840972
vt 0.235286 0.840249
vt 0.235966 0.840092
vt 0.236604 0.840300
vt 0.234765 0.841842
vt 0.233499 0.844161
vt 0.240354 0.838571
vt 0.242038 0.842944
vt 0.237910 0.847355
vt 0.233521 0.840434
vt 0.234406 0.839244
vt 0.235577 0.838480
vt 0.237414 0.838123
vt 0.233081 0.842008
vt 0.229491 0.846230
vt 0.732168 0.378829
vt 0.241612 0.839235
vt 0.744289 0.371833
vt 0.242944 0.844318
vt 0.745621 0.376916
vt 0.237548 0.850481
vt 0.740225 0.383080
vt 0.228992 0.839011
vt 0.731669 0.371610
vt 0.231136 0.836274
vt 0.733813 0.368872
vt 0.234372 0.834707
vt 0.737049 0.367306
vt 0.238636 0.835631
vt 0.741314 0.368230
vt 0.228015 0.842441
vt 0.730692 0.375040
vt 0.727339 0.382385
vt 0.746400 0.371701
vt 0.746734 0.378414
vt 0.740037 0.386781
vt 0.726320 0.369790
vt 0.729982 0.365104
vt 0.736088 0.362772
vt 0.743250 0.365410
vt 0.724758 0.375503
vt 0.723163 0.391631
vt 0.751216 0.371372
vt 0.749861 0.380147
vt 0.742273 0.391631
vt 0.712242 0.363359
vt 0.725254 0.351662
vt 0.740367 0.352183
vt 0.749560 0.361428
vt 0.712363 0.380260
vt 0.704038 0.807783
vt 0.704304 0.808341
vt 0.704339 0.807737
vt 0.704497 0.808252
vt 0.704777 0.807706
vt 0.704796 0.808167
vt 0.705111 0.807708
vt 0.705115 0.808072
vt 0.705400 0.807739
vt 0.705335 0.808069
vt 0.705674 0.807801
vt 0.705468 0.808210
vt 0.704659 0.809139
vt 0.705054 0.808963
vt 0.705319 0.808618
vt 0.705443 0.808355
vt 0.705616 0.808398
vt 0.705481 0.808694
vt 0.705207 0.809085
vt 0.704774 0.809346
vt 0.705628 0.808227
vt 0.705797 0.807803
vt 0.704094 0.807165
vt 0.704422 0.806687
vt 0.704370 0.807258
vt 0.704594 0.806793
vt 0.704791 0.807349
vt 0.704865 0.806906
vt 0.705123 0.807373
vt 0.705159 0.807023
vt 0.705409 0.807366
vt 0.705372 0.807040
vt 0.705693 0.807321
vt 0.705513 0.806911
vt 0.704877 0.806015
vt 0.705201 0.806220
vt 0.705392 0.806545
vt 0.705488 0.806782
vt 0.705812 0.807325
vt 0.705680 0.806889
vt 0.705016 0.805850
vt 0.705349 0.806137
vt 0.705529 0.806493
vt 0.705636 0.806739
vt 0.703746 0.807758
vt 0.703997 0.808353
vt 0.704248 0.809267
vt 0.703823 0.807149
vt 0.704120 0.806632
vt 0.704532 0.805844
vt 0.715043 0.817387
vt 0.712775 0.819010
vt 0.708548 0.821068
vt 0.703100 0.821577
vt 0.715690 0.816402
vt 0.717296 0.811818
vt 0.717015 0.807709
vt 0.717296 0.803199
vt 0.707930 0.793665
vt 0.712795 0.796230
vt 0.715841 0.799729
vt 0.717193 0.802055
vt 0.690325 0.807095
vt 0.689863 0.812226
vt 0.698248 0.819307
vt 0.690083 0.802676
vt 0.691778 0.797595
vt 0.702473 0.793992
vt 0.816274 0.704431
vt 0.816555 0.703872
vt 0.816576 0.704486
vt 0.816745 0.703969
vt 0.817017 0.704526
vt 0.817043 0.704062
vt 0.817353 0.704529
vt 0.817361 0.704162
vt 0.817642 0.704501
vt 0.817581 0.704170
vt 0.817914 0.704442
vt 0.817715 0.704032
vt 0.816917 0.703091
vt 0.817309 0.703269
vt 0.817569 0.703618
vt 0.817690 0.703885
vt 0.817865 0.703842
vt 0.817731 0.703544
vt 0.817462 0.703152
vt 0.817034 0.702888
vt 0.817876 0.704020
vt 0.818034 0.704444
vt 0.816316 0.705069
vt 0.816655 0.705567
vt 0.816601 0.704977
vt 0.816828 0.705456
vt 0.817028 0.704889
vt 0.817100 0.705339
vt 0.817362 0.704866
vt 0.817396 0.705220
vt 0.817649 0.704875
vt 0.817610 0.705203
vt 0.817933 0.704921
vt 0.817752 0.705332
vt 0.817106 0.706239
vt 0.817432 0.706037
vt 0.817628 0.705705
vt 0.817726 0.705463
vt 0.818055 0.704920
vt 0.817920 0.705352
vt 0.817241 0.706405
vt 0.817579 0.706121
vt 0.817767 0.705759
vt 0.817877 0.705504
vt 0.815994 0.704466
vt 0.816247 0.703846
vt 0.816511 0.702959
vt 0.816021 0.705098
vt 0.816355 0.705629
vt 0.816761 0.706409
vt 0.827295 0.694854
vt 0.825030 0.693234
vt 0.820812 0.691182
vt 0.815384 0.690679
vt 0.827941 0.695840
vt 0.829545 0.700421
vt 0.829265 0.704545
vt 0.829545 0.709075
vt 0.820112 0.718602
vt 0.825003 0.716051
vt 0.828076 0.712554
vt 0.829437 0.710223
vt 0.802595 0.705024
vt 0.802229 0.699968
vt 0.810554 0.692947
vt 0.802270 0.709421
vt 0.803891 0.714596
vt 0.814637 0.718283
vt 0.235926 0.841368
vt 0.235916 0.841400
vt 0.235915 0.841363
vt 0.235890 0.841386
vt 0.235938 0.841367
vt 0.235946 0.841400
vt 0.235949 0.841360
vt 0.235971 0.841387
vt 0.235955 0.841350
vt 0.235989 0.841363
vt 0.235956 0.841338
vt 0.235991 0.841329
vt 0.235950 0.841325
vt 0.235974 0.841297
vt 0.235936 0.841317
vt 0.235943 0.841280
vt 0.235921 0.841318
vt 0.235907 0.841281
vt 0.235909 0.841328
vt 0.235879 0.841302
vt 0.235905 0.841341
vt 0.235867 0.841333
vt 0.235907 0.841354
vt 0.235872 0.841363
vt 0.235888 0.841474
vt 0.235828 0.841442
vt 0.235958 0.841479
vt 0.236025 0.841452
vt 0.236071 0.841388
vt 0.236081 0.841300
vt 0.236033 0.841224
vt 0.235954 0.841191
vt 0.235876 0.841204
vt 0.235813 0.841248
vt 0.235783 0.841318
vt 0.235793 0.841387
vt 0.235928 0.841362
vt 0.600442 0.673803
vt 0.235918 0.841358
vt 0.600433 0.673799
vt 0.235938 0.841361
vt 0.600452 0.673802
vt 0.235945 0.841356
vt 0.600459 0.673797
vt 0.235949 0.841348
vt 0.600464 0.673789
vt 0.235950 0.841339
vt 0.600464 0.673779
vt 0.235945 0.841330
vt 0.600459 0.673771
vt 0.235935 0.841324
vt 0.600450 0.673765
vt 0.235924 0.841325
vt 0.600438 0.673766
vt 0.235915 0.841332
vt 0.600429 0.673773
vt 0.235911 0.841342
vt 0.600425 0.673783
vt 0.235913 0.841351
vt 0.600427 0.673792
vt 0.600443 0.673793
vt 0.600439 0.673791
vt 0.600447 0.673793
vt 0.600451 0.673790
vt 0.600453 0.673787
vt 0.600454 0.673783
vt 0.600452 0.673779
vt 0.600447 0.673777
vt 0.600442 0.673777
vt 0.600438 0.673780
vt 0.600437 0.673784
vt 0.600437 0.673788
vt 0.600444 0.673791
vt 0.235930 0.841350
vt 0.600441 0.673790
vt 0.235927 0.841349
vt 0.600447 0.673790
vt 0.235933 0.841349
vt 0.600449 0.673789
vt 0.235935 0.841348
vt 0.600451 0.673787
vt 0.235937 0.841346
vt 0.600452 0.673784
vt 0.235937 0.841343
vt 0.600450 0.673781
vt 0.235936 0.841340
vt 0.600447 0.673779
vt 0.235933 0.841338
vt 0.600443 0.673779
vt 0.235929 0.841338
vt 0.600440 0.673781
vt 0.235926 0.841340
vt 0.600439 0.673784
vt 0.235925 0.841344
vt 0.600439 0.673787
vt 0.235925 0.841346
vt 0.235930 0.841348
vt 0.235928 0.841348
vt 0.235932 0.841348
vt 0.235934 0.841347
vt 0.235935 0.841345
vt 0.235935 0.841344
vt 0.235936 0.841342
vt 0.235932 0.841341
vt 0.235930 0.841341
vt 0.235928 0.841342
vt 0.235926 0.841344
vt 0.235927 0.841346
vt 0.235930 0.841348
vt 0.235928 0.841347
vt 0.235932 0.841348
vt 0.235933 0.841347
vt 0.235934 0.841346
vt 0.235935 0.841344
vt 0.235935 0.841342
vt 0.235932 0.841341
vt 0.235930 0.841341
vt 0.235928 0.841342
vt 0.235927 0.841344
vt 0.235927 0.841346
vt 0.235930 0.841347
vt 0.100707 0.400402
vt 0.235929 0.841346
vt 0.100706 0.400401
vt 0.235931 0.841347
vt 0.100708 0.400402
vt 0.235933 0.841346
vt 0.100710 0.400401
vt 0.235933 0.841345
vt 0.100710 0.400400
vt 0.235934 0.841344
vt 0.100711 0.400399
vt 0.235933 0.841343
vt 0.100710 0.400398
vt 0.235932 0.841342
vt 0.100709 0.400397
vt 0.235930 0.841342
vt 0.100707 0.400397
vt 0.235929 0.841343
vt 0.100706 0.400398
vt 0.235928 0.841344
vt 0.100705 0.400399
vt 0.235928 0.841345
vt 0.100705 0.400400
vt 0.100708 0.400400
vt 0.674004 0.946526
vt 0.197783 0.820122
vt 0.674004 0.946526
vt 0.197783 0.820122
vt 0.674004 0.946526
vt 0.197783 0.820122
vt 0.674004 0.946526
vt 0.197783 0.820122
vt 0.674004 0.946526
vt 0.197783 0.820122
vt 0.674004 0.946526
vt 0.197783 0.820122
vt 0.674004 0.946526
vt 0.197783 0.820122
vt 0.674004 0.946526
vt 0.197783 0.820122
vt 0.197783 0.820122
vt 0.197783 0.820122
vt 0.674004 0.946526
vt 0.197783 0.820122
vt 0.674004 0.946526
vt 0.197783 0.820122
vt 0.674004 0.946526
vt 0.197783 0.820122
vt 0.674004 0.946526
vt 0.197783 0.820122
vt 0.674004 0.946526
vt 0.197783 0.820122
vt 0.674004 0.946526
vt 0.197783 0.820122
vt 0.674004 0.946526
vt 0.197783 0.820122
vt 0.674004 0.946526
vt 0.197783 0.820122
vt 0.197783 0.820122
vt 0.224240 0.264532
vt 0.197783 0.820122
vt 0.224240 0.264532
vt 0.197783 0.820122
vt 0.224240 0.264532
vt 0.197783 0.820122
vt 0.224240 0.264532
vt 0.197783 0.820122
vt 0.224240 0.264532
vt 0.197783 0.820122
vt 0.224240 0.264532
vt 0.197783 0.820122
vt 0.224240 0.264532
vt 0.197783 0.820122
vt 0.224240 0.264532
vt 0.224240 0.264532
vt 0.224240 0.264532
vt 0.224240 0.264532
vt 0.224240 0.264532
vt 0.224240 0.264532
vt 0.224240 0.264532
vt 0.224240 0.264532
vt 0.224240 0.264532
vt 0.224240 0.264532
vt 0.224240 0.264532
vt 0.224240 0.264532
vt 0.224240 0.264532
vt 0.224240 0.264532
vt 0.224240 0.264532
vt 0.224240 0.264532
vt 0.224240 0.264532
vt 0.224240 0.264532
vt 0.224240 0.264532
vt 0.224240 0.264532
vt 0.224240 0.264532
vt 0.224240 0.264532
vt 0.224240 0.264532
vt 0.224240 0.264532
vt 0.224240 0.264532
vt 0.224240 0.264532
vt 0.197783 0.820122
vt 0.197783 0.820122
vt 0.197783 0.820122
vt 0.197783 0.820122
vt 0.197783 0.820122
vt 0.197783 0.820122
vt 0.197783 0.820122
vt 0.197783 0.820122
vt 0.197783 0.820122
vt 0.197783 0.820122
vt 0.674004 0.946526
vt 0.197783 0.820122
vt 0.674004 0.946526
vt 0.197783 0.820122
vt 0.674004 0.946526
vt 0.197783 0.820122
vt 0.674004 0.946526
vt 0.197783 0.820122
vt 0.674004 0.946526
vt 0.197783 0.820122
vt 0.674004 0.946526
vt 0.197783 0.820122
vt 0.674004 0.946526
vt 0.197783 0.820122
vt 0.674004 0.946526
vt 0.197783 0.820122
vt 0.674004 0.946526
vt 0.197783 0.820122
vt 0.674004 0.946526
vt 0.197783 0.820122
vt 0.674004 0.946526
vt 0.197783 0.820122
vt 0.674004 0.946526
vt 0.197783 0.820122
vt 0.674004 0.946526
vt 0.197783 0.820122
vt 0.674004 0.946526
vt 0.197783 0.820122
vt 0.674004 0.946526
vt 0.197783 0.820122
vt 0.674004 0.946526
vt 0.197783 0.820122
vt 0.197783 0.820122
vt 0.224240 0.264532
vt 0.197783 0.820122
vt 0.224240 0.264532
vt 0.197783 0.820122
vt 0.224240 0.264532
vt 0.197783 0.820122
vt 0.224240 0.264532
vt 0.197783 0.820122
vt 0.224240 0.264532
vt 0.197783 0.820122
vt 0.224240 0.264532
vt 0.197783 0.820122
vt 0.224240 0.264532
vt 0.197783 0.820122
vt 0.224240 0.264532
vt 0.224240 0.264532
vt 0.224240 0.264532
vt 0.224240 0.264532
vt 0.224240 0.264532
vt 0.224240 0.264532
vt 0.224240 0.264532
vt 0.224240 0.264532
vt 0.224240 0.264532
vt 0.224240 0.264532
vt 0.224240 0.264532
vt 0.224240 0.264532
vt 0.224240 0.264532
vt 0.224240 0.264532
vt 0.224240 0.264532
vt 0.224240 0.264532
vt 0.224240 0.264532
vt 0.224240 0.264532
vt 0.224240 0.264532
vt 0.224240 0.264532
vt 0.224240 0.264532
vt 0.224240 0.264532
vt 0.224240 0.264532
vt 0.224240 0.264532
vt 0.224240 0.264532
vt 0.224240 0.264532
vt 0.197783 0.820122
vt 0.197783 0.820122
vt 0.197783 0.820122
vt 0.197783 0.820122
vt 0.197783 0.820122
vt 0.197783 0.820122
vt 0.197783 0.820122
vt 0.197783 0.820122
vt 0.197783 0.820122
vt 0.197783 0.820122
vt 0.197783 0.820122
vt 0.197783 0.820122
vt 0.197783 0.820122
vt 0.197783 0.820122
vt 0.197783 0.820122
vt 0.197783 0.820122
vt 0.197783 0.820122
vt 0.197783 0.820122
vt 0.197783 0.820122
vt 0.197783 0.820122
vt 0.197783 0.820122
vt 0.197783 0.820122
vt 0.197783 0.820122
vt 0.197783 0.820122
vt 0.197783 0.820122
vt 0.197783 0.820122
vt 0.197783 0.820122
vt 0.197783 0.820122
vt 0.197783 0.820122
vt 0.197783 0.820122
vt 0.197783 0.820122
vt 0.197783 0.820122
vt 0.197783 0.820122
vt 0.197783 0.820122
vt 0.197783 0.820122
vt 0.197783 0.820122
vt 0.782481 0.745269
vt 0.783497 0.745608
vt 0.781679 0.746569
vt 0.783204 0.747001
vt 0.781700 0.747773
vt 0.782468 0.748069
vt 0.783901 0.745347
vt 0.784531 0.747610
vt 0.782570 0.748816
vt 0.782310 0.744905
vt 0.779895 0.746196
vt 0.781229 0.748170
vt 0.788546 0.740650
vt 0.788546 0.749204
vt 0.783439 0.753972
vt 0.781301 0.740001
vt 0.775772 0.744720
vt 0.777194 0.752542
vt 0.706699 0.627228
vt 0.706696 0.627234
vt 0.706690 0.627226
vt 0.706688 0.627233
vt 0.706696 0.627224
vt 0.706697 0.627241
vt 0.706689 0.627246
vt 0.706700 0.627245
vt 0.706695 0.627253
vt 0.706704 0.627247
vt 0.706704 0.627257
vt 0.706711 0.627245
vt 0.706718 0.627253
vt 0.706717 0.627239
vt 0.706722 0.627249
vt 0.706721 0.627242
vt 0.706689 0.627223
vt 0.615560 0.318561
vt 0.706681 0.627232
vt 0.615552 0.318570
vt 0.706697 0.627222
vt 0.615568 0.318561
vt 0.706683 0.627249
vt 0.615555 0.318587
vt 0.706691 0.627259
vt 0.615563 0.318597
vt 0.706705 0.627264
vt 0.615577 0.318603
vt 0.706723 0.627257
vt 0.615594 0.318596
vt 0.706727 0.627248
vt 0.615599 0.318586
vt 0.706724 0.627239
vt 0.615596 0.318578
vt 0.615588 0.318576
vt 0.706717 0.627237
vt 0.615573 0.318566
vt 0.706701 0.627228
vt 0.683181 0.744802
vt 0.615570 0.318556
vt 0.683188 0.744810
vt 0.615577 0.318564
vt 0.615557 0.318555
vt 0.665530 0.762439
vt 0.665538 0.762431
vt 0.615564 0.318547
vt 0.615603 0.318586
vt 0.627362 0.830082
vt 0.665577 0.762470
vt 0.615577 0.318606
vt 0.665550 0.762490
vt 0.615548 0.318570
vt 0.665522 0.762454
vt 0.615552 0.318590
vt 0.665526 0.762474
vt 0.615561 0.318600
vt 0.665535 0.762484
vt 0.615596 0.318598
vt 0.665570 0.762482
vt 0.615580 0.318534
vt 0.683191 0.744781
vt 0.615581 0.318522
vt 0.665555 0.762406
vt 0.615614 0.318549
vt 0.683225 0.744796
vt 0.615625 0.318543
vt 0.665599 0.762427
vt 0.615599 0.318573
vt 0.683210 0.744820
vt 0.615606 0.318579
vt 0.665580 0.762463
vt 0.627364 0.830075
vt 0.683200 0.744819
vt 0.615589 0.318572
vt 0.683185 0.744803
vt 0.683188 0.744809
vt 0.683191 0.744804
vt 0.683191 0.744808
vt 0.683192 0.744792
vt 0.683195 0.744801
vt 0.683197 0.744790
vt 0.683196 0.744801
vt 0.683212 0.744798
vt 0.683202 0.744803
vt 0.683214 0.744802
vt 0.683203 0.744805
vt 0.683209 0.744816
vt 0.683204 0.744811
vt 0.683201 0.744818
vt 0.683200 0.744813
vt 0.683195 0.744803
vt 0.683196 0.744802
vt 0.683201 0.744804
vt 0.683202 0.744806
vt 0.683198 0.744807
vt 0.683199 0.744807
vt 0.683195 0.744806
vt 0.683196 0.744806
vt 0.683198 0.744808
vt 0.683198 0.744808
vt 0.683195 0.744807
vt 0.683196 0.744807
vt 0.233932 0.795927
vt 0.232435 0.793831
vt 0.237561 0.793302
vt 0.233811 0.789179
vt 0.230516 0.793103
vt 0.229979 0.788071
vt 0.227997 0.793736
vt 0.225526 0.789150
vt 0.226445 0.795853
vt 0.222125 0.793216
vt 0.226549 0.797995
vt 0.222232 0.798332
vt 0.228289 0.800525
vt 0.225546 0.803409
vt 0.230385 0.800958
vt 0.230374 0.804049
vt 0.232600 0.800255
vt 0.234875 0.802235
vt 0.234058 0.797919
vt 0.237324 0.797559
vt 0.232850 0.796609
vt 0.231818 0.795635
vt 0.230606 0.795488
vt 0.229750 0.796345
vt 0.229014 0.797266
vt 0.228921 0.798073
vt 0.229438 0.799022
vt 0.230398 0.799509
vt 0.231636 0.799214
vt 0.232275 0.797790
vt 0.239495 0.792322
vt 0.748051 0.277887
vt 0.234780 0.787470
vt 0.743336 0.273034
vt 0.229871 0.786230
vt 0.738427 0.271795
vt 0.224431 0.787495
vt 0.732988 0.273060
vt 0.220246 0.792447
vt 0.728802 0.278012
vt 0.220243 0.798842
vt 0.728800 0.284406
vt 0.224126 0.805278
vt 0.732682 0.290842
vt 0.230465 0.806609
vt 0.739021 0.292174
vt 0.236552 0.804224
vt 0.745109 0.289789
vt 0.239524 0.798049
vt 0.748080 0.283614
vt 0.753305 0.274970
vt 0.745372 0.268168
vt 0.737915 0.266690
vt 0.729490 0.268916
vt 0.723603 0.276758
vt 0.723418 0.285735
vt 0.728197 0.295295
vt 0.737554 0.298513
vt 0.748540 0.295471
vt 0.754387 0.284539
vt 0.760413 0.273437
vt 0.748761 0.261810
vt 0.736867 0.260706
vt 0.725360 0.264904
vt 0.718121 0.275631
vt 0.718280 0.287886
vt 0.725223 0.300755
vt 0.737387 0.304546
vt 0.751486 0.301487
vt 0.760413 0.287612
vt 0.232305 0.796814
vt 0.696767 0.397024
vt 0.231565 0.796083
vt 0.696027 0.396293
vt 0.230660 0.795945
vt 0.695121 0.396155
vt 0.229944 0.796622
vt 0.694406 0.396832
vt 0.229368 0.797344
vt 0.693830 0.397554
vt 0.229283 0.797990
vt 0.693744 0.398200
vt 0.229711 0.798707
vt 0.694172 0.398917
vt 0.230486 0.799065
vt 0.694947 0.399275
vt 0.231354 0.798812
vt 0.695816 0.399022
vt 0.231902 0.797752
vt 0.696364 0.397962
vt 0.695668 0.397632
vt 0.666272 0.762146
vt 0.695391 0.397290
vt 0.665995 0.761804
vt 0.694971 0.397216
vt 0.665575 0.761730
vt 0.694567 0.397276
vt 0.665171 0.761790
vt 0.694264 0.397722
vt 0.664868 0.762236
vt 0.694290 0.398078
vt 0.664894 0.762593
vt 0.694494 0.398478
vt 0.665098 0.762992
vt 0.694929 0.398748
vt 0.665532 0.763262
vt 0.695427 0.398584
vt 0.666031 0.763098
vt 0.695781 0.397977
vt 0.666385 0.762491
vt 0.666109 0.762264
vt 0.665896 0.761920
vt 0.665497 0.761927
vt 0.665330 0.762031
vt 0.665130 0.762286
vt 0.665088 0.762612
vt 0.665248 0.762884
vt 0.665547 0.762971
vt 0.665869 0.762863
vt 0.666082 0.762549
vt 0.665428 0.762295
vt 0.665349 0.762416
vt 0.665353 0.762553
vt 0.665503 0.762386
vt 0.665465 0.762435
vt 0.665472 0.762502
vt 0.665532 0.762429
vt 0.665515 0.762452
vt 0.665521 0.762476
vt 0.665549 0.762671
vt 0.665425 0.762643
vt 0.665553 0.762544
vt 0.665663 0.762641
vt 0.665512 0.762535
vt 0.665552 0.762496
vt 0.665533 0.762490
vt 0.665768 0.762513
vt 0.665596 0.762532
vt 0.665633 0.762474
vt 0.665572 0.762490
vt 0.627375 0.830078
vt 0.665590 0.762467
vt 0.665733 0.762351
vt 0.665693 0.762374
vt 0.665615 0.762418
vt 0.665590 0.762264
vt 0.665581 0.762302
vt 0.665558 0.762391
vt 0.782481 0.745269
vt 0.783497 0.745608
vt 0.781679 0.746569
vt 0.783204 0.747001
vt 0.781700 0.747773
vt 0.782468 0.748069
vt 0.783901 0.745347
vt 0.784531 0.747610
vt 0.782570 0.748816
vt 0.782310 0.744905
vt 0.779895 0.746196
vt 0.781229 0.748170
vt 0.788546 0.740650
vt 0.788546 0.749204
vt 0.783439 0.753972
vt 0.781301 0.740001
vt 0.775772 0.744720
vt 0.777194 0.752542
vt 0.706699 0.627228
vt 0.706696 0.627234
vt 0.706690 0.627226
vt 0.706688 0.627233
vt 0.706696 0.627224
vt 0.706697 0.627241
vt 0.706689 0.627246
vt 0.706700 0.627245
vt 0.706695 0.627253
vt 0.706704 0.627247
vt 0.706704 0.627257
vt 0.706711 0.627245
vt 0.706718 0.627253
vt 0.706717 0.627239
vt 0.706722 0.627249
vt 0.706721 0.627242
vt 0.706689 0.627223
vt 0.615560 0.318561
vt 0.706681 0.627232
vt 0.615552 0.318570
vt 0.706697 0.627222
vt 0.615568 0.318561
vt 0.706683 0.627249
vt 0.615555 0.318587
vt 0.706691 0.627259
vt 0.615563 0.318597
vt 0.706705 0.627264
vt 0.615577 0.318603
vt 0.706723 0.627257
vt 0.615594 0.318596
vt 0.706727 0.627248
vt 0.615599 0.318586
vt 0.706724 0.627239
vt 0.615596 0.318578
vt 0.615588 0.318576
vt 0.706717 0.627237
vt 0.615573 0.318566
vt 0.706701 0.627228
vt 0.683181 0.744802
vt 0.615570 0.318556
vt 0.683188 0.744810
vt 0.615577 0.318564
vt 0.615557 0.318555
vt 0.665530 0.762439
vt 0.665538 0.762431
vt 0.615564 0.318547
vt 0.615603 0.318586
vt 0.627362 0.830082
vt 0.665577 0.762470
vt 0.615577 0.318606
vt 0.665550 0.762490
vt 0.615548 0.318570
vt 0.665522 0.762454
vt 0.615552 0.318590
vt 0.665526 0.762474
vt 0.615561 0.318600
vt 0.665535 0.762484
vt 0.615596 0.318598
vt 0.665570 0.762482
vt 0.615580 0.318534
vt 0.683191 0.744781
vt 0.615581 0.318522
vt 0.665555 0.762406
vt 0.615614 0.318549
vt 0.683225 0.744796
vt 0.615625 0.318543
vt 0.665599 0.762427
vt 0.615599 0.318573
vt 0.683210 0.744820
vt 0.615606 0.318579
vt 0.665580 0.762463
vt 0.627364 0.830075
vt 0.683200 0.744819
vt 0.615589 0.318572
vt 0.683185 0.744803
vt 0.683188 0.744809
vt 0.683191 0.744804
vt 0.683191 0.744808
vt 0.683192 0.744792
vt 0.683195 0.744801
vt 0.683197 0.744790
vt 0.683196 0.744801
vt 0.683212 0.744798
vt 0.683202 0.744803
vt 0.683214 0.744802
vt 0.683203 0.744805
vt 0.683209 0.744816
vt 0.683204 0.744811
vt 0.683201 0.744818
vt 0.683200 0.744813
vt 0.683195 0.744803
vt 0.683196 0.744802
vt 0.683201 0.744804
vt 0.683202 0.744806
vt 0.683198 0.744807
vt 0.683199 0.744807
vt 0.683195 0.744806
vt 0.683196 0.744806
vt 0.683198 0.744808
vt 0.683198 0.744808
vt 0.683195 0.744807
vt 0.683196 0.744807
vt 0.233932 0.795927
vt 0.232435 0.793831
vt 0.237561 0.793302
vt 0.233811 0.789179
vt 0.230516 0.793103
vt 0.229979 0.788071
vt 0.227997 0.793736
vt 0.225526 0.789150
vt 0.226445 0.795853
vt 0.222125 0.793216
vt 0.226549 0.797995
vt 0.222232 0.798332
vt 0.228289 0.800525
vt 0.225546 0.803409
vt 0.230385 0.800958
vt 0.230374 0.804049
vt 0.232600 0.800255
vt 0.234875 0.802235
vt 0.234058 0.797919
vt 0.237324 0.797559
vt 0.232850 0.796609
vt 0.231818 0.795635
vt 0.230606 0.795488
vt 0.229750 0.796345
vt 0.229014 0.797266
vt 0.228921 0.798073
vt 0.229438 0.799022
vt 0.230398 0.799509
vt 0.231636 0.799214
vt 0.232275 0.797790
vt 0.239495 0.792322
vt 0.748051 0.277887
vt 0.234780 0.787470
vt 0.743336 0.273034
vt 0.229871 0.786230
vt 0.738427 0.271795
vt 0.224431 0.787495
vt 0.732988 0.273060
vt 0.220246 0.792447
vt 0.728802 0.278012
vt 0.220243 0.798842
vt 0.728800 0.284406
vt 0.224126 0.805278
vt 0.732682 0.290842
vt 0.230465 0.806609
vt 0.739021 0.292174
vt 0.236552 0.804224
vt 0.745109 0.289789
vt 0.239524 0.798049
vt 0.748080 0.283614
vt 0.753305 0.274970
vt 0.745372 0.268168
vt 0.737915 0.266690
vt 0.729490 0.268916
vt 0.723603 0.276758
vt 0.723418 0.285735
vt 0.728197 0.295295
vt 0.737554 0.298513
vt 0.748540 0.295471
vt 0.754387 0.284539
vt 0.760413 0.273437
vt 0.748761 0.261810
vt 0.736867 0.260706
vt 0.725360 0.264904
vt 0.718121 0.275631
vt 0.718280 0.287886
vt 0.725223 0.300755
vt 0.737387 0.304546
vt 0.751486 0.301487
vt 0.760413 0.287612
vt 0.232305 0.796814
vt 0.696767 0.397024
vt 0.231565 0.796083
vt 0.696027 0.396293
vt 0.230660 0.795945
vt 0.695121 0.396155
vt 0.229944 0.796622
vt 0.694406 0.396832
vt 0.229368 0.797344
vt 0.693830 0.397554
vt 0.229283 0.797990
vt 0.693744 0.398200
vt 0.229711 0.798707
vt 0.694172 0.398917
vt 0.230486 0.799065
vt 0.694947 0.399275
vt 0.231354 0.798812
vt 0.695816 0.399022
vt 0.231902 0.797752
vt 0.696364 0.397962
vt 0.695668 0.397632
vt 0.666272 0.762146
vt 0.695391 0.397290
vt 0.665995 0.761804
vt 0.694971 0.397216
vt 0.665575 0.761730
vt 0.694567 0.397276
vt 0.665171 0.761790
vt 0.694264 0.397722
vt 0.664868 0.762236
vt 0.694290 0.398078
vt 0.664894 0.762593
vt 0.694494 0.398478
vt 0.665098 0.762992
vt 0.694929 0.398748
vt 0.665532 0.763262
vt 0.695427 0.398584
vt 0.666031 0.763098
vt 0.695781 0.397977
vt 0.666385 0.762491
vt 0.666109 0.762264
vt 0.665896 0.761920
vt 0.665497 0.761927
vt 0.665330 0.762031
vt 0.665130 0.762286
vt 0.665088 0.762612
vt 0.665248 0.762884
vt 0.665547 0.762971
vt 0.665869 0.762863
vt 0.666082 0.762549
vt 0.665428 0.762295
vt 0.665349 0.762416
vt 0.665353 0.762553
vt 0.665503 0.762386
vt 0.665465 0.762435
vt 0.665472 0.762502
vt 0.665532 0.762429
vt 0.665515 0.762452
vt 0.665521 0.762476
vt 0.665549 0.762671
vt 0.665425 0.762643
vt 0.665553 0.762544
vt 0.665663 0.762641
vt 0.665512 0.762535
vt 0.665552 0.762496
vt 0.665533 0.762490
vt 0.665768 0.762513
vt 0.665596 0.762532
vt 0.665633 0.762474
vt 0.665572 0.762490
vt 0.627375 0.830078
vt 0.665590 0.762467
vt 0.665733 0.762351
vt 0.665693 0.762374
vt 0.665615 0.762418
vt 0.665590 0.762264
vt 0.665581 0.762302
vt 0.665558 0.762391
vt 0.239898 0.327350
vt 0.242105 0.326038
vt 0.794755 0.684673
vt 0.241726 0.328964
vt 0.814954 0.722875
vt 0.794377 0.687599
vt 0.243423 0.328208
vt 0.796073 0.686843
vt 0.244881 0.326154
vt 0.797532 0.684789
vt 0.245104 0.328025
vt 0.797755 0.686660
vt 0.245762 0.326667
vt 0.798413 0.685302
vt 0.245941 0.327442
vt 0.798592 0.686077
vt 0.239560 0.324629
vt 0.792211 0.683264
vt 0.238003 0.325676
vt 0.790653 0.684311
vt 0.815444 0.723307
vt 0.239276 0.746824
vt 0.646360 0.337527
vt 0.240691 0.746136
vt 0.796281 0.687343
vt 0.797963 0.687134
vt 0.242373 0.745927
vt 0.799076 0.686381
vt 0.243486 0.745173
vt 0.794935 0.683992
vt 0.239344 0.742784
vt 0.797489 0.684115
vt 0.241899 0.742908
vt 0.799065 0.684901
vt 0.243475 0.743694
vt 0.236403 0.740948
vt 0.791994 0.682155
vt 0.242889 0.738119
vt 0.234302 0.742432
vt 0.789893 0.683640
vt 0.239500 0.737846
vt 0.236320 0.739812
vt 0.233607 0.741818
vt 0.241550 0.746977
vt 0.647219 0.338369
vt 0.242692 0.746548
vt 0.242434 0.747716
vt 0.648104 0.339108
vt 0.243191 0.747253
vt 0.243509 0.748602
vt 0.649178 0.339993
vt 0.244095 0.748018
vt 0.244586 0.749465
vt 0.650255 0.340856
vt 0.244964 0.748802
vt 0.245282 0.750081
vt 0.650951 0.341472
vt 0.245791 0.749442
vt 0.246862 0.751081
vt 0.652531 0.342472
vt 0.247126 0.750087
vt 0.653927 0.342968
vt 0.248258 0.751576
vt 0.248601 0.750177
vt 0.250089 0.752688
vt 0.250915 0.749809
vt 0.246165 0.748249
vt 0.247020 0.748657
vt 0.248538 0.748500
vt 0.250953 0.747100
vt 0.244556 0.746055
vt 0.244887 0.747032
vt 0.245541 0.747771
vt 0.248061 0.741166
vt 0.245026 0.744754
vt 0.250485 0.743384
vt 0.246775 0.746830
vt 0.247068 0.746895
vt 0.247459 0.746734
vt 0.247839 0.746277
vt 0.246346 0.746129
vt 0.246370 0.746435
vt 0.246557 0.746692
vt 0.247263 0.745477
vt 0.246582 0.745857
vt 0.247585 0.745787
vt 0.187180 0.830071
vt 0.766287 0.803615
vt 0.186349 0.828425
vt 0.765456 0.801968
vt 0.186438 0.826603
vt 0.765546 0.800146
vt 0.187432 0.825097
vt 0.766540 0.798640
vt 0.189004 0.824190
vt 0.768111 0.797734
vt 0.190852 0.824202
vt 0.769959 0.797746
vt 0.192464 0.825153
vt 0.771572 0.798697
vt 0.193386 0.826807
vt 0.772493 0.800351
vt 0.193338 0.828719
vt 0.772446 0.802262
vt 0.192341 0.830374
vt 0.771448 0.803917
vt 0.190616 0.831222
vt 0.769723 0.804765
vt 0.188733 0.831101
vt 0.767840 0.804644
vt 0.185899 0.831406
vt 0.665059 0.405159
vt 0.184615 0.828937
vt 0.663774 0.402691
vt 0.184682 0.826160
vt 0.663842 0.399913
vt 0.186182 0.823788
vt 0.665342 0.397541
vt 0.188644 0.822418
vt 0.667804 0.396171
vt 0.191473 0.822466
vt 0.670633 0.396220
vt 0.193920 0.823949
vt 0.673080 0.397702
vt 0.195293 0.826494
vt 0.674453 0.400248
vt 0.195143 0.829379
vt 0.674303 0.403133
vt 0.193640 0.831813
vt 0.672800 0.405567
vt 0.191093 0.833091
vt 0.670253 0.406845
vt 0.188258 0.832933
vt 0.667418 0.406687
vt 0.663234 0.406619
vt 0.661525 0.403076
vt 0.661761 0.399271
vt 0.663678 0.395948
vt 0.667097 0.393918
vt 0.671150 0.393875
vt 0.674735 0.395909
vt 0.676861 0.399541
vt 0.676861 0.403920
vt 0.674372 0.407491
vt 0.670599 0.409231
vt 0.666540 0.408891
vt 0.768952 0.801208
vt 0.646988 0.338527
vt 0.241319 0.747136
vt 0.246458 0.749845
vt 0.647846 0.339279
vt 0.242176 0.747887
vt 0.649048 0.340187
vt 0.243379 0.748796
vt 0.650073 0.341009
vt 0.244403 0.749618
vt 0.650812 0.341620
vt 0.245143 0.750229
vt 0.245925 0.750669
vt 0.651594 0.342060
vt 0.246594 0.748426
vt 0.246920 0.746860
vt 0.652375 0.342626
vt 0.246706 0.751235
vt 0.651447 0.342213
vt 0.245778 0.750822
vt 0.240868 0.747457
vt 0.241782 0.748278
vt 0.243024 0.749195
vt 0.243987 0.750060
vt 0.247710 0.752603
vt 0.244667 0.750678
vt 0.246270 0.751907
vt 0.245390 0.751336
vt 0.249468 0.754048
vt 0.815943 0.722953
vt 0.795365 0.687677
vt 0.239775 0.746470
vt 0.240477 0.747885
vt 0.243524 0.750575
vt 0.241345 0.748652
vt 0.242529 0.749697
vt 0.246975 0.753623
vt 0.244235 0.751204
vt 0.245751 0.752542
vt 0.244976 0.751858
vt 0.248510 0.754979
vt 0.252148 0.752827
vt 0.252615 0.749927
vt 0.252307 0.746393
vt 0.251216 0.754970
vt 0.250143 0.756420
vt 0.243184 0.734916
vt 0.238679 0.734991
vt 0.234984 0.737538
vt 0.231719 0.740151
vt 0.249528 0.738414
vt 0.252849 0.741170
vt 0.255392 0.753657
vt 0.255895 0.749681
vt 0.255383 0.744960
vt 0.254262 0.756647
vt 0.252777 0.758747
vt 0.249116 0.718624
vt 0.237252 0.717136
vt 0.226481 0.720029
vt 0.216262 0.726501
vt 0.257872 0.725926
vt 0.264036 0.733651
vt 0.267134 0.757027
vt 0.266971 0.750041
vt 0.267134 0.742048
vt 0.265303 0.762982
vt 0.262621 0.767440
vt 0.238869 0.329702
vt 0.791520 0.688337
vt 0.241185 0.330741
vt 0.793836 0.689376
vt 0.239328 0.332443
vt 0.791979 0.691078
vt 0.241212 0.332433
vt 0.793862 0.691068
vt 0.239946 0.333254
vt 0.792596 0.691889
vt 0.240737 0.333335
vt 0.793387 0.691970
vt 0.237156 0.327351
vt 0.789806 0.685986
vt 0.644437 0.339704
vt 0.238768 0.748313
vt 0.794358 0.689521
vt 0.794359 0.691216
vt 0.238769 0.750009
vt 0.793749 0.692414
vt 0.238158 0.751206
vt 0.790866 0.688599
vt 0.235276 0.747392
vt 0.791305 0.691119
vt 0.235714 0.749911
vt 0.792279 0.692585
vt 0.236689 0.751378
vt 0.233089 0.744701
vt 0.788680 0.685908
vt 0.231085 0.751487
vt 0.230394 0.748157
vt 0.231952 0.744759
vt 0.239709 0.749062
vt 0.645378 0.340453
vt 0.239425 0.750248
vt 0.240552 0.749848
vt 0.646221 0.341239
vt 0.240185 0.750656
vt 0.241563 0.750805
vt 0.647232 0.342196
vt 0.241057 0.751458
vt 0.242553 0.751767
vt 0.648222 0.343158
vt 0.241942 0.752224
vt 0.243251 0.752381
vt 0.648920 0.343772
vt 0.242680 0.752965
vt 0.244438 0.753826
vt 0.650107 0.345217
vt 0.243485 0.754210
vt 0.650772 0.346540
vt 0.245103 0.755149
vt 0.243757 0.755663
vt 0.246433 0.756829
vt 0.243678 0.758004
vt 0.241542 0.753484
vt 0.242052 0.754283
vt 0.242084 0.755808
vt 0.240994 0.758377
vt 0.239166 0.752159
vt 0.240177 0.752366
vt 0.240990 0.752924
vt 0.234748 0.756242
vt 0.237933 0.752786
vt 0.237249 0.758373
vt 0.240209 0.754265
vt 0.240310 0.754548
vt 0.240199 0.754956
vt 0.239792 0.755389
vt 0.239460 0.753926
vt 0.239768 0.753912
vt 0.240045 0.754066
vt 0.238927 0.754917
vt 0.239220 0.754194
vt 0.239274 0.755198
vt 0.272031 0.750547
vt 0.851138 0.724091
vt 0.271200 0.752193
vt 0.850308 0.725737
vt 0.271290 0.754016
vt 0.850397 0.727559
vt 0.272283 0.755522
vt 0.851391 0.729065
vt 0.273855 0.756428
vt 0.852962 0.729971
vt 0.275703 0.756416
vt 0.854810 0.729959
vt 0.277315 0.755465
vt 0.856423 0.729008
vt 0.278237 0.753811
vt 0.857344 0.727354
vt 0.278189 0.751900
vt 0.857297 0.725443
vt 0.277192 0.750245
vt 0.856299 0.723788
vt 0.275467 0.749396
vt 0.854574 0.722940
vt 0.273584 0.749517
vt 0.852691 0.723061
vt 0.270750 0.749213
vt 0.749910 0.322966
vt 0.269466 0.751681
vt 0.748626 0.325435
vt 0.269533 0.754459
vt 0.748693 0.328212
vt 0.271033 0.756831
vt 0.750193 0.330584
vt 0.273495 0.758200
vt 0.752655 0.331954
vt 0.276324 0.758152
vt 0.755484 0.331906
vt 0.278771 0.756670
vt 0.757931 0.330423
vt 0.280144 0.754124
vt 0.759304 0.327878
vt 0.279995 0.751239
vt 0.759154 0.324993
vt 0.278491 0.748805
vt 0.757651 0.322559
vt 0.275944 0.747527
vt 0.755104 0.321280
vt 0.273109 0.747685
vt 0.752269 0.321438
vt 0.748085 0.321506
vt 0.746376 0.325049
vt 0.746612 0.328854
vt 0.748529 0.332177
vt 0.751948 0.334208
vt 0.756001 0.334250
vt 0.759586 0.332217
vt 0.761713 0.328584
vt 0.761713 0.324205
vt 0.759223 0.320634
vt 0.755450 0.318894
vt 0.751391 0.319234
vt 0.853804 0.726497
vt 0.645507 0.340204
vt 0.239838 0.748813
vt 0.243162 0.753578
vt 0.646359 0.340962
vt 0.240690 0.749571
vt 0.647409 0.342043
vt 0.241740 0.750652
vt 0.648352 0.342958
vt 0.242683 0.751567
vt 0.649049 0.343616
vt 0.243380 0.752225
vt 0.243914 0.752946
vt 0.649583 0.344337
vt 0.241771 0.753888
vt 0.240257 0.754405
vt 0.650241 0.345042
vt 0.244572 0.753651
vt 0.649716 0.344173
vt 0.244047 0.752782
vt 0.240101 0.748326
vt 0.241029 0.749131
vt 0.242093 0.750251
vt 0.243070 0.751098
vt 0.246053 0.754478
vt 0.243767 0.751697
vt 0.245185 0.753136
vt 0.244510 0.752333
vt 0.247705 0.756044
vt 0.815154 0.723846
vt 0.794576 0.688571
vt 0.238986 0.747363
vt 0.246825 0.758855
vt 0.244006 0.759677
vt 0.240460 0.759809
vt 0.248836 0.757665
vt 0.227943 0.752176
vt 0.227459 0.747695
vt 0.229531 0.743714
vt 0.232199 0.758038
vt 0.235344 0.760993
vt 0.248050 0.761971
vt 0.244166 0.762963
vt 0.239418 0.763038
vt 0.250877 0.760480
vt 0.212510 0.760078
vt 0.209565 0.748489
vt 0.211104 0.737443
vt 0.220838 0.767862
vt 0.229267 0.773023
vt 0.252847 0.773206
vt 0.245894 0.773908
vt 0.237983 0.775059
vt 0.258530 0.770653
s 0
usemtl Metriod_Megaman
f 1/1/1 2/2/1 4/4/1 3/3/1
f 4/4/2 2/2/2 5/5/2 6/6/2
f 3/3/3 4/4/3 8/8/3 7/7/3
f 4/4/4 6/6/4 10/10/4 8/8/4
f 8/8/5 10/10/5 11/11/5 9/9/5
f 2/2/6 1/1/6 12/12/6 15/15/6
f 2/2/7 15/15/7 14/14/7
f 14/14/8 17/18/8 13/13/8
f 2/2/9 14/14/9 20/23/9 16/16/9
f 5/5/10 2/2/10 16/16/10 18/19/10
f 13/13/11 19/21/11 20/23/11 14/14/11
f 5/5/12 18/19/12 19/21/12 13/13/12
f 13/13/14 17/18/14 22/26/14 21/25/14
f 21/25/15 22/26/15 24/28/15 23/27/15
f 23/27/16 24/28/16 26/30/16 25/29/16
f 25/29/17 26/30/17 28/32/17 27/31/17
f 27/31/18 28/32/18 30/34/18 29/33/18
f 29/33/19 30/34/19 32/36/19 31/35/19
f 29/33/20 31/35/20 35/39/20 34/38/20
f 27/31/21 29/33/21 34/38/21 33/37/21
f 34/38/22 35/39/22 38/42/22 37/41/22
f 33/37/23 34/38/23 37/41/23 36/40/23
f 37/41/24 38/42/24 41/45/24 40/44/24
f 36/40/25 37/41/25 40/44/25 39/43/25
f 9/9/26 11/11/26 43/47/26 42/46/26
f 42/46/27 43/47/27 45/49/27 44/48/27
f 15/15/28 12/12/28 46/50/28 47/52/28
f 14/14/29 15/15/29 47/52/29 48/54/29
f 32/36/30 30/34/30 50/58/30 51/60/30
f 30/34/31 28/32/31 49/56/31 50/58/31
f 28/32/32 26/30/32 53/64/32 49/56/32
f 26/30/33 24/28/33 52/62/33 53/64/33
f 24/28/34 22/26/34 54/66/34 52/62/34
f 22/26/35 17/18/35 48/54/35 54/66/35
f 14/14/36 48/54/36 17/18/36
f 44/48/37 45/49/37 55/68/37 39/43/37
f 36/40/38 39/43/38 55/68/38 56/69/38
f 33/37/39 36/40/39 56/69/39 57/70/39
f 25/29/40 27/31/40 61/74/40 60/73/40
f 23/27/41 25/29/41 60/73/41 59/72/41
f 21/25/42 23/27/42 59/72/42 58/71/42
f 27/31/43 33/37/43 57/70/43 61/74/43
f 13/13/44 21/25/44 58/71/44 5/5/44
f 6/6/45 5/5/45 58/71/45 62/75/45
f 43/47/46 11/11/46 62/75/46 63/76/46
f 56/69/47 55/68/47 65/78/47 57/70/47
f 45/49/48 43/47/48 63/76/48 64/77/48
f 55/68/49 45/49/49 64/77/49 65/78/49
f 10/10/50 6/6/50 62/75/50
f 11/11/51 10/10/51 62/75/51
f 59/72/52 63/76/52 62/75/52 58/71/52
f 60/73/53 64/77/53 63/76/53 59/72/53
f 61/74/54 65/78/54 64/77/54 60/73/54
f 57/70/55 65/78/55 61/74/55
f 9/9/56 42/46/56 72/91/56 68/83/56
f 39/43/57 40/44/57 70/87/57 69/85/57
f 40/44/58 41/45/58 71/89/58 70/87/58
f 44/48/59 39/43/59 69/85/59 73/93/59
f 42/46/60 44/48/60 73/93/60 72/91/60
f 8/8/61 9/9/61 68/83/61 67/81/61
f 7/7/62 8/8/62 67/81/62 66/79/62
f 68/84/63 72/92/63 80/101/63 76/97/63
f 72/92/64 73/94/64 81/102/64 80/101/64
f 73/94/65 69/86/65 77/98/65 81/102/65
f 66/80/66 67/82/66 75/96/66 74/95/66
f 67/82/67 68/84/67 76/97/67 75/96/67
f 69/86/68 70/88/68 78/99/68 77/98/68
f 70/88/69 71/90/69 79/100/69 78/99/69
f 78/99/70 79/100/70 87/108/70 86/107/70
f 76/97/71 80/101/71 88/109/71 84/105/71
f 47/53/72 46/51/72 91/113/72 90/111/72
f 80/101/73 81/102/73 89/110/73 88/109/73
f 81/102/74 77/98/74 85/106/74 89/110/74
f 74/95/75 75/96/75 83/104/75 82/103/75
f 75/96/76 76/97/76 84/105/76 83/104/76
f 77/98/77 78/99/77 86/107/77 85/106/77
f 48/55/78 47/53/78 90/111/78 92/115/78
f 54/67/79 48/55/79 92/115/79 94/117/79
f 52/63/80 54/67/80 94/117/80 93/116/80
f 53/65/81 52/63/81 93/116/81 96/119/81
f 49/57/82 53/65/82 96/119/82 95/118/82
f 50/59/83 49/57/83 95/118/83 97/120/83
f 51/61/84 50/59/84 97/120/84 99/124/84
f 92/115/85 90/111/85 98/121/85 100/125/85
f 92/115/86 100/125/86 102/128/86 101/127/86
f 94/117/87 92/115/87 101/127/87 104/131/87
f 93/116/88 94/117/88 104/131/88 103/130/88
f 96/119/89 93/116/89 103/130/89 106/133/89
f 95/118/90 96/119/90 106/133/90 105/132/90
f 97/120/91 95/118/91 105/132/91
f 105/132/92 106/133/92 110/140/92 109/138/92
f 106/133/93 103/130/93 108/136/93 110/140/93
f 103/130/94 104/131/94 107/134/94 108/136/94
f 105/132/95 109/138/95 112/144/95 97/120/95
f 111/142/96 107/134/96 104/131/96 101/127/96
f 113/146/97 111/142/97 101/127/97 102/128/97
f 90/112/98 91/114/98 115/149/98 114/148/98
f 114/148/99 115/149/99 117/151/99 116/150/99
f 116/150/100 117/151/100 119/153/100 118/152/100
f 116/150/101 118/152/101 122/158/101 121/156/101
f 114/148/102 116/150/102 121/156/102 120/154/102
f 90/112/103 114/148/103 120/154/103 98/122/103
f 123/160/104 122/158/104 118/152/104 119/153/104
f 129/167/105 128/166/105 125/163/105 124/162/105
f 124/162/106 125/163/106 127/165/106 126/164/106
f 124/162/107 113/147/107 100/126/107 129/167/107
f 120/155/108 121/157/108 128/166/108 129/167/108
f 98/123/109 120/155/109 129/167/109 100/126/109
f 132/172/110 133/173/110 135/175/110 134/174/110
f 99/124/111 97/120/111 131/170/111 130/168/111
f 130/169/112 131/171/112 133/173/112 132/172/112
f 100/126/113 113/147/113 102/129/113
f 113/147/114 124/162/114 126/164/114 111/143/114
f 134/174/115 135/175/115 137/177/115 136/176/115
f 97/120/116 112/144/116 138/178/116 131/170/116
f 137/177/117 135/175/117 139/181/117 141/185/117
f 136/176/118 137/177/118 141/185/118 140/183/118
f 135/175/119 133/173/119 138/179/119 139/181/119
f 131/171/120 138/179/120 133/173/120
f 107/135/121 111/143/121 126/164/121 142/188/121
f 142/188/122 126/164/122 127/165/122 144/190/122
f 144/190/123 127/165/123 147/193/123 146/192/123
f 109/139/124 110/141/124 149/195/124 148/194/124
f 148/194/125 149/195/125 151/197/125 150/196/125
f 150/196/126 151/197/126 153/199/126 152/198/126
f 110/141/127 108/137/127 154/200/127 149/195/127
f 149/195/128 154/200/128 155/201/128 151/197/128
f 151/197/129 155/201/129 156/202/129 153/199/129
f 144/190/130 155/201/130 154/200/130 142/188/130
f 146/192/131 156/202/131 155/201/131 144/190/131
f 108/137/132 107/135/132 142/188/132 154/200/132
f 145/191/133 147/193/133 127/165/133 125/163/133
f 112/145/134 109/139/134 148/194/134 143/189/134
f 143/189/135 148/194/135 150/196/135 157/203/135
f 150/196/136 152/198/136 157/203/136
f 125/163/137 128/166/137 159/205/137 145/191/137
f 158/204/138 159/205/138 128/166/138 122/159/138
f 121/157/139 122/159/139 128/166/139
f 160/206/140 161/207/140 122/159/140 123/161/140
f 158/204/141 122/159/141 161/207/141
f 163/209/142 162/208/142 165/212/142 164/210/142
f 141/186/143 165/212/143 162/208/143 140/184/143
f 164/210/144 165/212/144 180/233/144 179/230/144
f 166/215/145 165/214/145 141/186/145 139/182/145
f 152/198/146 166/215/146 139/182/146 157/203/146
f 139/182/147 138/180/147 143/189/147 157/203/147
f 138/180/148 112/145/148 143/189/148
f 163/209/149 164/210/149 168/217/149 167/216/149
f 161/207/150 160/206/150 167/216/150 168/217/150
f 173/222/151 174/223/151 188/241/151 187/240/151
f 152/198/152 153/199/152 174/223/152 173/222/152
f 165/213/153 141/187/153 169/218/153 180/231/153
f 158/204/154 161/207/154 178/227/154 176/225/154
f 168/217/155 164/210/155 179/229/155 182/235/155
f 141/187/156 164/211/156 179/228/156 169/218/156
f 153/199/157 156/202/157 175/224/157 174/223/157
f 159/205/158 158/204/158 176/225/158 177/226/158
f 165/214/159 166/215/159 181/234/159 180/232/159
f 156/202/160 146/192/160 171/220/160 175/224/160
f 161/207/161 168/217/161 182/235/161 178/227/161
f 145/191/162 159/205/162 177/226/162 170/219/162
f 166/215/163 152/198/163 173/222/163 181/234/163
f 147/193/164 145/191/164 170/219/164 172/221/164
f 146/192/165 147/193/165 172/221/165 171/220/165
f 194/249/166 183/236/166 193/247/166
f 180/231/167 169/218/167 183/236/167 194/249/167
f 174/223/168 175/224/168 189/242/168 188/241/168
f 169/218/169 179/228/169 193/247/169 183/236/169
f 175/224/170 171/220/170 185/238/170 189/242/170
f 180/232/171 181/234/171 195/250/171 194/248/171
f 172/221/172 170/219/172 184/237/172 186/239/172
f 181/234/173 173/222/173 187/240/173 195/250/173
f 177/226/174 176/225/174 190/243/174 191/244/174
f 182/235/175 179/229/175 193/246/175 196/251/175
f 170/219/176 177/226/176 191/244/176 184/237/176
f 178/227/177 182/235/177 196/251/177 192/245/177
f 176/225/178 178/227/178 192/245/178 190/243/178
f 171/220/179 172/221/179 186/239/179 185/238/179
f 179/230/180 180/233/180 194/249/180 193/247/180
f 1/1/181 3/3/181 198/253/181 197/252/181
f 198/253/182 200/255/182 199/254/182 197/252/182
f 3/3/183 7/7/183 201/256/183 198/253/183
f 198/253/184 201/256/184 203/258/184 200/255/184
f 201/256/185 202/257/185 204/259/185 203/258/185
f 197/252/186 207/262/186 12/12/186 1/1/186
f 197/252/187 206/261/187 207/262/187
f 206/261/188 205/260/188 209/265/188
f 197/252/189 208/263/189 212/270/189 206/261/189
f 199/254/190 210/266/190 208/263/190 197/252/190
f 205/260/191 206/261/191 212/270/191 211/268/191
f 199/254/192 205/260/192 211/268/192 210/266/192
f 205/260/194 213/272/194 214/273/194 209/265/194
f 213/272/195 215/274/195 216/275/195 214/273/195
f 215/274/196 217/276/196 218/277/196 216/275/196
f 217/276/197 219/278/197 220/279/197 218/277/197
f 219/278/198 221/280/198 222/281/198 220/279/198
f 221/280/199 31/35/199 32/36/199 222/281/199
f 221/280/200 224/283/200 35/39/200 31/35/200
f 219/278/201 223/282/201 224/283/201 221/280/201
f 224/283/202 226/285/202 38/42/202 35/39/202
f 223/282/203 225/284/203 226/285/203 224/283/203
f 226/285/204 228/287/204 41/45/204 38/42/204
f 225/284/205 227/286/205 228/287/205 226/285/205
f 202/257/206 229/288/206 230/289/206 204/259/206
f 229/288/207 231/290/207 232/291/207 230/289/207
f 207/262/208 233/292/208 46/50/208 12/12/208
f 206/261/209 234/294/209 233/292/209 207/262/209
f 32/36/210 51/60/210 236/298/210 222/281/210
f 222/281/211 236/298/211 235/296/211 220/279/211
f 220/279/212 235/296/212 238/302/212 218/277/212
f 218/277/213 238/302/213 237/300/213 216/275/213
f 216/275/214 237/300/214 239/304/214 214/273/214
f 214/273/215 239/304/215 234/294/215 209/265/215
f 206/261/216 209/265/216 234/294/216
f 231/290/217 227/286/217 240/306/217 232/291/217
f 225/284/218 241/307/218 240/306/218 227/286/218
f 223/282/219 242/308/219 241/307/219 225/284/219
f 217/276/220 245/311/220 246/312/220 219/278/220
f 215/274/221 244/310/221 245/311/221 217/276/221
f 213/272/222 243/309/222 244/310/222 215/274/222
f 219/278/223 246/312/223 242/308/223 223/282/223
f 205/260/224 199/254/224 243/309/224 213/272/224
f 200/255/225 247/313/225 243/309/225 199/254/225
f 230/289/226 248/314/226 247/313/226 204/259/226
f 241/307/227 242/308/227 250/316/227 240/306/227
f 232/291/228 249/315/228 248/314/228 230/289/228
f 240/306/229 250/316/229 249/315/229 232/291/229
f 203/258/230 247/313/230 200/255/230
f 204/259/231 247/313/231 203/258/231
f 244/310/232 243/309/232 247/313/232 248/314/232
f 245/311/233 244/310/233 248/314/233 249/315/233
f 246/312/234 245/311/234 249/315/234 250/316/234
f 242/308/235 246/312/235 250/316/235
f 202/257/236 252/319/236 255/325/236 229/288/236
f 227/286/237 253/321/237 254/323/237 228/287/237
f 228/287/238 254/323/238 71/89/238 41/45/238
f 231/290/239 256/327/239 253/321/239 227/286/239
f 229/288/240 255/325/240 256/327/240 231/290/240
f 201/256/241 251/317/241 252/319/241 202/257/241
f 7/7/242 66/79/242 251/317/242 201/256/242
f 252/320/243 258/330/243 261/333/243 255/326/243
f 255/326/244 261/333/244 262/334/244 256/328/244
f 256/328/245 262/334/245 259/331/245 253/322/245
f 66/80/246 74/95/246 257/329/246 251/318/246
f 251/318/247 257/329/247 258/330/247 252/320/247
f 253/322/248 259/331/248 260/332/248 254/324/248
f 254/324/249 260/332/249 79/100/249 71/90/249
f 260/332/250 266/338/250 87/108/250 79/100/250
f 258/330/251 264/336/251 267/339/251 261/333/251
f 233/293/252 269/341/252 91/113/252 46/51/252
f 261/333/253 267/339/253 268/340/253 262/334/253
f 262/334/254 268/340/254 265/337/254 259/331/254
f 74/95/255 82/103/255 263/335/255 257/329/255
f 257/329/256 263/335/256 264/336/256 258/330/256
f 259/331/257 265/337/257 266/338/257 260/332/257
f 234/295/258 270/343/258 269/341/258 233/293/258
f 239/305/259 272/345/259 270/343/259 234/295/259
f 237/301/260 271/344/260 272/345/260 239/305/260
f 238/303/261 274/347/261 271/344/261 237/301/261
f 235/297/262 273/346/262 274/347/262 238/303/262
f 236/299/263 275/348/263 273/346/263 235/297/263
f 51/61/264 99/124/264 275/348/264 236/299/264
f 270/343/265 277/352/265 276/349/265 269/341/265
f 270/343/266 278/354/266 279/355/266 277/352/266
f 272/345/267 281/358/267 278/354/267 270/343/267
f 271/344/268 280/357/268 281/358/268 272/345/268
f 274/347/269 283/360/269 280/357/269 271/344/269
f 273/346/270 282/359/270 283/360/270 274/347/270
f 275/348/271 282/359/271 273/346/271
f 282/359/272 286/365/272 287/367/272 283/360/272
f 283/360/273 287/367/273 285/363/273 280/357/273
f 280/357/274 285/363/274 284/361/274 281/358/274
f 282/359/275 275/348/275 289/371/275 286/365/275
f 288/369/276 278/354/276 281/358/276 284/361/276
f 290/373/277 279/355/277 278/354/277 288/369/277
f 269/342/278 291/375/278 115/149/278 91/114/278
f 291/375/279 292/376/279 117/151/279 115/149/279
f 292/376/280 293/377/280 119/153/280 117/151/280
f 292/376/281 295/380/281 296/382/281 293/377/281
f 291/375/282 294/378/282 295/380/282 292/376/282
f 269/342/283 276/350/283 294/378/283 291/375/283
f 123/160/284 119/153/284 293/377/284 296/382/284
f 302/389/285 297/384/285 298/385/285 301/388/285
f 297/384/286 299/386/286 300/387/286 298/385/286
f 297/384/287 302/389/287 277/353/287 290/374/287
f 294/379/288 302/389/288 301/388/288 295/381/288
f 276/351/289 277/353/289 302/389/289 294/379/289
f 132/172/290 134/174/290 305/393/290 304/392/290
f 99/124/291 130/168/291 303/390/291 275/348/291
f 130/169/292 132/172/292 304/392/292 303/391/292
f 277/353/293 279/356/293 290/374/293
f 290/374/294 288/370/294 299/386/294 297/384/294
f 134/174/295 136/176/295 306/394/295 305/393/295
f 275/348/296 303/390/296 307/395/296 289/371/296
f 306/394/297 309/400/297 308/398/297 305/393/297
f 136/176/298 140/183/298 309/400/298 306/394/298
f 305/393/299 308/398/299 307/396/299 304/392/299
f 303/391/300 304/392/300 307/396/300
f 284/362/301 310/403/301 299/386/301 288/370/301
f 310/403/302 312/405/302 300/387/302 299/386/302
f 312/405/303 314/407/303 315/408/303 300/387/303
f 286/366/304 316/409/304 317/410/304 287/368/304
f 316/409/305 318/411/305 319/412/305 317/410/305
f 318/411/306 320/413/306 321/414/306 319/412/306
f 287/368/307 317/410/307 322/415/307 285/364/307
f 317/410/308 319/412/308 323/416/308 322/415/308
f 319/412/309 321/414/309 324/417/309 323/416/309
f 312/405/310 310/403/310 322/415/310 323/416/310
f 314/407/311 312/405/311 323/416/311 324/417/311
f 285/364/312 322/415/312 310/403/312 284/362/312
f 313/406/313 298/385/313 300/387/313 315/408/313
f 289/372/314 311/404/314 316/409/314 286/366/314
f 311/404/315 325/418/315 318/411/315 316/409/315
f 318/411/316 325/418/316 320/413/316
f 298/385/317 313/406/317 327/420/317 301/388/317
f 326/419/318 296/383/318 301/388/318 327/420/318
f 295/381/319 301/388/319 296/383/319
f 160/206/320 123/161/320 296/383/320 328/421/320
f 326/419/321 328/421/321 296/383/321
f 163/209/322 329/422/322 330/424/322 162/208/322
f 309/401/323 140/184/323 162/208/323 330/424/323
f 329/422/324 343/441/324 344/444/324 330/424/324
f 331/427/325 308/399/325 309/401/325 330/426/325
f 320/413/326 325/418/326 308/399/326 331/427/326
f 308/399/327 325/418/327 311/404/327 307/397/327
f 307/397/328 311/404/328 289/372/328
f 163/209/329 167/216/329 332/428/329 329/422/329
f 328/421/330 332/428/330 167/216/330 160/206/330
f 337/433/331 351/451/331 352/452/331 338/434/331
f 320/413/332 337/433/332 338/434/332 321/414/332
f 330/425/333 344/442/333 333/429/333 309/402/333
f 326/419/334 340/436/334 342/438/334 328/421/334
f 332/428/335 346/446/335 343/440/335 329/422/335
f 309/402/336 333/429/336 343/439/336 329/423/336
f 321/414/337 338/434/337 339/435/337 324/417/337
f 327/420/338 341/437/338 340/436/338 326/419/338
f 330/426/339 344/443/339 345/445/339 331/427/339
f 324/417/340 339/435/340 335/431/340 314/407/340
f 328/421/341 342/438/341 346/446/341 332/428/341
f 313/406/342 334/430/342 341/437/342 327/420/342
f 331/427/343 345/445/343 337/433/343 320/413/343
f 315/408/344 336/432/344 334/430/344 313/406/344
f 314/407/345 335/431/345 336/432/345 315/408/345
f 358/459/346 357/457/346 347/447/346
f 344/442/347 358/459/347 347/447/347 333/429/347
f 338/434/348 352/452/348 353/453/348 339/435/348
f 333/429/349 347/447/349 357/457/349 343/439/349
f 339/435/350 353/453/350 349/449/350 335/431/350
f 344/443/351 358/458/351 359/460/351 345/445/351
f 336/432/352 350/450/352 348/448/352 334/430/352
f 345/445/353 359/460/353 351/451/353 337/433/353
f 341/437/354 355/455/354 354/454/354 340/436/354
f 346/446/355 360/461/355 357/457/355 343/440/355
f 334/430/356 348/448/356 355/455/356 341/437/356
f 342/438/357 356/456/357 360/461/357 346/446/357
f 340/436/358 354/454/358 356/456/358 342/438/358
f 335/431/359 349/449/359 350/450/359 336/432/359
f 343/441/360 357/457/360 358/459/360 344/444/360
f 361/462/361 362/463/361 364/465/361 363/464/361
f 364/465/362 362/463/362 365/466/362 366/467/362
f 366/467/363 365/466/363 367/468/363 368/469/363
f 368/469/364 367/468/364 369/470/364 370/471/364
f 370/471/365 369/470/365 371/472/365 372/473/365
f 372/473/366 371/472/366 373/474/366 374/475/366
f 374/475/367 373/474/367 375/476/367 376/477/367
f 376/477/368 375/476/368 377/478/368 378/479/368
f 363/464/369 378/479/369 377/478/369 361/462/369
f 363/464/370 364/465/370 380/481/370 379/480/370
f 364/465/371 366/467/371 381/482/371 380/481/371
f 366/467/372 368/469/372 382/483/372 381/482/372
f 368/469/373 370/471/373 383/484/373 382/483/373
f 370/471/374 372/473/374 384/485/374 383/484/374
f 372/473/375 374/475/375 385/486/375 384/485/375
f 374/475/376 376/477/376 386/487/376 385/486/376
f 376/477/377 378/479/377 387/488/377 386/487/377
f 378/479/378 363/464/378 379/480/378 387/488/378
f 381/482/379 382/483/379 389/490/379 388/489/379
f 382/483/380 383/484/380 390/491/380 389/490/380
f 383/484/381 384/485/381 391/492/381 390/491/381
f 380/481/382 381/482/382 388/489/382 392/493/382
f 380/481/383 392/493/383 379/480/383
f 384/485/384 385/486/384 391/492/384
f 390/491/385 391/492/385 400/508/385 399/506/385
f 385/486/386 386/487/386 395/498/386 394/496/386
f 379/480/387 392/493/387 401/510/387 393/494/387
f 387/488/388 379/480/388 393/494/388 396/500/388
f 389/490/389 390/491/389 399/506/389 398/504/389
f 391/492/390 385/486/390 394/496/390 400/508/390
f 388/489/391 389/490/391 398/504/391 397/502/391
f 392/493/392 388/489/392 397/502/392 401/510/392
f 386/487/393 387/488/393 396/500/393 395/498/393
f 398/505/394 399/507/394 408/524/394 407/522/394
f 395/499/395 396/501/395 405/518/395 404/516/395
f 400/509/396 394/497/396 403/514/396 409/526/396
f 399/507/397 400/509/397 409/526/397 408/524/397
f 396/501/398 393/495/398 402/512/398 405/518/398
f 401/511/399 397/503/399 406/520/399 410/528/399
f 397/503/400 398/505/400 407/522/400 406/520/400
f 394/497/401 395/499/401 404/516/401 403/514/401
f 393/495/402 401/511/402 410/528/402 402/512/402
f 404/517/403 405/519/403 414/533/403 413/532/403
f 409/527/404 403/515/404 412/531/404 418/537/404
f 408/525/405 409/527/405 418/537/405 417/536/405
f 405/519/406 402/513/406 411/530/406 414/533/406
f 410/529/407 406/521/407 415/534/407 419/538/407
f 406/521/408 407/523/408 416/535/408 415/534/408
f 403/515/409 404/517/409 413/532/409 412/531/409
f 402/513/410 410/529/410 419/538/410 411/530/410
f 407/523/411 408/525/411 417/536/411 416/535/411
f 412/531/412 413/532/412 422/541/412 421/540/412
f 411/530/413 419/538/413 428/547/413 420/539/413
f 416/535/414 417/536/414 426/545/414 425/544/414
f 413/532/415 414/533/415 423/542/415 422/541/415
f 418/537/416 412/531/416 421/540/416 427/546/416
f 417/536/417 418/537/417 427/546/417 426/545/417
f 414/533/418 411/530/418 420/539/418 423/542/418
f 419/538/419 415/534/419 424/543/419 428/547/419
f 415/534/420 416/535/420 425/544/420 424/543/420
f 362/463/421 361/462/421 429/548/421 430/550/421
f 371/472/422 369/470/422 433/556/422 434/558/422
f 369/470/423 367/468/423 432/554/423 433/556/423
f 367/468/424 365/466/424 431/552/424 432/554/424
f 361/462/425 377/478/425 437/564/425 429/548/425
f 377/478/426 375/476/426 436/562/426 437/564/426
f 365/466/427 362/463/427 430/550/427 431/552/427
f 375/476/428 373/474/428 435/560/428 436/562/428
f 373/474/429 371/472/429 434/558/429 435/560/429
f 426/545/430 427/546/430 445/580/430 444/578/430
f 423/542/431 420/539/431 438/566/431 441/572/431
f 428/547/432 424/543/432 442/574/432 446/582/432
f 424/543/433 425/544/433 443/576/433 442/574/433
f 421/540/434 422/541/434 440/570/434 439/568/434
f 420/539/435 428/547/435 446/582/435 438/566/435
f 425/544/436 426/545/436 444/578/436 443/576/436
f 422/541/437 423/542/437 441/572/437 440/570/437
f 427/546/438 421/540/438 439/568/438 445/580/438
f 440/571/439 441/573/439 450/587/439 449/586/439
f 445/581/440 439/569/440 448/585/440 454/591/440
f 444/579/441 445/581/441 454/591/441 453/590/441
f 441/573/442 438/567/442 447/584/442 450/587/442
f 446/583/443 442/575/443 451/588/443 455/592/443
f 442/575/444 443/577/444 452/589/444 451/588/444
f 439/569/445 440/571/445 449/586/445 448/585/445
f 438/567/446 446/583/446 455/592/446 447/584/446
f 443/577/447 444/579/447 453/590/447 452/589/447
f 450/587/448 447/584/448 456/593/448 459/596/448
f 455/592/449 451/588/449 460/597/449 464/601/449
f 451/588/450 452/589/450 461/598/450 460/597/450
f 448/585/451 449/586/451 458/595/451 457/594/451
f 447/584/452 455/592/452 464/601/452 456/593/452
f 452/589/453 453/590/453 462/599/453 461/598/453
f 449/586/454 450/587/454 459/596/454 458/595/454
f 454/591/455 448/585/455 457/594/455 463/600/455
f 453/590/456 454/591/456 463/600/456 462/599/456
f 465/602/457 466/603/457 468/605/457 467/604/457
f 472/609/458 471/608/458 469/606/458 470/607/458
f 468/605/459 466/603/459 471/608/459 472/609/459
f 470/607/460 469/606/460 473/610/460 474/611/460
f 474/611/461 473/610/461 475/612/461 476/613/461
f 476/613/462 475/612/462 477/614/462 478/615/462
f 478/615/463 477/614/463 505/642/463 511/648/463
f 465/602/464 467/604/464 482/619/464 481/618/464
f 473/610/465 469/606/465 485/622/465 487/624/465
f 471/608/466 466/603/466 484/621/466 486/623/466
f 469/606/467 471/608/467 486/623/467 485/622/467
f 466/603/468 465/602/468 483/620/468 484/621/468
f 486/623/469 484/621/469 488/625/469 490/627/469
f 485/622/470 486/623/470 490/627/470 489/626/470
f 490/627/471 488/625/471 491/628/471 493/630/471
f 489/626/472 490/627/472 493/630/472 492/629/472
f 491/628/473 488/625/473 495/632/473 496/633/473
f 488/625/474 484/621/474 483/620/474 495/632/474
f 489/626/475 492/629/475 497/634/475 494/631/475
f 489/626/476 494/631/476 485/622/476
f 496/633/477 495/632/477 498/635/477 499/636/477
f 495/632/478 483/620/478 498/635/478
f 500/637/479 483/620/479 465/602/479 481/618/479
f 498/635/480 483/620/480 500/637/480 501/638/480
f 499/636/481 498/635/481 502/639/481 503/640/481
f 502/639/482 479/616/482 505/642/482 504/641/482
f 502/639/483 498/635/483 501/638/483 479/616/483
f 502/639/484 504/641/484 497/634/484 503/640/484
f 487/624/485 485/622/485 494/631/485 506/643/485
f 506/643/486 494/631/486 497/634/486 507/644/486
f 507/644/487 497/634/487 508/645/487 509/646/487
f 509/646/488 508/645/488 504/641/488 510/647/488
f 509/646/489 510/647/489 513/650/489 507/644/489
f 512/649/490 510/647/490 477/614/490 475/612/490
f 511/648/491 505/642/491 479/616/491 480/617/491
f 505/642/492 477/614/492 510/647/492 504/641/492
f 475/612/493 473/610/493 487/624/493 512/649/493
f 507/644/494 513/650/494 506/643/494
f 512/649/495 513/650/495 510/647/495
f 506/643/496 513/650/496 512/649/496 487/624/496
f 504/641/497 508/645/497 497/634/497
f 493/630/498 503/640/498 497/634/498 492/629/498
f 491/628/499 499/636/499 503/640/499 493/630/499
f 496/633/500 499/636/500 491/628/500
f 480/617/501 479/616/501 501/638/501 514/651/501
f 518/655/502 517/654/502 481/618/502 482/619/502
f 520/657/503 517/654/503 518/655/503 519/656/503
f 500/637/504 528/665/504 516/653/504 501/638/504
f 527/664/505 532/669/505 516/653/505 528/665/505
f 481/618/506 517/654/506 524/661/506 523/660/506
f 523/660/507 524/661/507 526/663/507 525/662/507
f 500/637/508 481/618/508 523/660/508 528/665/508
f 527/664/509 528/665/509 523/660/509 525/662/509
f 520/657/510 529/666/510 524/661/510 517/654/510
f 526/663/511 524/661/511 529/666/511 530/667/511
f 516/653/512 532/669/512 531/668/512 522/659/512
f 515/652/513 520/657/513 519/656/513 514/651/513
f 515/652/514 522/659/514 529/666/514 520/657/514
f 515/652/515 501/638/515 516/653/515 522/659/515
f 531/668/516 532/669/516 533/670/516 521/658/516
f 529/666/517 522/659/517 531/668/517 530/667/517
f 501/638/518 515/652/518 514/651/518
f 521/658/519 533/670/519 526/663/519 530/667/519
f 530/667/520 531/668/520 521/658/520
f 532/669/521 527/664/521 533/670/521
f 527/664/522 525/662/522 533/670/522
f 526/663/523 533/670/523 525/662/523
f 511/648/524 480/617/524 435/561/524 434/559/524
f 472/609/525 470/607/525 431/553/525 430/551/525
f 482/619/526 467/604/526 429/549/526 437/565/526
f 514/651/527 519/656/527 436/563/527
f 518/655/528 482/619/528 437/565/528
f 467/604/529 468/605/529 430/551/529 429/549/529
f 476/613/530 478/615/530 434/559/530 433/557/530
f 519/656/531 518/655/531 437/565/531 436/563/531
f 480/617/532 514/651/532 436/563/532 435/561/532
f 470/607/533 474/611/533 432/555/533 431/553/533
f 468/605/534 472/609/534 430/551/534
f 478/615/535 511/648/535 434/559/535
f 474/611/536 476/613/536 433/557/536 432/555/536
f 539/681/537 548/699/537 549/701/537 540/683/537
f 536/675/538 545/693/538 546/695/538 537/677/538
f 541/685/539 550/703/539 544/691/539 535/673/539
f 540/683/540 549/701/540 550/703/540 541/685/540
f 537/677/541 546/695/541 543/689/541 534/671/541
f 542/687/542 551/705/542 547/697/542 538/679/542
f 538/679/543 547/697/543 548/699/543 539/681/543
f 535/673/544 544/691/544 545/693/544 536/675/544
f 534/671/545 543/689/545 551/705/545 542/687/545
f 545/694/546 554/709/546 555/710/546 546/696/546
f 550/704/547 559/714/547 553/708/547 544/692/547
f 549/702/548 558/713/548 559/714/548 550/704/548
f 546/696/549 555/710/549 552/707/549 543/690/549
f 551/706/550 560/715/550 556/711/550 547/698/550
f 547/698/551 556/711/551 557/712/551 548/700/551
f 544/692/552 553/708/552 554/709/552 545/694/552
f 543/690/553 552/707/553 560/715/553 551/706/553
f 548/700/554 557/712/554 558/713/554 549/702/554
f 553/708/555 562/717/555 563/718/555 554/709/555
f 552/707/556 561/716/556 569/724/556 560/715/556
f 557/712/557 566/721/557 567/722/557 558/713/557
f 554/709/558 563/718/558 564/719/558 555/710/558
f 559/714/559 568/723/559 562/717/559 553/708/559
f 558/713/560 567/722/560 568/723/560 559/714/560
f 555/710/561 564/719/561 561/716/561 552/707/561
f 560/715/562 569/724/562 565/720/562 556/711/562
f 556/711/563 565/720/563 566/721/563 557/712/563
f 567/722/564 576/737/564 577/739/564 568/723/564
f 564/719/565 573/731/565 570/725/565 561/716/565
f 569/724/566 578/741/566 574/733/566 565/720/566
f 565/720/567 574/733/567 575/735/567 566/721/567
f 562/717/568 571/727/568 572/729/568 563/718/568
f 561/716/569 570/725/569 578/741/569 569/724/569
f 566/721/570 575/735/570 576/737/570 567/722/570
f 563/718/571 572/729/571 573/731/571 564/719/571
f 568/723/572 577/739/572 571/727/572 562/717/572
f 572/730/573 581/745/573 582/746/573 573/732/573
f 577/740/574 586/750/574 580/744/574 571/728/574
f 576/738/575 585/749/575 586/750/575 577/740/575
f 573/732/576 582/746/576 579/743/576 570/726/576
f 578/742/577 587/751/577 583/747/577 574/734/577
f 574/734/578 583/747/578 584/748/578 575/736/578
f 571/728/579 580/744/579 581/745/579 572/730/579
f 570/726/580 579/743/580 587/751/580 578/742/580
f 575/736/581 584/748/581 585/749/581 576/738/581
f 582/746/582 591/755/582 588/752/582 579/743/582
f 587/751/583 596/760/583 592/756/583 583/747/583
f 583/747/584 592/756/584 593/757/584 584/748/584
f 580/744/585 589/753/585 590/754/585 581/745/585
f 579/743/586 588/752/586 596/760/586 587/751/586
f 584/748/587 593/757/587 594/758/587 585/749/587
f 581/745/588 590/754/588 591/755/588 582/746/588
f 586/750/589 595/759/589 589/753/589 580/744/589
f 585/749/590 594/758/590 595/759/590 586/750/590
f 598/762/591 597/761/591 599/763/591 600/764/591
f 600/764/592 599/763/592 601/765/592 602/766/592
f 601/765/593 603/767/593 604/768/593 602/766/593
f 621/785/594 623/787/594 601/765/594 599/763/594
f 604/768/595 603/767/595 605/769/595 606/770/595
f 606/770/596 605/769/596 607/771/596 608/772/596
f 598/762/597 600/764/597 610/774/597 609/773/597
f 600/764/598 602/766/598 611/775/598 610/774/598
f 602/766/599 604/768/599 612/776/599 611/775/599
f 604/768/600 606/770/600 608/772/600 612/776/600
f 625/789/601 627/791/601 605/769/601 603/767/601
f 601/765/602 623/787/602 625/789/602 603/767/602
f 619/783/603 621/785/603 599/763/603 597/761/603
f 612/776/604 608/772/604 617/781/604 613/777/604
f 620/784/605 622/786/605 621/785/605 619/783/605
f 622/786/606 624/788/606 623/787/606 621/785/606
f 623/787/607 624/788/607 626/790/607 625/789/607
f 610/774/608 611/775/608 614/778/608 615/779/608
f 626/790/609 628/792/609 627/791/609 625/789/609
f 628/792/610 630/794/610 629/793/610 627/791/610
f 620/784/611 631/795/611 632/796/611 622/786/611
f 622/786/612 632/796/612 633/797/612 624/788/612
f 624/788/613 633/797/613 634/798/613 626/790/613
f 626/790/614 634/798/614 630/794/614 628/792/614
f 607/771/615 629/793/615 635/799/615 618/782/615
f 630/794/616 634/798/616 640/804/616 636/800/616
f 609/773/617 610/774/617 615/779/617 616/780/617
f 611/775/618 612/776/618 613/777/618 614/778/618
f 627/791/619 629/793/619 607/771/619 605/769/619
f 608/772/620 607/771/620 618/782/620 617/781/620
f 634/798/621 633/797/621 639/803/621 640/804/621
f 632/796/622 631/795/622 637/801/622 638/802/622
f 633/797/623 632/796/623 638/802/623 639/803/623
f 629/793/624 630/794/624 636/800/624 635/799/624
f 620/784/625 619/783/625 644/808/625 645/809/625
f 597/761/626 598/762/626 642/806/626 641/805/626
f 631/795/627 620/784/627 645/809/627 646/810/627
f 598/762/628 609/773/628 643/807/628 642/806/628
f 619/783/629 597/761/629 641/805/629 644/808/629
f 609/773/630 616/780/630 643/807/630
f 631/795/631 646/810/631 637/801/631
f 643/807/632 616/780/632 650/814/632 661/825/632
f 617/781/633 618/782/633 652/816/633 651/815/633
f 644/808/634 641/805/634 659/823/634 662/826/634
f 637/801/635 646/810/635 664/828/635 655/819/635
f 618/782/636 635/799/636 653/817/636 652/816/636
f 639/803/637 638/802/637 656/820/637 657/821/637
f 635/799/638 636/800/638 654/818/638 653/817/638
f 636/800/639 640/804/639 658/822/639 654/818/639
f 615/779/640 614/778/640 648/812/640 649/813/640
f 641/805/641 642/806/641 660/824/641 659/823/641
f 640/804/642 639/803/642 657/821/642 658/822/642
f 613/777/643 617/781/643 651/815/643 647/811/643
f 642/806/644 643/807/644 661/825/644 660/824/644
f 638/802/645 637/801/645 655/819/645 656/820/645
f 614/778/646 613/777/646 647/811/646 648/812/646
f 645/809/647 644/808/647 662/826/647 663/827/647
f 616/780/648 615/779/648 649/813/648 650/814/648
f 646/810/649 645/809/649 663/827/649 664/828/649
f 666/830/650 668/832/650 667/831/650 665/829/650
f 668/832/651 670/834/651 669/833/651 667/831/651
f 669/833/652 670/834/652 672/836/652 671/835/652
f 689/853/653 667/831/653 669/833/653 691/855/653
f 672/836/654 674/838/654 673/837/654 671/835/654
f 674/838/655 676/840/655 675/839/655 673/837/655
f 666/830/656 677/841/656 678/842/656 668/832/656
f 668/832/657 678/842/657 679/843/657 670/834/657
f 670/834/658 679/843/658 680/844/658 672/836/658
f 672/836/659 680/844/659 676/840/659 674/838/659
f 693/857/660 671/835/660 673/837/660 695/859/660
f 669/833/661 671/835/661 693/857/661 691/855/661
f 687/851/662 665/829/662 667/831/662 689/853/662
f 680/844/663 681/845/663 685/849/663 676/840/663
f 688/852/664 687/851/664 689/853/664 690/854/664
f 690/854/665 689/853/665 691/855/665 692/856/665
f 691/855/666 693/857/666 694/858/666 692/856/666
f 678/842/667 683/847/667 682/846/667 679/843/667
f 694/858/668 693/857/668 695/859/668 696/860/668
f 696/860/669 695/859/669 697/861/669 698/862/669
f 688/852/670 690/854/670 700/864/670 699/863/670
f 690/854/671 692/856/671 701/865/671 700/864/671
f 692/856/672 694/858/672 702/866/672 701/865/672
f 694/858/673 696/860/673 698/862/673 702/866/673
f 675/839/674 686/850/674 703/867/674 697/861/674
f 698/862/675 704/868/675 708/872/675 702/866/675
f 677/841/676 684/848/676 683/847/676 678/842/676
f 679/843/677 682/846/677 681/845/677 680/844/677
f 695/859/678 673/837/678 675/839/678 697/861/678
f 676/840/679 685/849/679 686/850/679 675/839/679
f 702/866/680 708/872/680 707/871/680 701/865/680
f 700/864/681 706/870/681 705/869/681 699/863/681
f 701/865/682 707/871/682 706/870/682 700/864/682
f 697/861/683 703/867/683 704/868/683 698/862/683
f 688/852/684 713/877/684 712/876/684 687/851/684
f 665/829/685 709/873/685 710/874/685 666/830/685
f 699/863/686 714/878/686 713/877/686 688/852/686
f 666/830/687 710/874/687 711/875/687 677/841/687
f 687/851/688 712/876/688 709/873/688 665/829/688
f 677/841/689 711/875/689 684/848/689
f 699/863/690 705/869/690 714/878/690
f 711/875/691 729/893/691 718/882/691 684/848/691
f 685/849/692 719/883/692 720/884/692 686/850/692
f 712/876/693 730/894/693 727/891/693 709/873/693
f 705/869/694 723/887/694 732/896/694 714/878/694
f 686/850/695 720/884/695 721/885/695 703/867/695
f 707/871/696 725/889/696 724/888/696 706/870/696
f 703/867/697 721/885/697 722/886/697 704/868/697
f 704/868/698 722/886/698 726/890/698 708/872/698
f 683/847/699 717/881/699 716/880/699 682/846/699
f 709/873/700 727/891/700 728/892/700 710/874/700
f 708/872/701 726/890/701 725/889/701 707/871/701
f 681/845/702 715/879/702 719/883/702 685/849/702
f 710/874/703 728/892/703 729/893/703 711/875/703
f 706/870/704 724/888/704 723/887/704 705/869/704
f 682/846/705 716/880/705 715/879/705 681/845/705
f 713/877/706 731/895/706 730/894/706 712/876/706
f 684/848/707 718/882/707 717/881/707 683/847/707
f 714/878/708 732/896/708 731/895/708 713/877/708
f 734/898/709 736/900/709 735/899/709 733/897/709
f 734/898/710 733/897/710 737/901/710 738/902/710
f 738/902/711 737/901/711 739/903/711 740/904/711
f 740/904/712 739/903/712 741/905/712 742/906/712
f 742/906/713 741/905/713 743/907/713 744/908/713
f 744/908/714 743/907/714 745/909/714 746/910/714
f 746/910/715 745/909/715 747/911/715 748/912/715
f 748/912/716 747/911/716 749/913/716 750/914/716
f 750/914/717 749/913/717 751/915/717 752/916/717
f 752/916/718 751/915/718 753/917/718 754/918/718
f 754/918/719 753/917/719 755/919/719 756/920/719
f 735/899/720 736/900/720 756/920/720 755/919/720
f 756/920/721 736/900/721 758/922/721 768/932/721
f 744/908/722 746/910/722 763/927/722 762/926/722
f 742/906/723 744/908/723 762/926/723 761/925/723
f 740/904/724 742/906/724 761/925/724 760/924/724
f 736/900/725 734/898/725 757/921/725 758/922/725
f 738/902/726 740/904/726 760/924/726 759/923/726
f 754/918/727 756/920/727 768/932/727 767/931/727
f 734/898/728 738/902/728 759/923/728 757/921/728
f 752/916/729 754/918/729 767/931/729 766/930/729
f 750/914/730 752/916/730 766/930/730 765/929/730
f 748/912/731 750/914/731 765/929/731 764/928/731
f 746/910/732 748/912/732 764/928/732 763/927/732
f 768/932/733 542/688/733 538/680/733 767/931/733
f 765/929/734 539/682/734 540/684/734 764/928/734
f 762/926/735 535/674/735 536/676/735 761/925/735
f 758/922/736 542/688/736 768/932/736
f 759/923/737 537/678/737 534/672/737 757/921/737
f 766/930/738 538/680/738 539/682/738 765/929/738
f 763/927/739 541/686/739 535/674/739 762/926/739
f 760/924/740 537/678/740 759/923/740
f 767/931/741 538/680/741 766/930/741
f 764/928/742 540/684/742 541/686/742 763/927/742
f 761/925/743 536/676/743 537/678/743 760/924/743
f 749/913/744 747/911/744 776/947/744 777/949/744
f 747/911/745 745/909/745 775/945/745 776/947/745
f 733/897/746 735/899/746 770/935/746 769/933/746
f 735/899/747 755/919/747 780/955/747 770/935/747
f 745/909/748 743/907/748 774/943/748 775/945/748
f 743/907/749 741/905/749 773/941/749 774/943/749
f 741/905/750 739/903/750 772/939/750 773/941/750
f 739/903/751 737/901/751 771/937/751 772/939/751
f 755/919/752 753/917/752 779/953/752 780/955/752
f 737/901/753 733/897/753 769/933/753 771/937/753
f 753/917/754 751/915/754 778/951/754 779/953/754
f 751/915/755 749/913/755 777/949/755 778/951/755
f 772/940/756 771/938/756 783/959/756 784/960/756
f 779/954/757 778/952/757 790/966/757 791/967/757
f 776/948/758 775/946/758 787/963/758 788/964/758
f 773/942/759 772/940/759 784/960/759 785/961/759
f 780/956/760 779/954/760 791/967/760 792/968/760
f 769/934/761 770/936/761 782/958/761 781/957/761
f 777/950/762 776/948/762 788/964/762 789/965/762
f 774/944/763 773/942/763 785/961/763 786/962/763
f 770/936/764 780/956/764 792/968/764 782/958/764
f 771/938/765 769/934/765 781/957/765 783/959/765
f 778/952/766 777/950/766 789/965/766 790/966/766
f 775/946/767 774/944/767 786/962/767 787/963/767
f 789/965/768 788/964/768 800/983/768 801/985/768
f 786/962/769 785/961/769 797/977/769 798/979/769
f 782/958/770 792/968/770 804/991/770 794/971/770
f 783/959/771 781/957/771 793/969/771 795/973/771
f 790/966/772 789/965/772 801/985/772 802/987/772
f 787/963/773 786/962/773 798/979/773 799/981/773
f 784/960/774 783/959/774 795/973/774 796/975/774
f 791/967/775 790/966/775 802/987/775 803/989/775
f 788/964/776 787/963/776 799/981/776 800/983/776
f 785/961/777 784/960/777 796/975/777 797/977/777
f 792/968/778 791/967/778 803/989/778 804/991/778
f 781/957/779 782/958/779 794/971/779 793/969/779
f 794/972/780 804/992/780 816/1004/780 806/994/780
f 795/974/781 793/970/781 805/993/781 807/995/781
f 802/988/782 801/986/782 813/1001/782 814/1002/782
f 799/982/783 798/980/783 810/998/783 811/999/783
f 796/976/784 795/974/784 807/995/784 808/996/784
f 803/990/785 802/988/785 814/1002/785 815/1003/785
f 800/984/786 799/982/786 811/999/786 812/1000/786
f 797/978/787 796/976/787 808/996/787 809/997/787
f 804/992/788 803/990/788 815/1003/788 816/1004/788
f 793/970/789 794/972/789 806/994/789 805/993/789
f 801/986/790 800/984/790 812/1000/790 813/1001/790
f 798/980/791 797/978/791 809/997/791 810/998/791
f 811/999/792 810/998/792 822/1010/792 823/1011/792
f 808/996/793 807/995/793 819/1007/793 820/1008/793
f 815/1003/794 814/1002/794 826/1014/794 827/1015/794
f 812/1000/795 811/999/795 823/1011/795 824/1012/795
f 809/997/796 808/996/796 820/1008/796 821/1009/796
f 816/1004/797 815/1003/797 827/1015/797 828/1016/797
f 805/993/798 806/994/798 818/1006/798 817/1005/798
f 813/1001/799 812/1000/799 824/1012/799 825/1013/799
f 810/998/800 809/997/800 821/1009/800 822/1010/800
f 806/994/801 816/1004/801 828/1016/801 818/1006/801
f 807/995/802 805/993/802 817/1005/802 819/1007/802
f 814/1002/803 813/1001/803 825/1013/803 826/1014/803
f 826/1014/804 825/1013/804 837/1033/804 838/1035/804
f 823/1011/805 822/1010/805 834/1027/805 835/1029/805
f 820/1008/806 819/1007/806 831/1021/806 832/1023/806
f 827/1015/807 826/1014/807 838/1035/807 839/1037/807
f 824/1012/808 823/1011/808 835/1029/808 836/1031/808
f 821/1009/809 820/1008/809 832/1023/809 833/1025/809
f 828/1016/810 827/1015/810 839/1037/810 840/1039/810
f 817/1005/811 818/1006/811 830/1019/811 829/1017/811
f 825/1013/812 824/1012/812 836/1031/812 837/1033/812
f 822/1010/813 821/1009/813 833/1025/813 834/1027/813
f 818/1006/814 828/1016/814 840/1039/814 830/1019/814
f 819/1007/815 817/1005/815 829/1017/815 831/1021/815
f 757/921/828 534/672/828 542/688/828 758/922/828
f 974/1222/829 960/1208/829 971/1219/829 973/1221/829
f 954/1202/830 987/1235/830 972/1220/830 901/1125/830
f 898/1122/831 895/1119/831 970/1218/831 968/1216/831
f 899/1123/832 897/1121/832 966/1214/832 964/1212/832
f 900/1124/833 850/1058/833 851/1059/833 896/1120/833
f 895/1119/830 901/1125/830 972/1220/830 970/1218/830
f 897/1121/834 898/1122/834 968/1216/834 966/1214/834
f 842/1042/835 849/1056/835 859/1074/835 852/1060/835
f 848/1054/836 847/1052/836 857/1070/836 858/1072/836
f 846/1050/837 845/1048/837 855/1066/837 856/1068/837
f 844/1046/838 843/1044/838 853/1062/838 854/1064/838
f 849/1056/839 848/1054/839 858/1072/839 859/1074/839
f 847/1052/840 846/1050/840 856/1068/840 857/1070/840
f 845/1048/841 844/1046/841 854/1064/841 855/1066/841
f 843/1044/842 842/1042/842 852/1060/842 853/1062/842
f 852/1061/843 859/1075/843 867/1090/843 860/1076/843
f 858/1073/844 857/1071/844 865/1086/844 866/1088/844
f 856/1069/845 855/1067/845 863/1082/845 864/1084/845
f 854/1065/846 853/1063/846 861/1078/846 862/1080/846
f 859/1075/847 858/1073/847 866/1088/847 867/1090/847
f 857/1071/848 856/1069/848 864/1084/848 865/1086/848
f 855/1067/849 854/1065/849 862/1080/849 863/1082/849
f 853/1063/850 852/1061/850 860/1076/850 861/1078/850
f 845/1049/871 846/1051/871 897/1121/871 899/1123/871
f 847/1053/872 848/1055/872 895/1119/872 898/1122/872
f 849/1057/873 842/1043/873 900/1124/873 896/1120/873
f 842/1043/874 843/1045/874 893/1117/874 900/1124/874
f 844/1047/875 845/1049/875 899/1123/875 894/1118/875
f 846/1051/876 847/1053/876 898/1122/876 897/1121/876
f 848/1055/877 849/1057/877 896/1120/877 895/1119/877
f 843/1045/878 844/1047/878 894/1118/878 893/1117/878
f 893/1117/879 894/1118/879 962/1210/879 961/1209/879
f 893/1117/880 902/1126/880 850/1058/880 900/1124/880
f 965/1213/829 967/1215/829 969/1217/829 963/1211/829
f 901/1125/881 895/1119/881 896/1120/881 851/1059/881
f 893/1117/882 961/1209/882 975/1223/882 902/1126/882
f 894/1118/883 899/1123/883 964/1212/883 962/1210/883
f 980/1228/829 978/1226/829 984/1232/829 982/1230/829
f 974/1222/829 973/1221/829 986/1234/829 977/1225/829
f 957/1205/884 985/1233/884 987/1235/884 954/1202/884
f 958/1206/885 981/1229/885 983/1231/885 956/1204/885
f 959/1207/833 955/1203/833 851/1059/833 850/1058/833
f 956/1204/886 983/1231/886 985/1233/886 957/1205/886
f 903/1127/887 911/1143/887 918/1157/887 910/1141/887
f 909/1139/888 917/1155/888 916/1153/888 908/1137/888
f 907/1135/889 915/1151/889 914/1149/889 906/1133/889
f 905/1131/890 913/1147/890 912/1145/890 904/1129/890
f 910/1141/891 918/1157/891 917/1155/891 909/1139/891
f 908/1137/892 916/1153/892 915/1151/892 907/1135/892
f 906/1133/893 914/1149/893 913/1147/893 905/1131/893
f 904/1129/894 912/1145/894 911/1143/894 903/1127/894
f 911/1144/895 919/1159/895 926/1173/895 918/1158/895
f 917/1156/896 925/1171/896 924/1169/896 916/1154/896
f 915/1152/897 923/1167/897 922/1165/897 914/1150/897
f 913/1148/898 921/1163/898 920/1161/898 912/1146/898
f 918/1158/899 926/1173/899 925/1171/899 917/1156/899
f 916/1154/900 924/1169/900 923/1167/900 915/1152/900
f 914/1150/901 922/1165/901 921/1163/901 913/1148/901
f 912/1146/902 920/1161/902 919/1159/902 911/1144/902
f 906/1134/922 958/1206/922 956/1204/922 907/1136/922
f 908/1138/923 957/1205/923 954/1202/923 909/1140/923
f 910/1142/924 955/1203/924 959/1207/924 903/1128/924
f 903/1128/925 959/1207/925 952/1200/925 904/1130/925
f 905/1132/926 953/1201/926 958/1206/926 906/1134/926
f 907/1136/927 956/1204/927 957/1205/927 908/1138/927
f 909/1140/928 954/1202/928 955/1203/928 910/1142/928
f 904/1130/929 952/1200/929 953/1201/929 905/1132/929
f 978/1226/829 977/1225/829 986/1234/829 984/1232/829
f 952/1200/880 959/1207/880 850/1058/880 902/1126/880
f 952/1200/882 902/1126/882 975/1223/882 976/1224/882
f 901/1125/881 851/1059/881 955/1203/881 954/1202/881
f 952/1200/930 976/1224/930 979/1227/930 953/1201/930
f 953/1201/931 979/1227/931 981/1229/931 958/1206/931
f 963/1211/932 960/1208/932 961/1209/932 962/1210/932
f 965/1213/933 963/1211/933 962/1210/933 964/1212/933
f 967/1215/934 965/1213/934 964/1212/934 966/1214/934
f 969/1217/935 967/1215/935 966/1214/935 968/1216/935
f 971/1219/936 969/1217/936 968/1216/936 970/1218/936
f 960/1208/937 974/1222/937 975/1223/937 961/1209/937
f 970/1218/938 972/1220/938 973/1221/938 971/1219/938
f 979/1227/939 976/1224/939 977/1225/939 978/1226/939
f 981/1229/940 979/1227/940 978/1226/940 980/1228/940
f 983/1231/941 981/1229/941 980/1228/941 982/1230/941
f 985/1233/942 983/1231/942 982/1230/942 984/1232/942
f 987/1235/943 985/1233/943 984/1232/943 986/1234/943
f 976/1224/937 975/1223/937 974/1222/937 977/1225/937
f 986/1234/944 973/1221/944 972/1220/944 987/1235/944
f 963/1211/829 969/1217/829 971/1219/829 960/1208/829
f 988/1236/945 989/1237/945 991/1239/945 990/1238/945
f 990/1238/946 991/1239/946 993/1241/946 992/1240/946
f 993/1241/947 991/1239/947 995/1243/947 996/1244/947
f 991/1239/948 989/1237/948 994/1242/948 995/1243/948
f 990/1238/949 992/1240/949 999/1247/949 998/1246/949
f 988/1236/950 990/1238/950 998/1246/950 997/1245/950
f 992/1240/951 993/1241/951 996/1244/951 999/1247/951
f 988/1236/952 997/1245/952 994/1242/952 989/1237/952
f 997/1245/953 998/1246/953 1004/1252/953 1003/1251/953
f 996/1244/954 995/1243/954 1001/1249/954 1002/1250/954
f 999/1247/955 996/1244/955 1002/1250/955 1005/1253/955
f 998/1246/956 999/1247/956 1005/1253/956 1004/1252/956
f 994/1242/957 997/1245/957 1003/1251/957 1000/1248/957
f 995/1243/958 994/1242/958 1000/1248/958 1001/1249/958
f 1006/1254/959 1007/1255/959 1009/1257/959 1008/1256/959
f 1006/1254/960 1008/1256/960 1010/1258/960
f 1009/1257/961 1007/1255/961 1011/1259/961 1012/1260/961
f 1012/1260/962 1011/1259/962 1013/1261/962 1014/1262/962
f 1014/1262/963 1013/1261/963 1015/1263/963 1016/1264/963
f 1016/1264/964 1015/1263/964 1017/1265/964 1018/1266/964
f 1018/1266/965 1017/1265/965 1019/1267/965 1020/1268/965
f 1020/1268/966 1019/1267/966 1021/1269/966
f 1018/1266/967 1020/1268/967 1029/1284/967 1028/1282/967
f 1010/1258/968 1008/1256/968 1022/1270/968 1024/1274/968
f 1014/1262/969 1016/1264/969 1027/1280/969 1026/1278/969
f 1008/1256/970 1009/1257/970 1023/1272/970 1022/1270/970
f 1009/1257/971 1012/1260/971 1025/1276/971 1023/1272/971
f 1016/1264/972 1018/1266/972 1028/1282/972 1027/1280/972
f 1020/1268/973 1021/1269/973 1030/1286/973 1029/1284/973
f 1012/1260/974 1014/1262/974 1026/1278/974 1025/1276/974
f 1031/1289/975 1030/1286/975 1021/1269/975 1019/1267/975
f 1006/1254/976 1010/1258/976 1024/1274/976 1032/1291/976
f 1032/1290/977 1024/1275/977 1033/1293/977 1034/1295/977
f 1025/1277/978 1026/1279/978 1041/1309/978 1040/1307/978
f 1023/1273/979 1025/1277/979 1040/1307/979 1039/1305/979
f 1022/1271/980 1023/1273/980 1039/1305/980 1035/1296/980
f 1027/1281/981 1028/1283/981 1042/1311/981 1038/1303/981
f 1027/1281/982 1038/1303/982 1041/1309/982 1026/1279/982
f 1048/1323/983 1037/1300/983 1029/1285/983 1030/1287/983
f 1029/1285/984 1037/1300/984 1042/1311/984 1028/1283/984
f 1033/1293/985 1036/1299/985 1044/1315/985 1043/1313/985
f 1043/1313/986 1044/1315/986 1046/1319/986 1045/1317/986
f 1045/1317/987 1046/1319/987 1048/1323/987 1047/1321/987
f 1048/1323/988 1030/1287/988 1047/1321/988
f 1047/1321/989 1030/1287/989 1031/1288/989 1049/1327/989
f 1034/1294/990 1033/1292/990 1050/1328/990 1051/1329/990
f 1051/1329/991 1050/1328/991 1052/1330/991 1053/1331/991
f 1052/1330/992 1050/1328/992 1054/1332/992 1055/1333/992
f 1055/1333/993 1054/1332/993 1056/1334/993 1057/1335/993
f 1057/1335/994 1056/1334/994 1058/1336/994 1059/1337/994
f 1059/1337/995 1058/1336/995 1060/1338/995 1061/1339/995
f 1061/1339/996 1060/1338/996 1062/1340/996 1063/1341/996
f 1047/1322/997 1062/1340/997 1060/1338/997 1045/1318/997
f 1060/1338/998 1058/1336/998 1045/1318/998
f 1045/1318/999 1058/1336/999 1056/1334/999 1043/1314/999
f 1056/1334/1000 1054/1332/1000 1043/1314/1000
f 1043/1314/1001 1054/1332/1001 1050/1328/1001 1033/1292/1001
f 1064/1342/1002 1062/1340/1002 1047/1322/1002 1049/1326/1002
f 1063/1341/1003 1062/1340/1003 1064/1342/1003 1065/1343/1003
f 1059/1337/1004 1061/1339/1004 1069/1347/1004 1068/1346/1004
f 1057/1335/1005 1059/1337/1005 1068/1346/1005 1067/1345/1005
f 1055/1333/1006 1057/1335/1006 1067/1345/1006 1066/1344/1006
f 1055/1333/1007 1066/1344/1007 1052/1330/1007
f 1061/1339/1008 1063/1341/1008 1069/1347/1008
f 1068/1346/1009 1069/1347/1009 1071/1349/1009 1070/1348/1009
f 1066/1344/1010 1067/1345/1010 1073/1351/1010 1072/1350/1010
f 1067/1345/1011 1068/1346/1011 1070/1348/1011 1073/1351/1011
f 1066/1344/1012 1072/1350/1012 1052/1330/1012
f 1069/1347/1013 1063/1341/1013 1071/1349/1013
f 1071/1349/1014 1063/1341/1014 1065/1343/1014 1075/1353/1014
f 1073/1351/1015 1070/1348/1015 1074/1352/1015 1077/1355/1015
f 1070/1348/1016 1071/1349/1016 1075/1353/1016 1074/1352/1016
f 1052/1330/1017 1072/1350/1017 1076/1354/1017 1053/1331/1017
f 1072/1350/1018 1073/1351/1018 1077/1355/1018 1076/1354/1018
f 1075/1353/1019 1076/1354/1019 1077/1355/1019 1074/1352/1019
f 1075/1353/1019 1065/1343/1019 1053/1331/1019 1076/1354/1019
f 1053/1331/1019 1065/1343/1019 1064/1342/1019 1051/1329/1019
f 1051/1329/1019 1064/1342/1019 1049/1326/1019 1034/1294/1019
f 1034/1295/1019 1049/1327/1019 1031/1288/1019 1032/1290/1019
f 1031/1289/1019 1019/1267/1019 1006/1254/1019 1032/1291/1019
f 1006/1254/1019 1019/1267/1019 1017/1265/1019 1007/1255/1019
f 1007/1255/1019 1017/1265/1019 1015/1263/1019 1011/1259/1019
f 1013/1261/1019 1011/1259/1019 1015/1263/1019
f 1078/1356/1020 1079/1357/1020 1081/1359/1020 1080/1358/1020
f 1081/1359/1021 1079/1357/1021 1082/1360/1021 1083/1361/1021
f 1083/1361/1022 1082/1360/1022 1084/1362/1022 1085/1363/1022
f 1085/1363/1023 1084/1362/1023 1086/1364/1023 1087/1365/1023
f 1087/1365/1024 1086/1364/1024 1088/1366/1024 1089/1367/1024
f 1089/1367/1025 1088/1366/1025 1090/1368/1025 1091/1369/1025
f 1091/1369/1026 1090/1368/1026 1092/1370/1026 1093/1371/1026
f 1093/1371/1027 1092/1370/1027 1094/1372/1027 1095/1373/1027
f 1095/1373/1028 1094/1372/1028 1096/1374/1028 1097/1375/1028
f 1080/1358/1029 1097/1375/1029 1096/1374/1029 1078/1356/1029
f 1094/1372/1030 1092/1370/1030 1105/1383/1030 1106/1384/1030
f 1092/1370/1031 1090/1368/1031 1104/1382/1031 1105/1383/1031
f 1090/1368/1032 1088/1366/1032 1103/1381/1032 1104/1382/1032
f 1088/1366/1033 1086/1364/1033 1102/1380/1033 1103/1381/1033
f 1086/1364/1034 1084/1362/1034 1101/1379/1034 1102/1380/1034
f 1079/1357/1035 1078/1356/1035 1098/1376/1035 1099/1377/1035
f 1084/1362/1036 1082/1360/1036 1100/1378/1036 1101/1379/1036
f 1082/1360/1037 1079/1357/1037 1099/1377/1037 1100/1378/1037
f 1078/1356/1038 1096/1374/1038 1107/1385/1038 1098/1376/1038
f 1096/1374/1039 1094/1372/1039 1106/1384/1039 1107/1385/1039
f 1081/1359/1040 1083/1361/1040 1110/1390/1040 1109/1388/1040
f 1080/1358/1041 1081/1359/1041 1109/1388/1041 1108/1386/1041
f 1095/1373/1042 1097/1375/1042 1117/1404/1042 1116/1402/1042
f 1093/1371/1043 1095/1373/1043 1116/1402/1043 1115/1400/1043
f 1091/1369/1044 1093/1371/1044 1115/1400/1044 1114/1398/1044
f 1097/1375/1045 1080/1358/1045 1108/1386/1045 1117/1404/1045
f 1089/1367/1046 1091/1369/1046 1114/1398/1046 1113/1396/1046
f 1087/1365/1047 1089/1367/1047 1113/1396/1047 1112/1394/1047
f 1085/1363/1048 1087/1365/1048 1112/1394/1048 1111/1392/1048
f 1083/1361/1049 1085/1363/1049 1111/1392/1049 1110/1390/1049
f 1115/1401/1050 1116/1403/1050 1126/1414/1050 1125/1413/1050
f 1112/1395/1051 1113/1397/1051 1123/1411/1051 1122/1410/1051
f 1109/1389/1052 1110/1391/1052 1120/1408/1052 1119/1407/1052
f 1116/1403/1053 1117/1405/1053 1127/1415/1053 1126/1414/1053
f 1113/1397/1054 1114/1399/1054 1124/1412/1054 1123/1411/1054
f 1110/1391/1055 1111/1393/1055 1121/1409/1055 1120/1408/1055
f 1117/1405/1056 1108/1387/1056 1118/1406/1056 1127/1415/1056
f 1114/1399/1057 1115/1401/1057 1125/1413/1057 1124/1412/1057
f 1111/1393/1058 1112/1395/1058 1122/1410/1058 1121/1409/1058
f 1108/1387/1059 1109/1389/1059 1119/1407/1059 1118/1406/1059
f 1122/1410/1060 1123/1411/1060 1133/1421/1060 1132/1420/1060
f 1119/1407/1061 1120/1408/1061 1130/1418/1061 1129/1417/1061
f 1126/1414/1062 1127/1415/1062 1137/1425/1062 1136/1424/1062
f 1123/1411/1063 1124/1412/1063 1134/1422/1063 1133/1421/1063
f 1120/1408/1064 1121/1409/1064 1131/1419/1064 1130/1418/1064
f 1127/1415/1065 1118/1406/1065 1128/1416/1065 1137/1425/1065
f 1124/1412/1066 1125/1413/1066 1135/1423/1066 1134/1422/1066
f 1121/1409/1067 1122/1410/1067 1132/1420/1067 1131/1419/1067
f 1118/1406/1068 1119/1407/1068 1129/1417/1068 1128/1416/1068
f 1125/1413/1069 1126/1414/1069 1136/1424/1069 1135/1423/1069
f 1099/1377/1070 1098/1376/1070 1138/1426/1070 1139/1428/1070
f 1106/1384/1071 1105/1383/1071 1145/1440/1071 1146/1442/1071
f 1103/1381/1072 1102/1380/1072 1142/1434/1072 1143/1436/1072
f 1100/1378/1073 1099/1377/1073 1139/1428/1073 1140/1430/1073
f 1107/1385/1074 1106/1384/1074 1146/1442/1074 1147/1444/1074
f 1104/1382/1075 1103/1381/1075 1143/1436/1075 1144/1438/1075
f 1101/1379/1076 1100/1378/1076 1140/1430/1076 1141/1432/1076
f 1098/1376/1077 1107/1385/1077 1147/1444/1077 1138/1426/1077
f 1105/1383/1078 1104/1382/1078 1144/1438/1078 1145/1440/1078
f 1102/1380/1079 1101/1379/1079 1141/1432/1079 1142/1434/1079
f 1144/1439/1080 1143/1437/1080 1153/1456/1080 1154/1458/1080
f 1141/1433/1081 1140/1431/1081 1150/1450/1081 1151/1452/1081
f 1138/1427/1082 1147/1445/1082 1157/1464/1082 1148/1446/1082
f 1145/1441/1083 1144/1439/1083 1154/1458/1083 1155/1460/1083
f 1142/1435/1084 1141/1433/1084 1151/1452/1084 1152/1454/1084
f 1139/1429/1085 1138/1427/1085 1148/1446/1085 1149/1448/1085
f 1146/1443/1086 1145/1441/1086 1155/1460/1086 1156/1462/1086
f 1143/1437/1087 1142/1435/1087 1152/1454/1087 1153/1456/1087
f 1140/1431/1088 1139/1429/1088 1149/1448/1088 1150/1450/1088
f 1147/1445/1089 1146/1443/1089 1156/1462/1089 1157/1464/1089
f 1151/1453/1090 1150/1451/1090 1160/1468/1090 1161/1469/1090
f 1148/1447/1091 1157/1465/1091 1167/1475/1091 1158/1466/1091
f 1155/1461/1092 1154/1459/1092 1164/1472/1092 1165/1473/1092
f 1152/1455/1093 1151/1453/1093 1161/1469/1093 1162/1470/1093
f 1149/1449/1094 1148/1447/1094 1158/1466/1094 1159/1467/1094
f 1156/1463/1095 1155/1461/1095 1165/1473/1095 1166/1474/1095
f 1153/1457/1096 1152/1455/1096 1162/1470/1096 1163/1471/1096
f 1150/1451/1097 1149/1449/1097 1159/1467/1097 1160/1468/1097
f 1157/1465/1098 1156/1463/1098 1166/1474/1098 1167/1475/1098
f 1154/1459/1099 1153/1457/1099 1163/1471/1099 1164/1472/1099
f 1163/1471/1100 1162/1470/1100 1169/1477/1100 1170/1478/1100
f 1162/1470/1101 1161/1469/1101 1168/1476/1101 1169/1477/1101
f 1170/1478/1102 1169/1477/1102 1172/1480/1102 1173/1481/1102
f 1169/1477/1103 1168/1476/1103 1171/1479/1103 1172/1480/1103
f 1173/1481/1104 1172/1480/1104 1175/1483/1104 1176/1484/1104
f 1172/1480/1105 1171/1479/1105 1174/1482/1105 1175/1483/1105
f 1165/1473/1106 1164/1472/1106 1178/1486/1106 1177/1485/1106
f 1164/1472/1107 1163/1471/1107 1170/1478/1107 1178/1486/1107
f 1177/1485/1108 1178/1486/1108 1181/1489/1108 1179/1487/1108
f 1178/1486/1109 1170/1478/1109 1173/1481/1109 1181/1489/1109
f 1181/1489/1110 1173/1481/1110 1176/1484/1110 1183/1491/1110
f 1179/1487/1111 1181/1489/1111 1183/1491/1111 1182/1490/1111
f 1167/1475/1112 1166/1474/1112 1180/1488/1112 1184/1492/1112
f 1166/1474/1113 1165/1473/1113 1177/1485/1113 1180/1488/1113
f 1180/1488/1114 1177/1485/1114 1179/1487/1114 1185/1493/1114
f 1184/1492/1115 1180/1488/1115 1185/1493/1115 1186/1494/1115
f 1186/1494/1116 1185/1493/1116 1187/1495/1116 1188/1497/1116
f 1185/1493/1117 1179/1487/1117 1182/1490/1117 1187/1495/1117
f 1158/1466/1118 1167/1475/1118 1184/1492/1118 1189/1498/1118
f 1190/1499/1119 1189/1498/1119 1184/1492/1119 1186/1494/1119
f 1191/1500/1120 1190/1499/1120 1186/1494/1120 1188/1497/1120
f 1190/1499/1121 1191/1500/1121 1194/1503/1121 1193/1502/1121
f 1189/1498/1122 1190/1499/1122 1193/1502/1122 1192/1501/1122
f 1174/1482/1123 1171/1479/1123 1193/1502/1123 1194/1503/1123
f 1171/1479/1124 1168/1476/1124 1192/1501/1124 1193/1502/1124
f 1160/1468/1125 1192/1501/1125 1168/1476/1125 1161/1469/1125
f 1160/1468/1126 1159/1467/1126 1192/1501/1126
f 1158/1466/1127 1189/1498/1127 1159/1467/1127
f 1192/1501/1128 1159/1467/1128 1189/1498/1128
f 1194/1503/1129 1191/1500/1129 1046/1320/1129 1044/1316/1129
f 1036/1299/1130 1024/1275/1130 1022/1271/1130 1035/1296/1130
f 1191/1500/1131 1188/1497/1131 1048/1324/1131 1046/1320/1131
f 1174/1482/1132 1194/1503/1132 1044/1316/1132 1036/1298/1132
f 1182/1490/1133 1183/1491/1133 1041/1310/1133 1038/1304/1133
f 1188/1496/1134 1037/1301/1134 1048/1325/1134
f 1176/1484/1135 1175/1483/1135 1039/1306/1135 1040/1308/1135
f 1187/1495/1136 1182/1490/1136 1038/1304/1136 1042/1312/1136
f 1183/1491/1137 1176/1484/1137 1040/1308/1137 1041/1310/1137
f 1174/1482/1138 1036/1298/1138 1035/1297/1138
f 1037/1302/1139 1188/1497/1139 1187/1495/1139 1042/1312/1139
f 1033/1293/1140 1024/1275/1140 1036/1299/1140
f 1175/1483/1141 1174/1482/1141 1035/1297/1141 1039/1306/1141
f 1195/1504/1142 1197/1506/1142 1198/1507/1142 1196/1505/1142
f 1197/1506/1143 1199/1508/1143 1200/1509/1143 1198/1507/1143
f 1200/1509/1144 1203/1512/1144 1202/1511/1144 1198/1507/1144
f 1198/1507/1145 1202/1511/1145 1201/1510/1145 1196/1505/1145
f 1197/1506/1146 1205/1514/1146 1206/1515/1146 1199/1508/1146
f 1195/1504/1147 1204/1513/1147 1205/1514/1147 1197/1506/1147
f 1199/1508/1148 1206/1515/1148 1203/1512/1148 1200/1509/1148
f 1195/1504/1149 1196/1505/1149 1201/1510/1149 1204/1513/1149
f 1204/1513/1150 1210/1519/1150 1211/1520/1150 1205/1514/1150
f 1203/1512/1151 1209/1518/1151 1208/1517/1151 1202/1511/1151
f 1206/1515/1152 1212/1521/1152 1209/1518/1152 1203/1512/1152
f 1205/1514/1153 1211/1520/1153 1212/1521/1153 1206/1515/1153
f 1201/1510/1154 1207/1516/1154 1210/1519/1154 1204/1513/1154
f 1202/1511/1155 1208/1517/1155 1207/1516/1155 1201/1510/1155
f 1213/1522/1156 1215/1524/1156 1216/1525/1156 1214/1523/1156
f 1213/1522/1157 1217/1526/1157 1215/1524/1157
f 1216/1525/1158 1219/1528/1158 1218/1527/1158 1214/1523/1158
f 1219/1528/1159 1221/1530/1159 1220/1529/1159 1218/1527/1159
f 1221/1530/1160 1223/1532/1160 1222/1531/1160 1220/1529/1160
f 1223/1532/1161 1225/1534/1161 1224/1533/1161 1222/1531/1161
f 1225/1534/1162 1227/1536/1162 1226/1535/1162 1224/1533/1162
f 1227/1536/1163 1228/1537/1163 1226/1535/1163
f 1225/1534/1164 1235/1550/1164 1236/1552/1164 1227/1536/1164
f 1217/1526/1165 1231/1542/1165 1229/1538/1165 1215/1524/1165
f 1221/1530/1166 1233/1546/1166 1234/1548/1166 1223/1532/1166
f 1215/1524/1167 1229/1538/1167 1230/1540/1167 1216/1525/1167
f 1216/1525/1168 1230/1540/1168 1232/1544/1168 1219/1528/1168
f 1223/1532/1169 1234/1548/1169 1235/1550/1169 1225/1534/1169
f 1227/1536/1170 1236/1552/1170 1237/1554/1170 1228/1537/1170
f 1219/1528/1171 1232/1544/1171 1233/1546/1171 1221/1530/1171
f 1238/1557/1172 1226/1535/1172 1228/1537/1172 1237/1554/1172
f 1213/1522/1173 1239/1559/1173 1231/1542/1173 1217/1526/1173
f 1239/1558/1174 1241/1563/1174 1240/1561/1174 1231/1543/1174
f 1232/1545/1175 1247/1575/1175 1248/1577/1175 1233/1547/1175
f 1230/1541/1176 1246/1573/1176 1247/1575/1176 1232/1545/1176
f 1229/1539/1177 1242/1564/1177 1246/1573/1177 1230/1541/1177
f 1234/1549/1178 1245/1571/1178 1249/1579/1178 1235/1551/1178
f 1234/1549/1179 1233/1547/1179 1248/1577/1179 1245/1571/1179
f 1255/1591/1180 1237/1555/1180 1236/1553/1180 1244/1568/1180
f 1236/1553/1181 1235/1551/1181 1249/1579/1181 1244/1568/1181
f 1240/1561/1182 1250/1581/1182 1251/1583/1182 1243/1567/1182
f 1250/1581/1183 1252/1585/1183 1253/1587/1183 1251/1583/1183
f 1252/1585/1184 1254/1589/1184 1255/1591/1184 1253/1587/1184
f 1255/1591/1185 1254/1589/1185 1237/1555/1185
f 1254/1589/1186 1256/1595/1186 1238/1556/1186 1237/1555/1186
f 1241/1562/1187 1258/1597/1187 1257/1596/1187 1240/1560/1187
f 1258/1597/1188 1260/1599/1188 1259/1598/1188 1257/1596/1188
f 1259/1598/1189 1262/1601/1189 1261/1600/1189 1257/1596/1189
f 1262/1601/1190 1264/1603/1190 1263/1602/1190 1261/1600/1190
f 1264/1603/1191 1266/1605/1191 1265/1604/1191 1263/1602/1191
f 1266/1605/1192 1268/1607/1192 1267/1606/1192 1265/1604/1192
f 1268/1607/1193 1270/1609/1193 1269/1608/1193 1267/1606/1193
f 1254/1590/1194 1252/1586/1194 1267/1606/1194 1269/1608/1194
f 1267/1606/1195 1252/1586/1195 1265/1604/1195
f 1252/1586/1196 1250/1582/1196 1263/1602/1196 1265/1604/1196
f 1263/1602/1197 1250/1582/1197 1261/1600/1197
f 1250/1582/1198 1240/1560/1198 1257/1596/1198 1261/1600/1198
f 1271/1610/1199 1256/1594/1199 1254/1590/1199 1269/1608/1199
f 1270/1609/1200 1272/1611/1200 1271/1610/1200 1269/1608/1200
f 1266/1605/1201 1275/1614/1201 1276/1615/1201 1268/1607/1201
f 1264/1603/1202 1274/1613/1202 1275/1614/1202 1266/1605/1202
f 1262/1601/1203 1273/1612/1203 1274/1613/1203 1264/1603/1203
f 1262/1601/1204 1259/1598/1204 1273/1612/1204
f 1268/1607/1205 1276/1615/1205 1270/1609/1205
f 1275/1614/1206 1277/1616/1206 1278/1617/1206 1276/1615/1206
f 1273/1612/1207 1279/1618/1207 1280/1619/1207 1274/1613/1207
f 1274/1613/1208 1280/1619/1208 1277/1616/1208 1275/1614/1208
f 1273/1612/1209 1259/1598/1209 1279/1618/1209
f 1276/1615/1210 1278/1617/1210 1270/1609/1210
f 1278/1617/1211 1282/1621/1211 1272/1611/1211 1270/1609/1211
f 1280/1619/1212 1284/1623/1212 1281/1620/1212 1277/1616/1212
f 1277/1616/1213 1281/1620/1213 1282/1621/1213 1278/1617/1213
f 1259/1598/1214 1260/1599/1214 1283/1622/1214 1279/1618/1214
f 1279/1618/1215 1283/1622/1215 1284/1623/1215 1280/1619/1215
f 1282/1621/1019 1281/1620/1019 1284/1623/1019 1283/1622/1019
f 1282/1621/1019 1283/1622/1019 1260/1599/1019 1272/1611/1019
f 1260/1599/1019 1258/1597/1019 1271/1610/1019 1272/1611/1019
f 1258/1597/1019 1241/1562/1019 1256/1594/1019 1271/1610/1019
f 1241/1563/1019 1239/1558/1019 1238/1556/1019 1256/1595/1019
f 1238/1557/1019 1239/1559/1019 1213/1522/1019 1226/1535/1019
f 1213/1522/1019 1214/1523/1019 1224/1533/1019 1226/1535/1019
f 1214/1523/1019 1218/1527/1019 1222/1531/1019 1224/1533/1019
f 1220/1529/1019 1222/1531/1019 1218/1527/1019
f 1285/1624/1216 1287/1626/1216 1288/1627/1216 1286/1625/1216
f 1288/1627/1217 1290/1629/1217 1289/1628/1217 1286/1625/1217
f 1290/1629/1218 1292/1631/1218 1291/1630/1218 1289/1628/1218
f 1292/1631/1219 1294/1633/1219 1293/1632/1219 1291/1630/1219
f 1294/1633/1220 1296/1635/1220 1295/1634/1220 1293/1632/1220
f 1296/1635/1221 1298/1637/1221 1297/1636/1221 1295/1634/1221
f 1298/1637/1222 1300/1639/1222 1299/1638/1222 1297/1636/1222
f 1300/1639/1223 1302/1641/1223 1301/1640/1223 1299/1638/1223
f 1302/1641/1224 1304/1643/1224 1303/1642/1224 1301/1640/1224
f 1287/1626/1225 1285/1624/1225 1303/1642/1225 1304/1643/1225
f 1301/1640/1226 1313/1652/1226 1312/1651/1226 1299/1638/1226
f 1299/1638/1227 1312/1651/1227 1311/1650/1227 1297/1636/1227
f 1297/1636/1228 1311/1650/1228 1310/1649/1228 1295/1634/1228
f 1295/1634/1229 1310/1649/1229 1309/1648/1229 1293/1632/1229
f 1293/1632/1230 1309/1648/1230 1308/1647/1230 1291/1630/1230
f 1286/1625/1231 1306/1645/1231 1305/1644/1231 1285/1624/1231
f 1291/1630/1232 1308/1647/1232 1307/1646/1232 1289/1628/1232
f 1289/1628/1233 1307/1646/1233 1306/1645/1233 1286/1625/1233
f 1285/1624/1234 1305/1644/1234 1314/1653/1234 1303/1642/1234
f 1303/1642/1235 1314/1653/1235 1313/1652/1235 1301/1640/1235
f 1288/1627/1236 1316/1656/1236 1317/1658/1236 1290/1629/1236
f 1287/1626/1237 1315/1654/1237 1316/1656/1237 1288/1627/1237
f 1302/1641/1238 1323/1670/1238 1324/1672/1238 1304/1643/1238
f 1300/1639/1239 1322/1668/1239 1323/1670/1239 1302/1641/1239
f 1298/1637/1240 1321/1666/1240 1322/1668/1240 1300/1639/1240
f 1304/1643/1241 1324/1672/1241 1315/1654/1241 1287/1626/1241
f 1296/1635/1242 1320/1664/1242 1321/1666/1242 1298/1637/1242
f 1294/1633/1243 1319/1662/1243 1320/1664/1243 1296/1635/1243
f 1292/1631/1244 1318/1660/1244 1319/1662/1244 1294/1633/1244
f 1290/1629/1245 1317/1658/1245 1318/1660/1245 1292/1631/1245
f 1322/1669/1246 1332/1681/1246 1333/1682/1246 1323/1671/1246
f 1319/1663/1247 1329/1678/1247 1330/1679/1247 1320/1665/1247
f 1316/1657/1248 1326/1675/1248 1327/1676/1248 1317/1659/1248
f 1323/1671/1249 1333/1682/1249 1334/1683/1249 1324/1673/1249
f 1320/1665/1250 1330/1679/1250 1331/1680/1250 1321/1667/1250
f 1317/1659/1251 1327/1676/1251 1328/1677/1251 1318/1661/1251
f 1324/1673/1252 1334/1683/1252 1325/1674/1252 1315/1655/1252
f 1321/1667/1253 1331/1680/1253 1332/1681/1253 1322/1669/1253
f 1318/1661/1254 1328/1677/1254 1329/1678/1254 1319/1663/1254
f 1315/1655/1255 1325/1674/1255 1326/1675/1255 1316/1657/1255
f 1329/1678/1256 1339/1688/1256 1340/1689/1256 1330/1679/1256
f 1326/1675/1257 1336/1685/1257 1337/1686/1257 1327/1676/1257
f 1333/1682/1258 1343/1692/1258 1344/1693/1258 1334/1683/1258
f 1330/1679/1259 1340/1689/1259 1341/1690/1259 1331/1680/1259
f 1327/1676/1260 1337/1686/1260 1338/1687/1260 1328/1677/1260
f 1334/1683/1261 1344/1693/1261 1335/1684/1261 1325/1674/1261
f 1331/1680/1262 1341/1690/1262 1342/1691/1262 1332/1681/1262
f 1328/1677/1263 1338/1687/1263 1339/1688/1263 1329/1678/1263
f 1325/1674/1264 1335/1684/1264 1336/1685/1264 1326/1675/1264
f 1332/1681/1265 1342/1691/1265 1343/1692/1265 1333/1682/1265
f 1306/1645/1266 1346/1696/1266 1345/1694/1266 1305/1644/1266
f 1313/1652/1267 1353/1710/1267 1352/1708/1267 1312/1651/1267
f 1310/1649/1268 1350/1704/1268 1349/1702/1268 1309/1648/1268
f 1307/1646/1269 1347/1698/1269 1346/1696/1269 1306/1645/1269
f 1314/1653/1270 1354/1712/1270 1353/1710/1270 1313/1652/1270
f 1311/1650/1271 1351/1706/1271 1350/1704/1271 1310/1649/1271
f 1308/1647/1272 1348/1700/1272 1347/1698/1272 1307/1646/1272
f 1305/1644/1273 1345/1694/1273 1354/1712/1273 1314/1653/1273
f 1312/1651/1274 1352/1708/1274 1351/1706/1274 1311/1650/1274
f 1309/1648/1275 1349/1702/1275 1348/1700/1275 1308/1647/1275
f 1351/1707/1276 1361/1726/1276 1360/1724/1276 1350/1705/1276
f 1348/1701/1277 1358/1720/1277 1357/1718/1277 1347/1699/1277
f 1345/1695/1278 1355/1714/1278 1364/1732/1278 1354/1713/1278
f 1352/1709/1279 1362/1728/1279 1361/1726/1279 1351/1707/1279
f 1349/1703/1280 1359/1722/1280 1358/1720/1280 1348/1701/1280
f 1346/1697/1281 1356/1716/1281 1355/1714/1281 1345/1695/1281
f 1353/1711/1282 1363/1730/1282 1362/1728/1282 1352/1709/1282
f 1350/1705/1283 1360/1724/1283 1359/1722/1283 1349/1703/1283
f 1347/1699/1284 1357/1718/1284 1356/1716/1284 1346/1697/1284
f 1354/1713/1285 1364/1732/1285 1363/1730/1285 1353/1711/1285
f 1358/1721/1286 1368/1737/1286 1367/1736/1286 1357/1719/1286
f 1355/1715/1287 1365/1734/1287 1374/1743/1287 1364/1733/1287
f 1362/1729/1288 1372/1741/1288 1371/1740/1288 1361/1727/1288
f 1359/1723/1289 1369/1738/1289 1368/1737/1289 1358/1721/1289
f 1356/1717/1290 1366/1735/1290 1365/1734/1290 1355/1715/1290
f 1363/1731/1291 1373/1742/1291 1372/1741/1291 1362/1729/1291
f 1360/1725/1292 1370/1739/1292 1369/1738/1292 1359/1723/1292
f 1357/1719/1293 1367/1736/1293 1366/1735/1293 1356/1717/1293
f 1364/1733/1294 1374/1743/1294 1373/1742/1294 1363/1731/1294
f 1361/1727/1295 1371/1740/1295 1370/1739/1295 1360/1725/1295
f 1370/1739/1296 1377/1746/1296 1376/1745/1296 1369/1738/1296
f 1369/1738/1297 1376/1745/1297 1375/1744/1297 1368/1737/1297
f 1377/1746/1298 1380/1749/1298 1379/1748/1298 1376/1745/1298
f 1376/1745/1299 1379/1748/1299 1378/1747/1299 1375/1744/1299
f 1380/1749/1300 1383/1752/1300 1382/1751/1300 1379/1748/1300
f 1379/1748/1301 1382/1751/1301 1381/1750/1301 1378/1747/1301
f 1372/1741/1302 1384/1753/1302 1385/1754/1302 1371/1740/1302
f 1371/1740/1303 1385/1754/1303 1377/1746/1303 1370/1739/1303
f 1384/1753/1304 1386/1755/1304 1388/1757/1304 1385/1754/1304
f 1385/1754/1305 1388/1757/1305 1380/1749/1305 1377/1746/1305
f 1388/1757/1306 1390/1759/1306 1383/1752/1306 1380/1749/1306
f 1386/1755/1307 1389/1758/1307 1390/1759/1307 1388/1757/1307
f 1374/1743/1308 1391/1760/1308 1387/1756/1308 1373/1742/1308
f 1373/1742/1309 1387/1756/1309 1384/1753/1309 1372/1741/1309
f 1387/1756/1310 1392/1761/1310 1386/1755/1310 1384/1753/1310
f 1391/1760/1311 1393/1762/1311 1392/1761/1311 1387/1756/1311
f 1393/1762/1312 1395/1765/1312 1394/1763/1312 1392/1761/1312
f 1392/1761/1313 1394/1763/1313 1389/1758/1313 1386/1755/1313
f 1365/1734/1314 1396/1766/1314 1391/1760/1314 1374/1743/1314
f 1397/1767/1315 1393/1762/1315 1391/1760/1315 1396/1766/1315
f 1398/1768/1316 1395/1765/1316 1393/1762/1316 1397/1767/1316
f 1397/1767/1317 1400/1770/1317 1401/1771/1317 1398/1768/1317
f 1396/1766/1318 1399/1769/1318 1400/1770/1318 1397/1767/1318
f 1381/1750/1319 1401/1771/1319 1400/1770/1319 1378/1747/1319
f 1378/1747/1320 1400/1770/1320 1399/1769/1320 1375/1744/1320
f 1367/1736/1321 1368/1737/1321 1375/1744/1321 1399/1769/1321
f 1367/1736/1322 1399/1769/1322 1366/1735/1322
f 1365/1734/1323 1366/1735/1323 1396/1766/1323
f 1399/1769/1324 1396/1766/1324 1366/1735/1324
f 1401/1771/1325 1251/1584/1325 1253/1588/1325 1398/1768/1325
f 1243/1567/1326 1242/1564/1326 1229/1539/1326 1231/1543/1326
f 1398/1768/1327 1253/1588/1327 1255/1592/1327 1395/1765/1327
f 1381/1750/1328 1243/1566/1328 1251/1584/1328 1401/1771/1328
f 1389/1758/1329 1245/1572/1329 1248/1578/1329 1390/1759/1329
f 1395/1764/1330 1255/1593/1330 1244/1569/1330
f 1383/1752/1331 1247/1576/1331 1246/1574/1331 1382/1751/1331
f 1394/1763/1332 1249/1580/1332 1245/1572/1332 1389/1758/1332
f 1390/1759/1333 1248/1578/1333 1247/1576/1333 1383/1752/1333
f 1381/1750/1334 1242/1565/1334 1243/1566/1334
f 1244/1570/1335 1249/1580/1335 1394/1763/1335 1395/1765/1335
f 1240/1561/1336 1243/1567/1336 1231/1543/1336
f 1382/1751/1337 1246/1574/1337 1242/1565/1337 1381/1750/1337
f 1407/1783/1342 1409/1787/1342 1415/1799/1342 1414/1797/1342
f 1405/1779/1343 1407/1783/1343 1414/1797/1343 1413/1796/1343
f 1404/1776/1344 1518/1947/1344 1412/1792/1344
f 1408/1785/1345 1406/1781/1345 1417/1803/1345 1418/1805/1345
f 1409/1787/1346 1408/1785/1346 1418/1805/1346 1415/1799/1346
f 1406/1781/1347 1403/1774/1347 1416/1801/1347 1417/1803/1347
f 1410/1789/1348 1419/1808/1348 1416/1801/1348 1403/1774/1348
f 1419/1807/1349 1423/1813/1349 1422/1812/1349
f 1417/1804/1350 1416/1802/1350 1419/1807/1350 1422/1812/1350
f 1419/1807/1351 1421/1810/1351 1424/1814/1351 1423/1813/1351
f 1418/1806/1352 1417/1804/1352 1422/1812/1352 1420/1809/1352
f 1411/1791/1353 1421/1811/1353 1419/1808/1353 1410/1789/1353
f 1413/1795/1354 1414/1798/1354 1426/1817/1354 1425/1815/1354
f 1425/1815/1355 1426/1817/1355 1428/1820/1355 1427/1818/1355
f 1427/1818/1356 1428/1820/1356 1430/1823/1356 1429/1821/1356
f 1429/1821/1357 1430/1823/1357 1432/1826/1357 1431/1824/1357
f 1431/1824/1358 1432/1826/1358 1434/1829/1358 1433/1827/1358
f 1504/1930/1359 1499/1921/1359 1436/1832/1359 1435/1830/1359
f 1435/1830/1360 1436/1832/1360 1438/1835/1360 1437/1834/1360
f 1437/1834/1361 1438/1835/1361 1440/1837/1361 1439/1836/1361
f 1440/1837/1362 1438/1835/1362 1443/1840/1362 1444/1841/1362
f 1438/1835/1363 1436/1832/1363 1442/1839/1363 1443/1840/1363
f 1499/1921/1364 1434/1829/1364 1441/1838/1364 1505/1932/1364
f 1434/1829/1365 1432/1826/1365 1447/1844/1365 1441/1838/1365
f 1432/1826/1366 1430/1823/1366 1446/1843/1366 1447/1844/1366
f 1430/1823/1367 1428/1820/1367 1445/1842/1367 1446/1843/1367
f 1428/1820/1368 1426/1817/1368 1415/1800/1368 1445/1842/1368
f 1414/1798/1369 1415/1800/1369 1426/1817/1369
f 1445/1842/1370 1415/1800/1370 1418/1806/1370 1449/1846/1370
f 1448/1845/1371 1449/1846/1371 1418/1806/1371 1420/1809/1371
f 1441/1838/1372 1447/1844/1372 1457/1854/1372 1451/1848/1372
f 1450/1847/1373 1460/1857/1373 1458/1855/1373 1448/1845/1373
f 1443/1840/1374 1442/1839/1374 1452/1849/1374 1453/1850/1374
f 1447/1844/1375 1446/1843/1375 1456/1853/1375 1457/1854/1375
f 1444/1841/1376 1443/1840/1376 1453/1850/1376 1454/1851/1376
f 1444/1841/1377 1454/1851/1377 1460/1857/1377 1450/1847/1377
f 1449/1846/1378 1448/1845/1378 1458/1855/1378 1459/1856/1378
f 1445/1842/1379 1449/1846/1379 1459/1856/1379 1455/1852/1379
f 1505/1932/1380 1441/1838/1380 1451/1848/1380 1506/1933/1380
f 1446/1843/1381 1445/1842/1381 1455/1852/1381 1456/1853/1381
f 1467/1870/1382 1466/1868/1382 1478/1892/1382 1479/1894/1382
f 1464/1864/1383 1463/1862/1383 1475/1886/1383 1476/1888/1383
f 1471/1878/1384 1470/1876/1384 1482/1900/1384 1483/1902/1384
f 1468/1872/1385 1467/1870/1385 1479/1894/1385 1480/1896/1385
f 1465/1866/1386 1464/1864/1386 1476/1888/1386 1477/1890/1386
f 1472/1880/1387 1471/1878/1387 1483/1902/1387 1484/1904/1387
f 1462/1860/1388 1461/1858/1388 1473/1882/1388 1474/1884/1388
f 1469/1874/1389 1468/1872/1389 1480/1896/1389 1481/1898/1389
f 1466/1868/1390 1465/1866/1390 1477/1890/1390 1478/1892/1390
f 1461/1858/1391 1472/1880/1391 1484/1904/1391 1473/1882/1391
f 1463/1862/1392 1462/1860/1392 1474/1884/1392 1475/1886/1392
f 1470/1876/1393 1469/1874/1393 1481/1898/1393 1482/1900/1393
f 1474/1885/1394 1473/1883/1394 1485/1906/1394 1486/1907/1394
f 1481/1899/1395 1480/1897/1395 1492/1913/1395 1493/1914/1395
f 1478/1893/1396 1477/1891/1396 1489/1910/1396 1490/1911/1396
f 1473/1883/1397 1484/1905/1397 1496/1917/1397 1485/1906/1397
f 1475/1887/1398 1474/1885/1398 1486/1907/1398 1487/1908/1398
f 1482/1901/1399 1481/1899/1399 1493/1914/1399 1494/1915/1399
f 1479/1895/1400 1478/1893/1400 1490/1911/1400 1491/1912/1400
f 1476/1889/1401 1475/1887/1401 1487/1908/1401 1488/1909/1401
f 1483/1903/1402 1482/1901/1402 1494/1915/1402 1495/1916/1402
f 1480/1897/1403 1479/1895/1403 1491/1912/1403 1492/1913/1403
f 1477/1891/1404 1476/1889/1404 1488/1909/1404 1489/1910/1404
f 1484/1905/1405 1483/1903/1405 1495/1916/1405 1496/1917/1405
f 1463/1863/1406 1464/1865/1406 1497/1918/1406
f 1470/1877/1406 1471/1879/1406 1497/1918/1406
f 1467/1871/1406 1468/1873/1406 1497/1918/1406
f 1464/1865/1406 1465/1867/1406 1497/1918/1406
f 1471/1879/1406 1472/1881/1406 1497/1918/1406
f 1461/1859/1406 1462/1861/1406 1497/1918/1406
f 1468/1873/1406 1469/1875/1406 1497/1918/1406
f 1465/1867/1406 1466/1869/1406 1497/1918/1406
f 1472/1881/1406 1461/1859/1406 1497/1918/1406
f 1462/1861/1406 1463/1863/1406 1497/1918/1406
f 1469/1875/1406 1470/1877/1406 1497/1918/1406
f 1466/1869/1406 1467/1871/1406 1497/1918/1406
f 1413/1794/1407 1425/1816/1407 1498/1919/1407
f 1429/1822/1408 1431/1825/1408 1502/1926/1408 1501/1924/1408
f 1425/1816/1409 1427/1819/1409 1500/1922/1409 1498/1919/1409
f 1431/1825/1410 1433/1828/1410 1503/1928/1410 1502/1926/1410
f 1427/1819/1411 1429/1822/1411 1501/1924/1411 1500/1922/1411
f 1442/1839/1380 1505/1932/1380 1506/1933/1380 1452/1849/1380
f 1436/1832/1412 1499/1921/1412 1505/1932/1412 1442/1839/1412
f 1433/1827/1413 1434/1829/1413 1499/1921/1413 1504/1930/1413
f 1504/1931/1414 1435/1831/1414 1507/1934/1414 1508/1936/1414
f 1433/1828/1415 1504/1931/1415 1508/1936/1415 1503/1928/1415
f 1435/1831/1416 1437/1833/1416 1507/1934/1416
f 1498/1920/1417 1500/1923/1417 1510/1939/1417 1509/1938/1417
f 1501/1925/1418 1502/1927/1418 1512/1941/1418 1511/1940/1418
f 1500/1923/1419 1501/1925/1419 1511/1940/1419 1510/1939/1419
f 1503/1929/1420 1508/1937/1420 1516/1945/1420 1514/1943/1420
f 1508/1937/1421 1507/1935/1421 1515/1944/1421 1516/1945/1421
f 1502/1927/1422 1503/1929/1422 1514/1943/1422 1512/1941/1422
f 1507/1935/1423 1437/1834/1423 1513/1942/1423 1515/1944/1423
f 1437/1834/1424 1439/1836/1424 1517/1946/1424 1513/1942/1424
f 1413/1795/1425 1498/1920/1425 1509/1938/1425 1518/1949/1425
f 1518/1948/1426 1404/1777/1426 1405/1779/1426 1413/1796/1426
f 1412/1793/1427 1518/1949/1427 1509/1938/1427 1519/1950/1427
f 1509/1938/1428 1510/1939/1428 1521/1952/1428 1519/1950/1428
f 1511/1940/1429 1512/1941/1429 1520/1951/1429 1522/1953/1429
f 1510/1939/1430 1511/1940/1430 1522/1953/1430 1521/1952/1430
f 1512/1941/1431 1514/1943/1431 1524/1955/1431 1520/1951/1431
f 1514/1943/1432 1516/1945/1432 1526/1957/1432 1524/1955/1432
f 1516/1945/1433 1515/1944/1433 1525/1956/1433 1526/1957/1433
f 1515/1944/1434 1513/1942/1434 1523/1954/1434 1525/1956/1434
f 1513/1942/1435 1517/1946/1435 1527/1958/1435 1523/1954/1435
f 1439/1836/1436 1440/1837/1436 1529/1960/1436 1528/1959/1436
f 1527/1958/1437 1517/1946/1437 1531/1962/1437 1532/1963/1437
f 1440/1837/1438 1444/1841/1438 1530/1961/1438 1529/1960/1438
f 1517/1946/1439 1439/1836/1439 1528/1959/1439 1531/1962/1439
f 1450/1847/1440 1530/1961/1440 1444/1841/1440
f 1450/1847/1441 1448/1845/1441 1537/1968/1441 1538/1969/1441
f 1529/1960/1442 1530/1961/1442 1541/1972/1442 1540/1971/1442
f 1420/1809/1443 1422/1812/1443 1534/1965/1443 1533/1964/1443
f 1448/1845/1444 1420/1809/1444 1533/1964/1444 1537/1968/1444
f 1531/1962/1445 1528/1959/1445 1539/1970/1445 1542/1973/1445
f 1530/1961/1446 1450/1847/1446 1538/1969/1446 1541/1972/1446
f 1423/1813/1447 1424/1814/1447 1536/1967/1447 1535/1966/1447
f 1532/1963/1448 1531/1962/1448 1542/1973/1448 1543/1974/1448
f 1528/1959/1449 1529/1960/1449 1540/1971/1449 1539/1970/1449
f 1422/1812/1450 1423/1813/1450 1535/1966/1450 1534/1965/1450
f 1535/1966/1451 1536/1967/1451 1547/1978/1451 1546/1977/1451
f 1542/1973/1452 1539/1970/1452 1550/1981/1452 1553/1984/1452
f 1538/1969/1453 1537/1968/1453 1548/1979/1453 1549/1980/1453
f 1534/1965/1454 1535/1966/1454 1546/1977/1454 1545/1976/1454
f 1543/1974/1455 1542/1973/1455 1553/1984/1455 1554/1985/1455
f 1539/1970/1456 1540/1971/1456 1551/1982/1456 1550/1981/1456
f 1533/1964/1457 1534/1965/1457 1545/1976/1457 1544/1975/1457
f 1541/1972/1458 1538/1969/1458 1549/1980/1458 1552/1983/1458
f 1540/1971/1459 1541/1972/1459 1552/1983/1459 1551/1982/1459
f 1537/1968/1460 1533/1964/1460 1544/1975/1460 1548/1979/1460
f 1558/1993/1465 1563/2003/1465 1564/2005/1465 1560/1997/1465
f 1556/1989/1466 1562/2002/1466 1563/2003/1466 1558/1993/1466
f 1404/1776/1467 1412/1792/1467 1665/2150/1467
f 1559/1995/1468 1567/2011/1468 1566/2009/1468 1557/1991/1468
f 1560/1997/1469 1564/2005/1469 1567/2011/1469 1559/1995/1469
f 1557/1991/1470 1566/2009/1470 1565/2007/1470 1555/1987/1470
f 1561/1999/1471 1555/1987/1471 1565/2007/1471 1568/2014/1471
f 1568/2013/1472 1570/2016/1472 1571/2017/1472
f 1566/2010/1473 1570/2016/1473 1568/2013/1473 1565/2008/1473
f 1568/2013/1474 1571/2017/1474 1424/1814/1474 1421/1810/1474
f 1567/2012/1475 1569/2015/1475 1570/2016/1475 1566/2010/1475
f 1411/1791/1476 1561/1999/1476 1568/2014/1476 1421/1811/1476
f 1562/2001/1477 1572/2018/1477 1573/2020/1477 1563/2004/1477
f 1572/2018/1478 1574/2021/1478 1575/2023/1478 1573/2020/1478
f 1574/2021/1479 1576/2024/1479 1577/2026/1479 1575/2023/1479
f 1576/2024/1480 1578/2027/1480 1579/2029/1480 1577/2026/1480
f 1578/2027/1481 1580/2030/1481 1581/2032/1481 1579/2029/1481
f 1651/2133/1482 1582/2033/1482 1583/2035/1482 1646/2124/1482
f 1582/2033/1483 1584/2037/1483 1585/2038/1483 1583/2035/1483
f 1584/2037/1484 1586/2039/1484 1587/2040/1484 1585/2038/1484
f 1587/2040/1485 1591/2044/1485 1590/2043/1485 1585/2038/1485
f 1585/2038/1486 1590/2043/1486 1589/2042/1486 1583/2035/1486
f 1646/2124/1487 1652/2135/1487 1588/2041/1487 1581/2032/1487
f 1581/2032/1488 1588/2041/1488 1594/2047/1488 1579/2029/1488
f 1579/2029/1489 1594/2047/1489 1593/2046/1489 1577/2026/1489
f 1577/2026/1490 1593/2046/1490 1592/2045/1490 1575/2023/1490
f 1575/2023/1491 1592/2045/1491 1564/2006/1491 1573/2020/1491
f 1563/2004/1492 1573/2020/1492 1564/2006/1492
f 1592/2045/1493 1596/2049/1493 1567/2012/1493 1564/2006/1493
f 1595/2048/1494 1569/2015/1494 1567/2012/1494 1596/2049/1494
f 1588/2041/1495 1598/2051/1495 1604/2057/1495 1594/2047/1495
f 1597/2050/1496 1595/2048/1496 1605/2058/1496 1607/2060/1496
f 1590/2043/1497 1600/2053/1497 1599/2052/1497 1589/2042/1497
f 1594/2047/1498 1604/2057/1498 1603/2056/1498 1593/2046/1498
f 1591/2044/1499 1601/2054/1499 1600/2053/1499 1590/2043/1499
f 1591/2044/1500 1597/2050/1500 1607/2060/1500 1601/2054/1500
f 1596/2049/1501 1606/2059/1501 1605/2058/1501 1595/2048/1501
f 1592/2045/1502 1602/2055/1502 1606/2059/1502 1596/2049/1502
f 1652/2135/1503 1653/2136/1503 1598/2051/1503 1588/2041/1503
f 1593/2046/1504 1603/2056/1504 1602/2055/1504 1592/2045/1504
f 1614/2073/1505 1626/2097/1505 1625/2095/1505 1613/2071/1505
f 1611/2067/1506 1623/2091/1506 1622/2089/1506 1610/2065/1506
f 1618/2081/1507 1630/2105/1507 1629/2103/1507 1617/2079/1507
f 1615/2075/1508 1627/2099/1508 1626/2097/1508 1614/2073/1508
f 1612/2069/1509 1624/2093/1509 1623/2091/1509 1611/2067/1509
f 1619/2083/1510 1631/2107/1510 1630/2105/1510 1618/2081/1510
f 1609/2063/1511 1621/2087/1511 1620/2085/1511 1608/2061/1511
f 1616/2077/1512 1628/2101/1512 1627/2099/1512 1615/2075/1512
f 1613/2071/1513 1625/2095/1513 1624/2093/1513 1612/2069/1513
f 1608/2061/1514 1620/2085/1514 1631/2107/1514 1619/2083/1514
f 1610/2065/1515 1622/2089/1515 1621/2087/1515 1609/2063/1515
f 1617/2079/1516 1629/2103/1516 1628/2101/1516 1616/2077/1516
f 1621/2088/1517 1633/2110/1517 1632/2109/1517 1620/2086/1517
f 1628/2102/1518 1640/2117/1518 1639/2116/1518 1627/2100/1518
f 1625/2096/1519 1637/2114/1519 1636/2113/1519 1624/2094/1519
f 1620/2086/1520 1632/2109/1520 1643/2120/1520 1631/2108/1520
f 1622/2090/1521 1634/2111/1521 1633/2110/1521 1621/2088/1521
f 1629/2104/1522 1641/2118/1522 1640/2117/1522 1628/2102/1522
f 1626/2098/1523 1638/2115/1523 1637/2114/1523 1625/2096/1523
f 1623/2092/1524 1635/2112/1524 1634/2111/1524 1622/2090/1524
f 1630/2106/1525 1642/2119/1525 1641/2118/1525 1629/2104/1525
f 1627/2100/1526 1639/2116/1526 1638/2115/1526 1626/2098/1526
f 1624/2094/1527 1636/2113/1527 1635/2112/1527 1623/2092/1527
f 1631/2108/1528 1643/2120/1528 1642/2119/1528 1630/2106/1528
f 1610/2066/1529 1644/2121/1529 1611/2068/1529
f 1617/2080/1529 1644/2121/1529 1618/2082/1529
f 1614/2074/1529 1644/2121/1529 1615/2076/1529
f 1611/2068/1529 1644/2121/1529 1612/2070/1529
f 1618/2082/1529 1644/2121/1529 1619/2084/1529
f 1608/2062/1529 1644/2121/1529 1609/2064/1529
f 1615/2076/1529 1644/2121/1529 1616/2078/1529
f 1612/2070/1529 1644/2121/1529 1613/2072/1529
f 1619/2084/1529 1644/2121/1529 1608/2062/1529
f 1609/2064/1529 1644/2121/1529 1610/2066/1529
f 1616/2078/1529 1644/2121/1529 1617/2080/1529
f 1613/2072/1529 1644/2121/1529 1614/2074/1529
f 1562/2000/1530 1645/2122/1530 1572/2019/1530
f 1576/2025/1531 1648/2127/1531 1649/2129/1531 1578/2028/1531
f 1572/2019/1532 1645/2122/1532 1647/2125/1532 1574/2022/1532
f 1578/2028/1533 1649/2129/1533 1650/2131/1533 1580/2031/1533
f 1574/2022/1534 1647/2125/1534 1648/2127/1534 1576/2025/1534
f 1589/2042/1503 1599/2052/1503 1653/2136/1503 1652/2135/1503
f 1583/2035/1535 1589/2042/1535 1652/2135/1535 1646/2124/1535
f 1580/2030/1536 1651/2133/1536 1646/2124/1536 1581/2032/1536
f 1651/2134/1537 1655/2139/1537 1654/2137/1537 1582/2034/1537
f 1580/2031/1538 1650/2131/1538 1655/2139/1538 1651/2134/1538
f 1582/2034/1539 1654/2137/1539 1584/2036/1539
f 1645/2123/1540 1656/2141/1540 1657/2142/1540 1647/2126/1540
f 1648/2128/1541 1658/2143/1541 1659/2144/1541 1649/2130/1541
f 1647/2126/1542 1657/2142/1542 1658/2143/1542 1648/2128/1542
f 1650/2132/1543 1661/2146/1543 1663/2148/1543 1655/2140/1543
f 1655/2140/1544 1663/2148/1544 1662/2147/1544 1654/2138/1544
f 1649/2130/1545 1659/2144/1545 1661/2146/1545 1650/2132/1545
f 1654/2138/1546 1662/2147/1546 1660/2145/1546 1584/2037/1546
f 1584/2037/1547 1660/2145/1547 1664/2149/1547 1586/2039/1547
f 1562/2001/1548 1665/2152/1548 1656/2141/1548 1645/2123/1548
f 1665/2151/1549 1562/2002/1549 1556/1989/1549 1404/1777/1549
f 1412/1793/1550 1519/1950/1550 1656/2141/1550 1665/2152/1550
f 1656/2141/1551 1519/1950/1551 1521/1952/1551 1657/2142/1551
f 1658/2143/1552 1522/1953/1552 1520/1951/1552 1659/2144/1552
f 1657/2142/1553 1521/1952/1553 1522/1953/1553 1658/2143/1553
f 1659/2144/1554 1520/1951/1554 1524/1955/1554 1661/2146/1554
f 1661/2146/1555 1524/1955/1555 1526/1957/1555 1663/2148/1555
f 1663/2148/1556 1526/1957/1556 1525/1956/1556 1662/2147/1556
f 1662/2147/1557 1525/1956/1557 1523/1954/1557 1660/2145/1557
f 1660/2145/1558 1523/1954/1558 1527/1958/1558 1664/2149/1558
f 1586/2039/1559 1666/2153/1559 1667/2154/1559 1587/2040/1559
f 1527/1958/1560 1532/1963/1560 1669/2156/1560 1664/2149/1560
f 1587/2040/1561 1667/2154/1561 1668/2155/1561 1591/2044/1561
f 1664/2149/1562 1669/2156/1562 1666/2153/1562 1586/2039/1562
f 1597/2050/1563 1591/2044/1563 1668/2155/1563
f 1597/2050/1564 1674/2161/1564 1673/2160/1564 1595/2048/1564
f 1667/2154/1565 1676/2163/1565 1677/2164/1565 1668/2155/1565
f 1569/2015/1566 1670/2157/1566 1671/2158/1566 1570/2016/1566
f 1595/2048/1567 1673/2160/1567 1670/2157/1567 1569/2015/1567
f 1669/2156/1568 1678/2165/1568 1675/2162/1568 1666/2153/1568
f 1668/2155/1569 1677/2164/1569 1674/2161/1569 1597/2050/1569
f 1571/2017/1570 1672/2159/1570 1536/1967/1570 1424/1814/1570
f 1532/1963/1571 1543/1974/1571 1678/2165/1571 1669/2156/1571
f 1666/2153/1572 1675/2162/1572 1676/2163/1572 1667/2154/1572
f 1570/2016/1573 1671/2158/1573 1672/2159/1573 1571/2017/1573
f 1672/2159/1574 1681/2168/1574 1547/1978/1574 1536/1967/1574
f 1678/2165/1575 1687/2174/1575 1684/2171/1575 1675/2162/1575
f 1674/2161/1576 1683/2170/1576 1682/2169/1576 1673/2160/1576
f 1671/2158/1577 1680/2167/1577 1681/2168/1577 1672/2159/1577
f 1543/1974/1578 1554/1985/1578 1687/2174/1578 1678/2165/1578
f 1675/2162/1579 1684/2171/1579 1685/2172/1579 1676/2163/1579
f 1670/2157/1580 1679/2166/1580 1680/2167/1580 1671/2158/1580
f 1677/2164/1581 1686/2173/1581 1683/2170/1581 1674/2161/1581
f 1676/2163/1582 1685/2172/1582 1686/2173/1582 1677/2164/1582
f 1673/2160/1583 1682/2169/1583 1679/2166/1583 1670/2157/1583
usemtl glow
f 18/20/13 16/17/13 20/24/13 19/22/13
f 210/267/193 211/269/193 212/271/193 208/264/193
f 831/1022/816 829/1018/816 841/1041/816
f 838/1036/817 837/1034/817 841/1041/817
f 835/1030/818 834/1028/818 841/1041/818
f 832/1024/819 831/1022/819 841/1041/819
f 839/1038/820 838/1036/820 841/1041/820
f 836/1032/821 835/1030/821 841/1041/821
f 833/1026/822 832/1024/822 841/1041/822
f 840/1040/823 839/1038/823 841/1041/823
f 829/1018/824 830/1020/824 841/1041/824
f 837/1034/825 836/1032/825 841/1041/825
f 834/1028/826 833/1026/826 841/1041/826
f 830/1020/827 840/1040/827 841/1041/827
f 863/1083/851 862/1081/851 870/1094/851 871/1095/851
f 861/1079/852 860/1077/852 868/1092/852 869/1093/852
f 860/1077/853 867/1091/853 875/1099/853 868/1092/853
f 866/1089/854 865/1087/854 873/1097/854 874/1098/854
f 864/1085/855 863/1083/855 871/1095/855 872/1096/855
f 862/1081/856 861/1079/856 869/1093/856 870/1094/856
f 867/1091/857 866/1089/857 874/1098/857 875/1099/857
f 865/1087/858 864/1085/858 872/1096/858 873/1097/858
f 873/1097/859 872/1096/859 880/1104/859 881/1105/859
f 871/1095/859 870/1094/859 878/1102/859 879/1103/859
f 869/1093/859 868/1092/859 876/1100/859 877/1101/859
f 868/1092/859 875/1099/859 883/1107/859 876/1100/859
f 874/1098/859 873/1097/859 881/1105/859 882/1106/859
f 872/1096/859 871/1095/859 879/1103/859 880/1104/859
f 870/1094/859 869/1093/859 877/1101/859 878/1102/859
f 875/1099/859 874/1098/859 882/1106/859 883/1107/859
f 876/1100/860 883/1107/860 891/1115/860 884/1108/860
f 882/1106/861 881/1105/861 889/1113/861 890/1114/861
f 880/1104/862 879/1103/862 887/1111/862 888/1112/862
f 878/1102/863 877/1101/863 885/1109/863 886/1110/863
f 883/1107/864 882/1106/864 890/1114/864 891/1115/864
f 881/1105/865 880/1104/865 888/1112/865 889/1113/865
f 879/1103/866 878/1102/866 886/1110/866 887/1111/866
f 877/1101/867 876/1100/867 884/1108/867 885/1109/867
f 887/1111/868 886/1110/868 892/1116/868
f 885/1109/869 884/1108/869 892/1116/869
f 884/1108/859 891/1115/859 892/1116/859
f 890/1114/859 889/1113/859 892/1116/859
f 888/1112/859 887/1111/859 892/1116/859
f 886/1110/859 885/1109/859 892/1116/859
f 891/1115/870 890/1114/870 892/1116/870
f 889/1113/859 888/1112/859 892/1116/859
f 922/1166/903 930/1178/903 929/1177/903 921/1164/903
f 920/1162/904 928/1176/904 927/1175/904 919/1160/904
f 919/1160/905 927/1175/905 934/1182/905 926/1174/905
f 925/1172/906 933/1181/906 932/1180/906 924/1170/906
f 923/1168/907 931/1179/907 930/1178/907 922/1166/907
f 921/1164/908 929/1177/908 928/1176/908 920/1162/908
f 926/1174/909 934/1182/909 933/1181/909 925/1172/909
f 924/1170/910 932/1180/910 931/1179/910 923/1168/910
f 932/1180/911 940/1188/911 939/1187/911 931/1179/911
f 930/1178/911 938/1186/911 937/1185/911 929/1177/911
f 928/1176/911 936/1184/911 935/1183/911 927/1175/911
f 927/1175/911 935/1183/911 942/1190/911 934/1182/911
f 933/1181/911 941/1189/911 940/1188/911 932/1180/911
f 931/1179/911 939/1187/911 938/1186/911 930/1178/911
f 929/1177/911 937/1185/911 936/1184/911 928/1176/911
f 934/1182/911 942/1190/911 941/1189/911 933/1181/911
f 935/1183/912 943/1191/912 950/1198/912 942/1190/912
f 941/1189/913 949/1197/913 948/1196/913 940/1188/913
f 939/1187/914 947/1195/914 946/1194/914 938/1186/914
f 937/1185/915 945/1193/915 944/1192/915 936/1184/915
f 942/1190/916 950/1198/916 949/1197/916 941/1189/916
f 940/1188/917 948/1196/917 947/1195/917 939/1187/917
f 938/1186/918 946/1194/918 945/1193/918 937/1185/918
f 936/1184/919 944/1192/919 943/1191/919 935/1183/919
f 946/1194/920 951/1199/920 945/1193/920
f 944/1192/921 951/1199/921 943/1191/921
f 943/1191/911 951/1199/911 950/1198/911
f 949/1197/911 951/1199/911 948/1196/911
f 947/1195/911 951/1199/911 946/1194/911
f 945/1193/911 951/1199/911 944/1192/911
f 950/1198/920 951/1199/920 949/1197/920
f 948/1196/921 951/1199/921 947/1195/921
f 1402/1772/1338 1403/1773/1338 1405/1778/1338 1404/1775/1338
f 1405/1778/1339 1403/1773/1339 1406/1780/1339 1407/1782/1339
f 1407/1782/1340 1406/1780/1340 1408/1784/1340 1409/1786/1340
f 1411/1790/1341 1410/1788/1341 1403/1773/1341 1402/1772/1341
f 1402/1772/1461 1404/1775/1461 1556/1988/1461 1555/1986/1461
f 1556/1988/1462 1558/1992/1462 1557/1990/1462 1555/1986/1462
f 1558/1992/1463 1560/1996/1463 1559/1994/1463 1557/1990/1463
f 1411/1790/1464 1402/1772/1464 1555/1986/1464 1561/1998/1464
